/*******************************************************************************
 * Size: 40 px
 * Bpp: 1
 * Opts: --bpp 1 --size 40 --font C:/Users/kimiya/SquareLine/assets/Vazir.ttf -o C:/Users/kimiya/SquareLine/assets\ui_font_vazir40.c --format lvgl -r 0x20-0x7f -r 0x600-0x6ff --symbols دنیا --no-compress --no-prefilter
 ******************************************************************************/

#include "../ui.h"

#ifndef UI_FONT_VAZIR40
#define UI_FONT_VAZIR40 1
#endif

#if UI_FONT_VAZIR40

/*-----------------
 *    BITMAPS
 *----------------*/

/*Store the image of the glyphs*/
static LV_ATTRIBUTE_LARGE_CONST const uint8_t glyph_bitmap[] = {
    /* U+0020 " " */
    0x0,

    /* U+0021 "!" */
    0x7b, 0xde, 0xf7, 0xbd, 0xef, 0x7b, 0xde, 0xf7,
    0xbd, 0xef, 0x7b, 0xde, 0x0, 0x0, 0x0, 0x77,
    0xff, 0xf7, 0x0,

    /* U+0022 "\"" */
    0xe7, 0xe7, 0xe7, 0xe7, 0xe7, 0xe7, 0xe7, 0xe7,
    0xe7, 0xc6,

    /* U+0023 "#" */
    0x0, 0x60, 0xe0, 0x1, 0x83, 0x80, 0xe, 0xe,
    0x0, 0x38, 0x30, 0x0, 0xe0, 0xc0, 0x3, 0x7,
    0x0, 0xc, 0x1c, 0x0, 0x70, 0x70, 0x3f, 0xff,
    0xfc, 0xff, 0xff, 0xf3, 0xff, 0xff, 0xc0, 0x60,
    0xe0, 0x1, 0x83, 0x80, 0xe, 0xe, 0x0, 0x38,
    0x30, 0x0, 0xe0, 0xc0, 0x3, 0x7, 0x0, 0xc,
    0x1c, 0xf, 0xff, 0xff, 0x3f, 0xff, 0xfc, 0xff,
    0xff, 0xf0, 0x1c, 0x18, 0x0, 0x60, 0xe0, 0x1,
    0x83, 0x80, 0xe, 0xe, 0x0, 0x38, 0x30, 0x0,
    0xe0, 0xc0, 0x3, 0x87, 0x0, 0xc, 0x1c, 0x0,

    /* U+0024 "$" */
    0x0, 0xe0, 0x0, 0x38, 0x0, 0xe, 0x0, 0x3,
    0x80, 0x3, 0xf8, 0x3, 0xff, 0x81, 0xff, 0xf0,
    0xf8, 0x7e, 0x3c, 0x7, 0x9e, 0x1, 0xe7, 0x80,
    0x3d, 0xe0, 0xf, 0x78, 0x3, 0xde, 0x0, 0x7,
    0xc0, 0x0, 0xf8, 0x0, 0x3f, 0x0, 0x7, 0xf8,
    0x0, 0xff, 0x80, 0xf, 0xf8, 0x0, 0xff, 0x0,
    0xf, 0xe0, 0x0, 0xf8, 0x0, 0x1f, 0x0, 0x3,
    0xfc, 0x0, 0xff, 0x0, 0x3f, 0xc0, 0xf, 0xf8,
    0x3, 0xde, 0x1, 0xe7, 0xe1, 0xf8, 0xff, 0xfc,
    0x1f, 0xfe, 0x1, 0xff, 0x0, 0xe, 0x0, 0x3,
    0x80, 0x0, 0xe0, 0x0, 0x38, 0x0,

    /* U+0025 "%" */
    0x1f, 0x80, 0x0, 0xf, 0xf0, 0x0, 0x7, 0xfe,
    0x0, 0x3, 0xc3, 0xc0, 0x0, 0xe0, 0x70, 0x30,
    0x38, 0x1c, 0xc, 0xe, 0x7, 0x7, 0x3, 0x81,
    0xc3, 0x80, 0xe0, 0x70, 0xc0, 0x3c, 0x3c, 0x70,
    0x7, 0xfe, 0x38, 0x0, 0xff, 0xc, 0x0, 0x1f,
    0x87, 0x0, 0x0, 0x3, 0x80, 0x0, 0x0, 0xc0,
    0x0, 0x0, 0x71, 0xf8, 0x0, 0x38, 0xff, 0x0,
    0xc, 0x7f, 0xe0, 0x7, 0x1c, 0x38, 0x3, 0x8e,
    0x7, 0x0, 0xe3, 0x81, 0xc0, 0x70, 0xe0, 0x70,
    0x38, 0x38, 0x1c, 0xe, 0xe, 0x7, 0x7, 0x3,
    0x81, 0xc0, 0x80, 0x70, 0xe0, 0x0, 0x1f, 0xf8,
    0x0, 0x3, 0xfc, 0x0, 0x0, 0x7e, 0x0,

    /* U+0026 "&" */
    0x3, 0xf8, 0x0, 0xf, 0xfc, 0x0, 0x7f, 0xfc,
    0x0, 0xf8, 0xf8, 0x3, 0xe0, 0x78, 0x7, 0x80,
    0xf0, 0xf, 0x1, 0xe0, 0x1e, 0x3, 0xc0, 0x3c,
    0xf, 0x0, 0x3c, 0x3e, 0x0, 0x78, 0xf8, 0x0,
    0x7b, 0xe0, 0x0, 0x7f, 0x80, 0x0, 0xfc, 0x0,
    0x3, 0xf8, 0x0, 0xf, 0xf8, 0x0, 0x3e, 0xf8,
    0x78, 0xf8, 0xf0, 0xf1, 0xe0, 0xf1, 0xe7, 0x80,
    0xf3, 0xcf, 0x0, 0xf7, 0x1e, 0x0, 0xfe, 0x3c,
    0x0, 0xf8, 0x7c, 0x0, 0xe0, 0x78, 0x3, 0xe0,
    0xfc, 0x1f, 0xe0, 0xff, 0xff, 0xc0, 0xff, 0xf3,
    0xc0, 0x3f, 0x83, 0xc0,

    /* U+0027 "'" */
    0xff, 0xff, 0xff, 0xe0,

    /* U+0028 "(" */
    0x0, 0x40, 0x18, 0x7, 0x81, 0xe0, 0x78, 0xe,
    0x3, 0x80, 0xf0, 0x1c, 0x7, 0x80, 0xf0, 0x1c,
    0x7, 0x80, 0xf0, 0x1e, 0x7, 0x80, 0xf0, 0x1e,
    0x3, 0xc0, 0x78, 0xf, 0x1, 0xe0, 0x3c, 0x7,
    0x80, 0xf0, 0x1e, 0x3, 0xc0, 0x3c, 0x7, 0x80,
    0xf0, 0x1e, 0x1, 0xc0, 0x3c, 0x7, 0x80, 0x78,
    0x7, 0x0, 0xf0, 0xe, 0x0, 0xe0, 0x1e, 0x1,
    0xe0, 0x8,

    /* U+0029 ")" */
    0x40, 0xc, 0x3, 0xc0, 0x3c, 0x3, 0xc0, 0x38,
    0x3, 0x80, 0x78, 0x7, 0x0, 0xf0, 0x1e, 0x1,
    0xc0, 0x3c, 0x7, 0x80, 0xf0, 0xe, 0x1, 0xe0,
    0x3c, 0x7, 0x80, 0xf0, 0x1e, 0x3, 0xc0, 0x78,
    0xf, 0x1, 0xe0, 0x3c, 0x7, 0x80, 0xe0, 0x3c,
    0x7, 0x80, 0xf0, 0x1c, 0x7, 0x80, 0xe0, 0x3c,
    0x7, 0x1, 0xe0, 0x38, 0xe, 0x3, 0xc0, 0xf0,
    0x8, 0x0,

    /* U+002A "*" */
    0x1, 0xc0, 0x0, 0xe0, 0x0, 0x70, 0x0, 0x38,
    0x0, 0x1c, 0x3, 0xe, 0x19, 0xf7, 0x7d, 0xff,
    0xff, 0x1f, 0xfc, 0x1, 0xf0, 0x1, 0xf8, 0x0,
    0xee, 0x0, 0xe7, 0x80, 0xf1, 0xc0, 0x70, 0xf0,
    0x38, 0x38, 0x8, 0x8, 0x0,

    /* U+002B "+" */
    0x0, 0xf0, 0x0, 0x1e, 0x0, 0x3, 0xc0, 0x0,
    0x78, 0x0, 0xf, 0x0, 0x1, 0xe0, 0x0, 0x3c,
    0x0, 0x7, 0x80, 0x0, 0xf0, 0x1f, 0xff, 0xff,
    0xff, 0xff, 0xff, 0xff, 0xf0, 0xf, 0x0, 0x1,
    0xe0, 0x0, 0x3c, 0x0, 0x7, 0x80, 0x0, 0xf0,
    0x0, 0x1e, 0x0, 0x3, 0xc0, 0x0, 0x78, 0x0,
    0xf, 0x0,

    /* U+002C "," */
    0x3c, 0xf3, 0xcf, 0x3c, 0xf7, 0x9e, 0xf1, 0x80,

    /* U+002D "-" */
    0xff, 0xff, 0xff, 0xfc,

    /* U+002E "." */
    0x77, 0xff, 0xf7, 0x0,

    /* U+002F "/" */
    0x0, 0xe, 0x0, 0x1c, 0x0, 0x70, 0x0, 0xe0,
    0x1, 0xc0, 0x7, 0x0, 0xe, 0x0, 0x3c, 0x0,
    0x70, 0x0, 0xe0, 0x3, 0x80, 0x7, 0x0, 0xe,
    0x0, 0x38, 0x0, 0x70, 0x1, 0xc0, 0x3, 0x80,
    0x7, 0x0, 0x1c, 0x0, 0x38, 0x0, 0xf0, 0x1,
    0xc0, 0x3, 0x80, 0xe, 0x0, 0x1c, 0x0, 0x38,
    0x0, 0xe0, 0x1, 0xc0, 0x7, 0x80, 0xe, 0x0,
    0x1c, 0x0, 0x70, 0x0,

    /* U+0030 "0" */
    0x3, 0xf0, 0x3, 0xff, 0x1, 0xff, 0xe0, 0xf8,
    0x7c, 0x7c, 0xf, 0x9e, 0x1, 0xe7, 0x80, 0x7b,
    0xc0, 0xf, 0xf0, 0x3, 0xfc, 0x0, 0xff, 0x0,
    0x3f, 0xc0, 0xf, 0xf0, 0x3, 0xfc, 0x0, 0xff,
    0x0, 0x3f, 0xc0, 0xf, 0xf0, 0x3, 0xfc, 0x0,
    0xff, 0x0, 0x3f, 0xc0, 0xf, 0xf0, 0x3, 0xfc,
    0x0, 0xf7, 0x80, 0x79, 0xe0, 0x1e, 0x7c, 0xf,
    0x8f, 0x87, 0xc1, 0xff, 0xe0, 0x3f, 0xf0, 0x3,
    0xf0, 0x0,

    /* U+0031 "1" */
    0x0, 0x30, 0x1f, 0xf, 0xf3, 0xff, 0xff, 0xff,
    0x8f, 0xe0, 0xf0, 0xf, 0x0, 0xf0, 0xf, 0x0,
    0xf0, 0xf, 0x0, 0xf0, 0xf, 0x0, 0xf0, 0xf,
    0x0, 0xf0, 0xf, 0x0, 0xf0, 0xf, 0x0, 0xf0,
    0xf, 0x0, 0xf0, 0xf, 0x0, 0xf0, 0xf, 0x0,
    0xf0, 0xf, 0x0, 0xf0,

    /* U+0032 "2" */
    0x3, 0xf8, 0x1, 0xff, 0xc0, 0xff, 0xfc, 0x1f,
    0xf, 0xc7, 0x80, 0x78, 0xf0, 0xf, 0xbc, 0x0,
    0xf7, 0x80, 0x1e, 0xf0, 0x3, 0xc0, 0x0, 0x78,
    0x0, 0xe, 0x0, 0x3, 0xc0, 0x0, 0xf8, 0x0,
    0x1e, 0x0, 0x7, 0x80, 0x1, 0xf0, 0x0, 0x7c,
    0x0, 0x1f, 0x0, 0x7, 0xc0, 0x1, 0xf0, 0x0,
    0x7c, 0x0, 0x1f, 0x0, 0x3, 0xc0, 0x0, 0xf8,
    0x0, 0x3e, 0x0, 0xf, 0x80, 0x3, 0xff, 0xff,
    0xff, 0xff, 0xff, 0xff, 0xfe,

    /* U+0033 "3" */
    0x3, 0xf8, 0x7, 0xff, 0x83, 0xff, 0xf1, 0xf8,
    0x3e, 0x78, 0x7, 0xbc, 0x0, 0xff, 0x0, 0x3c,
    0x0, 0xf, 0x0, 0x3, 0xc0, 0x0, 0xf0, 0x0,
    0x78, 0x0, 0x7c, 0x3, 0xfe, 0x0, 0xfe, 0x0,
    0x3f, 0xe0, 0x0, 0x7c, 0x0, 0x7, 0x80, 0x1,
    0xf0, 0x0, 0x3c, 0x0, 0xf, 0x0, 0x3, 0xfc,
    0x0, 0xff, 0x0, 0x3f, 0xe0, 0x1f, 0x78, 0x7,
    0x9f, 0x87, 0xe3, 0xff, 0xf0, 0x7f, 0xf0, 0x3,
    0xf0, 0x0,

    /* U+0034 "4" */
    0x0, 0xf, 0x80, 0x0, 0x7c, 0x0, 0x7, 0xe0,
    0x0, 0x3f, 0x0, 0x3, 0xf8, 0x0, 0x3f, 0xc0,
    0x1, 0xde, 0x0, 0x1c, 0xf0, 0x1, 0xe7, 0x80,
    0xe, 0x3c, 0x0, 0xf1, 0xe0, 0xf, 0xf, 0x0,
    0x70, 0x78, 0x7, 0x83, 0xc0, 0x78, 0x1e, 0x3,
    0x80, 0xf0, 0x3c, 0x7, 0x83, 0xc0, 0x3c, 0x1c,
    0x1, 0xe1, 0xff, 0xff, 0xff, 0xff, 0xff, 0xff,
    0xff, 0xfc, 0x0, 0x1e, 0x0, 0x0, 0xf0, 0x0,
    0x7, 0x80, 0x0, 0x3c, 0x0, 0x1, 0xe0, 0x0,
    0xf, 0x0, 0x0, 0x78, 0x0,

    /* U+0035 "5" */
    0x3f, 0xff, 0x8f, 0xff, 0xe3, 0xff, 0xf8, 0xe0,
    0x0, 0x38, 0x0, 0xe, 0x0, 0x3, 0x80, 0x1,
    0xe0, 0x0, 0x78, 0x0, 0x1e, 0x0, 0x7, 0x3f,
    0x1, 0xff, 0xf0, 0x7f, 0xff, 0x1f, 0x7, 0xc3,
    0x0, 0xf8, 0x0, 0x1e, 0x0, 0x7, 0xc0, 0x0,
    0xf0, 0x0, 0x3c, 0x0, 0xf, 0x0, 0x3, 0xf8,
    0x0, 0xff, 0x0, 0x3f, 0xc0, 0x1e, 0x78, 0xf,
    0x9f, 0x7, 0xc3, 0xff, 0xf0, 0x7f, 0xf0, 0x7,
    0xf0, 0x0,

    /* U+0036 "6" */
    0x0, 0x7c, 0x0, 0x7f, 0x0, 0x7f, 0xc0, 0x3f,
    0x0, 0x1f, 0x0, 0xf, 0x80, 0x3, 0xc0, 0x1,
    0xe0, 0x0, 0x78, 0x0, 0x1e, 0x0, 0x7, 0x1f,
    0x83, 0xdf, 0xf8, 0xff, 0xff, 0x3f, 0x87, 0xcf,
    0xc0, 0xfb, 0xe0, 0x1e, 0xf0, 0x3, 0xfc, 0x0,
    0xff, 0x0, 0x3f, 0xc0, 0xf, 0xf0, 0x3, 0xfc,
    0x0, 0xf7, 0x80, 0x3d, 0xe0, 0x1e, 0x3c, 0xf,
    0x8f, 0x87, 0xc1, 0xff, 0xe0, 0x3f, 0xf0, 0x3,
    0xf0, 0x0,

    /* U+0037 "7" */
    0xff, 0xff, 0xff, 0xff, 0xff, 0xff, 0xff, 0x80,
    0x0, 0xe0, 0x0, 0x1c, 0x0, 0x7, 0x80, 0x0,
    0xe0, 0x0, 0x3c, 0x0, 0x7, 0x0, 0x1, 0xe0,
    0x0, 0x38, 0x0, 0xf, 0x0, 0x1, 0xc0, 0x0,
    0x38, 0x0, 0xf, 0x0, 0x1, 0xc0, 0x0, 0x78,
    0x0, 0xe, 0x0, 0x3, 0xc0, 0x0, 0x70, 0x0,
    0x1e, 0x0, 0x3, 0xc0, 0x0, 0xf0, 0x0, 0x1e,
    0x0, 0x3, 0x80, 0x0, 0xf0, 0x0, 0x1c, 0x0,
    0x7, 0x80, 0x0, 0xf0, 0x0,

    /* U+0038 "8" */
    0x7, 0xf8, 0x7, 0xff, 0x83, 0xff, 0xf1, 0xf8,
    0x7e, 0x78, 0x7, 0xbc, 0x0, 0xff, 0x0, 0x3f,
    0xc0, 0xf, 0xf0, 0x3, 0xfc, 0x0, 0xf7, 0x80,
    0x78, 0xf8, 0x7c, 0x1f, 0xfe, 0x3, 0xfe, 0x1,
    0xff, 0xe0, 0xf8, 0x7c, 0x78, 0x7, 0x9e, 0x1,
    0xef, 0x0, 0x3f, 0xc0, 0xf, 0xf0, 0x3, 0xfc,
    0x0, 0xff, 0x0, 0x3f, 0xe0, 0x1f, 0x78, 0x7,
    0x9f, 0x87, 0xe3, 0xff, 0xf0, 0x7f, 0xf0, 0x3,
    0xf0, 0x0,

    /* U+0039 "9" */
    0x3, 0xf0, 0x3, 0xff, 0x1, 0xff, 0xe0, 0xf8,
    0x7c, 0x7c, 0xf, 0x1e, 0x1, 0xef, 0x0, 0x7b,
    0xc0, 0xf, 0xf0, 0x3, 0xfc, 0x0, 0xff, 0x0,
    0x3f, 0xc0, 0xf, 0xf0, 0x3, 0xde, 0x1, 0xf7,
    0xc0, 0xfc, 0xf8, 0x7f, 0x3f, 0xff, 0xc7, 0xfc,
    0xf0, 0x7e, 0x3c, 0x0, 0xe, 0x0, 0x7, 0x80,
    0x1, 0xe0, 0x0, 0xf0, 0x0, 0x3c, 0x0, 0x3e,
    0x0, 0x3f, 0x0, 0xff, 0x80, 0x3f, 0xc0, 0xf,
    0x80, 0x0,

    /* U+003A ":" */
    0x77, 0xff, 0xf7, 0x0, 0x0, 0x0, 0x0, 0x0,
    0x0, 0x0, 0x0, 0x1d, 0xff, 0xfd, 0xc0,

    /* U+003B ";" */
    0x1c, 0x7c, 0xf9, 0xf1, 0xc0, 0x0, 0x0, 0x0,
    0x0, 0x0, 0x0, 0x0, 0x0, 0x0, 0x0, 0x0,
    0xf1, 0xe3, 0xc7, 0x8f, 0x1e, 0x78, 0xf1, 0xc7,
    0x0, 0x0,

    /* U+003C "<" */
    0x0, 0x1, 0x0, 0x7, 0x0, 0x1f, 0x0, 0x7f,
    0x1, 0xfe, 0xf, 0xf0, 0x3f, 0xc0, 0xff, 0x0,
    0xf8, 0x0, 0xf8, 0x0, 0xfe, 0x0, 0x3f, 0xc0,
    0xf, 0xf0, 0x3, 0xfc, 0x0, 0xff, 0x0, 0x3f,
    0x0, 0x7, 0x0, 0x1,

    /* U+003D "=" */
    0xff, 0xff, 0xff, 0xff, 0xff, 0xff, 0x0, 0x0,
    0x0, 0x0, 0x0, 0x0, 0x0, 0x0, 0x0, 0x0,
    0xff, 0xff, 0xff, 0xff, 0xff, 0xff,

    /* U+003E ">" */
    0x80, 0x0, 0x70, 0x0, 0x3e, 0x0, 0x1f, 0xe0,
    0x3, 0xfc, 0x0, 0x7f, 0x80, 0x7, 0xf0, 0x0,
    0xfe, 0x0, 0xf, 0x80, 0x7, 0xc0, 0x1f, 0xe0,
    0x3f, 0x80, 0xff, 0x1, 0xfe, 0x3, 0xfc, 0x1,
    0xf8, 0x0, 0xe0, 0x0, 0x40, 0x0, 0x0,

    /* U+003F "?" */
    0x7, 0xe0, 0x1f, 0xf8, 0x3f, 0xfc, 0x7c, 0x3e,
    0xf8, 0x1f, 0xf0, 0xf, 0xf0, 0xf, 0x0, 0xf,
    0x0, 0xf, 0x0, 0xf, 0x0, 0x1e, 0x0, 0x3e,
    0x0, 0x7c, 0x0, 0xf8, 0x1, 0xf0, 0x3, 0xe0,
    0x3, 0xc0, 0x7, 0xc0, 0x7, 0x80, 0x7, 0x80,
    0x7, 0x80, 0x0, 0x0, 0x0, 0x0, 0x0, 0x0,
    0x0, 0x0, 0x3, 0x0, 0x7, 0x80, 0x7, 0x80,
    0x3, 0x0,

    /* U+0040 "@" */
    0x0, 0x7, 0xf8, 0x0, 0x0, 0x3f, 0xff, 0x0,
    0x0, 0xff, 0xff, 0x80, 0x1, 0xf8, 0xf, 0xe0,
    0x3, 0xc0, 0x1, 0xf0, 0x7, 0x80, 0x0, 0xf0,
    0xf, 0x0, 0x0, 0x38, 0x1e, 0x0, 0x0, 0x3c,
    0x1c, 0x0, 0x0, 0x1c, 0x38, 0x1, 0xf0, 0x1e,
    0x38, 0x7, 0xf8, 0xe, 0x70, 0xf, 0xfc, 0xe,
    0x70, 0x1e, 0x1c, 0xe, 0x70, 0x1c, 0x1c, 0x7,
    0xe0, 0x38, 0x1c, 0x7, 0xe0, 0x38, 0x1c, 0x7,
    0xe0, 0x70, 0x1c, 0x7, 0xe0, 0x70, 0x1c, 0x7,
    0xe0, 0x70, 0x1c, 0x7, 0xe0, 0x70, 0x1c, 0x7,
    0xe0, 0xf0, 0x1c, 0x7, 0xe0, 0xf0, 0x1c, 0x7,
    0xe0, 0xe0, 0x18, 0x7, 0xe0, 0xf0, 0x38, 0xe,
    0xe0, 0xf0, 0x38, 0xe, 0x70, 0x70, 0x7c, 0x1e,
    0x70, 0x78, 0xfc, 0x3c, 0x70, 0x7f, 0xdf, 0xf8,
    0x78, 0x3f, 0x8f, 0xf0, 0x38, 0x1f, 0x7, 0xe0,
    0x3c, 0x0, 0x0, 0x0, 0x1e, 0x0, 0x0, 0x0,
    0x1f, 0x0, 0x0, 0x0, 0xf, 0x80, 0x0, 0x0,
    0x7, 0xf0, 0x1c, 0x0, 0x1, 0xff, 0xfc, 0x0,
    0x0, 0xff, 0xf8, 0x0, 0x0, 0x1f, 0xe0, 0x0,

    /* U+0041 "A" */
    0x0, 0x3c, 0x0, 0x0, 0x1e, 0x0, 0x0, 0x1f,
    0x80, 0x0, 0xf, 0xc0, 0x0, 0x7, 0xe0, 0x0,
    0x7, 0xf8, 0x0, 0x3, 0x9c, 0x0, 0x1, 0xcf,
    0x0, 0x1, 0xe7, 0x80, 0x0, 0xe1, 0xc0, 0x0,
    0xf0, 0xf0, 0x0, 0x78, 0x38, 0x0, 0x38, 0x1c,
    0x0, 0x3c, 0xf, 0x0, 0x1c, 0x3, 0x80, 0xe,
    0x1, 0xe0, 0xf, 0x0, 0xf0, 0x7, 0x0, 0x38,
    0x7, 0xff, 0xfe, 0x3, 0xff, 0xff, 0x1, 0xff,
    0xff, 0x81, 0xe0, 0x1, 0xe0, 0xf0, 0x0, 0x70,
    0x70, 0x0, 0x3c, 0x78, 0x0, 0x1e, 0x3c, 0x0,
    0x7, 0x3c, 0x0, 0x3, 0xde, 0x0, 0x1, 0xef,
    0x0, 0x0, 0x70,

    /* U+0042 "B" */
    0xff, 0xfc, 0x1f, 0xff, 0xe3, 0xff, 0xfe, 0x78,
    0x3, 0xef, 0x0, 0x3d, 0xe0, 0x3, 0xfc, 0x0,
    0x7f, 0x80, 0xf, 0xf0, 0x1, 0xfe, 0x0, 0x3f,
    0xc0, 0xf, 0x78, 0x7, 0xcf, 0xff, 0xf1, 0xff,
    0xfc, 0x3f, 0xff, 0xe7, 0x80, 0x7e, 0xf0, 0x3,
    0xde, 0x0, 0x7f, 0xc0, 0x7, 0xf8, 0x0, 0xff,
    0x0, 0x1f, 0xe0, 0x3, 0xfc, 0x0, 0x7f, 0x80,
    0x1f, 0xf0, 0x3, 0xde, 0x1, 0xfb, 0xff, 0xfe,
    0x7f, 0xff, 0x8f, 0xff, 0x80,

    /* U+0043 "C" */
    0x0, 0xfe, 0x0, 0xf, 0xff, 0x0, 0xff, 0xfe,
    0x7, 0xe0, 0x7c, 0x3e, 0x0, 0xf8, 0xf0, 0x1,
    0xe7, 0x80, 0x3, 0x9e, 0x0, 0xf, 0x78, 0x0,
    0x3f, 0xc0, 0x0, 0xf, 0x0, 0x0, 0x3c, 0x0,
    0x0, 0xf0, 0x0, 0x3, 0xc0, 0x0, 0xf, 0x0,
    0x0, 0x3c, 0x0, 0x0, 0xf0, 0x0, 0x3, 0xc0,
    0x0, 0xf, 0x0, 0x0, 0x3c, 0x0, 0x0, 0x78,
    0x0, 0x3d, 0xe0, 0x0, 0xf7, 0x80, 0x3, 0x8f,
    0x0, 0x1e, 0x3e, 0x0, 0xf8, 0x7e, 0x7, 0xc0,
    0xff, 0xfe, 0x1, 0xff, 0xe0, 0x0, 0xfe, 0x0,

    /* U+0044 "D" */
    0xff, 0xf0, 0x7, 0xff, 0xf0, 0x3f, 0xff, 0xc1,
    0xe0, 0x3f, 0xf, 0x0, 0x7c, 0x78, 0x1, 0xf3,
    0xc0, 0x7, 0x9e, 0x0, 0x1e, 0xf0, 0x0, 0xf7,
    0x80, 0x7, 0xfc, 0x0, 0x1f, 0xe0, 0x0, 0xff,
    0x0, 0x7, 0xf8, 0x0, 0x3f, 0xc0, 0x1, 0xfe,
    0x0, 0xf, 0xf0, 0x0, 0x7f, 0x80, 0x3, 0xfc,
    0x0, 0x1f, 0xe0, 0x1, 0xff, 0x0, 0xf, 0x78,
    0x0, 0x7b, 0xc0, 0x7, 0x9e, 0x0, 0x7c, 0xf0,
    0x7, 0xc7, 0x80, 0xfc, 0x3f, 0xff, 0xc1, 0xff,
    0xfc, 0xf, 0xff, 0x0, 0x0,

    /* U+0045 "E" */
    0xff, 0xff, 0xff, 0xff, 0xff, 0xff, 0xff, 0xc0,
    0x0, 0xf0, 0x0, 0x3c, 0x0, 0xf, 0x0, 0x3,
    0xc0, 0x0, 0xf0, 0x0, 0x3c, 0x0, 0xf, 0x0,
    0x3, 0xc0, 0x0, 0xff, 0xff, 0x3f, 0xff, 0xcf,
    0xff, 0xf3, 0xc0, 0x0, 0xf0, 0x0, 0x3c, 0x0,
    0xf, 0x0, 0x3, 0xc0, 0x0, 0xf0, 0x0, 0x3c,
    0x0, 0xf, 0x0, 0x3, 0xc0, 0x0, 0xf0, 0x0,
    0x3c, 0x0, 0xf, 0xff, 0xff, 0xff, 0xff, 0xff,
    0xff, 0xc0,

    /* U+0046 "F" */
    0xff, 0xff, 0xff, 0xff, 0xff, 0xff, 0xff, 0xc0,
    0x0, 0xf0, 0x0, 0x3c, 0x0, 0xf, 0x0, 0x3,
    0xc0, 0x0, 0xf0, 0x0, 0x3c, 0x0, 0xf, 0x0,
    0x3, 0xc0, 0x0, 0xf0, 0x0, 0x3f, 0xff, 0xcf,
    0xff, 0xf3, 0xff, 0xfc, 0xf0, 0x0, 0x3c, 0x0,
    0xf, 0x0, 0x3, 0xc0, 0x0, 0xf0, 0x0, 0x3c,
    0x0, 0xf, 0x0, 0x3, 0xc0, 0x0, 0xf0, 0x0,
    0x3c, 0x0, 0xf, 0x0, 0x3, 0xc0, 0x0, 0xf0,
    0x0, 0x0,

    /* U+0047 "G" */
    0x0, 0xfe, 0x0, 0x1f, 0xff, 0x0, 0xff, 0xfe,
    0x7, 0xe0, 0xfc, 0x3e, 0x0, 0xf8, 0xf0, 0x1,
    0xe7, 0x80, 0x7, 0xde, 0x0, 0xf, 0x78, 0x0,
    0x3, 0xc0, 0x0, 0xf, 0x0, 0x0, 0x3c, 0x0,
    0x0, 0xf0, 0x0, 0x3, 0xc0, 0x0, 0xf, 0x0,
    0xff, 0xfc, 0x3, 0xff, 0xf0, 0xf, 0xff, 0xc0,
    0x0, 0xff, 0x0, 0x3, 0xfc, 0x0, 0xf, 0x78,
    0x0, 0x3d, 0xe0, 0x0, 0xf7, 0xc0, 0x3, 0xcf,
    0x0, 0xf, 0x1e, 0x0, 0x7c, 0x7e, 0x7, 0xf0,
    0xff, 0xff, 0x80, 0xff, 0xf8, 0x0, 0xff, 0x0,

    /* U+0048 "H" */
    0xf0, 0x0, 0x3f, 0xc0, 0x0, 0xff, 0x0, 0x3,
    0xfc, 0x0, 0xf, 0xf0, 0x0, 0x3f, 0xc0, 0x0,
    0xff, 0x0, 0x3, 0xfc, 0x0, 0xf, 0xf0, 0x0,
    0x3f, 0xc0, 0x0, 0xff, 0x0, 0x3, 0xfc, 0x0,
    0xf, 0xff, 0xff, 0xff, 0xff, 0xff, 0xff, 0xff,
    0xff, 0xfc, 0x0, 0xf, 0xf0, 0x0, 0x3f, 0xc0,
    0x0, 0xff, 0x0, 0x3, 0xfc, 0x0, 0xf, 0xf0,
    0x0, 0x3f, 0xc0, 0x0, 0xff, 0x0, 0x3, 0xfc,
    0x0, 0xf, 0xf0, 0x0, 0x3f, 0xc0, 0x0, 0xff,
    0x0, 0x3, 0xfc, 0x0, 0xf, 0xf0, 0x0, 0x3c,

    /* U+0049 "I" */
    0xff, 0xff, 0xff, 0xff, 0xff, 0xff, 0xff, 0xff,
    0xff, 0xff, 0xff, 0xff, 0xff, 0xff, 0xf0,

    /* U+004A "J" */
    0x0, 0x3, 0xc0, 0x0, 0xf0, 0x0, 0x3c, 0x0,
    0xf, 0x0, 0x3, 0xc0, 0x0, 0xf0, 0x0, 0x3c,
    0x0, 0xf, 0x0, 0x3, 0xc0, 0x0, 0xf0, 0x0,
    0x3c, 0x0, 0xf, 0x0, 0x3, 0xc0, 0x0, 0xf0,
    0x0, 0x3c, 0x0, 0xf, 0x0, 0x3, 0xc0, 0x0,
    0xf0, 0x0, 0x3c, 0x0, 0xf, 0x0, 0x3, 0xfc,
    0x0, 0xff, 0x0, 0x3f, 0xe0, 0x1f, 0x78, 0x7,
    0x9f, 0x87, 0xe3, 0xff, 0xf0, 0x7f, 0xf0, 0x7,
    0xf0, 0x0,

    /* U+004B "K" */
    0xf0, 0x0, 0xfb, 0xc0, 0x7, 0xcf, 0x0, 0x3e,
    0x3c, 0x0, 0xf0, 0xf0, 0x7, 0x83, 0xc0, 0x3c,
    0xf, 0x1, 0xf0, 0x3c, 0xf, 0x80, 0xf0, 0x7c,
    0x3, 0xc3, 0xe0, 0xf, 0x1f, 0x0, 0x3c, 0xf8,
    0x0, 0xf3, 0xc0, 0x3, 0xdf, 0x80, 0xf, 0xfe,
    0x0, 0x3f, 0xfc, 0x0, 0xfe, 0xf8, 0x3, 0xf1,
    0xe0, 0xf, 0x83, 0xc0, 0x3c, 0xf, 0x80, 0xf0,
    0x1f, 0x3, 0xc0, 0x3c, 0xf, 0x0, 0x78, 0x3c,
    0x1, 0xf0, 0xf0, 0x3, 0xe3, 0xc0, 0x7, 0x8f,
    0x0, 0xf, 0x3c, 0x0, 0x3e, 0xf0, 0x0, 0x7c,

    /* U+004C "L" */
    0xf0, 0x0, 0x3c, 0x0, 0xf, 0x0, 0x3, 0xc0,
    0x0, 0xf0, 0x0, 0x3c, 0x0, 0xf, 0x0, 0x3,
    0xc0, 0x0, 0xf0, 0x0, 0x3c, 0x0, 0xf, 0x0,
    0x3, 0xc0, 0x0, 0xf0, 0x0, 0x3c, 0x0, 0xf,
    0x0, 0x3, 0xc0, 0x0, 0xf0, 0x0, 0x3c, 0x0,
    0xf, 0x0, 0x3, 0xc0, 0x0, 0xf0, 0x0, 0x3c,
    0x0, 0xf, 0x0, 0x3, 0xc0, 0x0, 0xf0, 0x0,
    0x3c, 0x0, 0xf, 0xff, 0xff, 0xff, 0xff, 0xff,
    0xff, 0xc0,

    /* U+004D "M" */
    0xf8, 0x0, 0x0, 0xff, 0xe0, 0x0, 0xf, 0xff,
    0x0, 0x0, 0x7f, 0xfc, 0x0, 0x7, 0xff, 0xe0,
    0x0, 0x3f, 0xff, 0x0, 0x1, 0xff, 0xfc, 0x0,
    0x1f, 0xfe, 0xe0, 0x0, 0xef, 0xf7, 0x80, 0xf,
    0x7f, 0x9c, 0x0, 0x73, 0xfc, 0xe0, 0x3, 0x9f,
    0xe7, 0x80, 0x3c, 0xff, 0x1c, 0x1, 0xc7, 0xf8,
    0xf0, 0x1e, 0x3f, 0xc7, 0x80, 0xf1, 0xfe, 0x1c,
    0x7, 0xf, 0xf0, 0xf0, 0x78, 0x7f, 0x83, 0x83,
    0x83, 0xfc, 0x1c, 0x3c, 0x1f, 0xe0, 0xf1, 0xe0,
    0xff, 0x3, 0x8e, 0x7, 0xf8, 0x1e, 0xf0, 0x3f,
    0xc0, 0x77, 0x1, 0xfe, 0x3, 0xb8, 0xf, 0xf0,
    0x1f, 0xc0, 0x7f, 0x80, 0x7c, 0x3, 0xfc, 0x3,
    0xe0, 0x1f, 0xe0, 0x1f, 0x0, 0xff, 0x0, 0x70,
    0x7, 0x80,

    /* U+004E "N" */
    0xf0, 0x0, 0x3f, 0xe0, 0x0, 0xff, 0xc0, 0x3,
    0xff, 0x0, 0xf, 0xfe, 0x0, 0x3f, 0xf8, 0x0,
    0xff, 0xf0, 0x3, 0xfd, 0xe0, 0xf, 0xf7, 0x80,
    0x3f, 0xcf, 0x0, 0xff, 0x3e, 0x3, 0xfc, 0x78,
    0xf, 0xf0, 0xf0, 0x3f, 0xc3, 0xc0, 0xff, 0x7,
    0x83, 0xfc, 0xf, 0xf, 0xf0, 0x3c, 0x3f, 0xc0,
    0x78, 0xff, 0x1, 0xf3, 0xfc, 0x3, 0xcf, 0xf0,
    0x7, 0xbf, 0xc0, 0x1e, 0xff, 0x0, 0x3f, 0xfc,
    0x0, 0x7f, 0xf0, 0x1, 0xff, 0xc0, 0x3, 0xff,
    0x0, 0xf, 0xfc, 0x0, 0x1f, 0xf0, 0x0, 0x3c,

    /* U+004F "O" */
    0x0, 0xfe, 0x0, 0x7, 0xff, 0x0, 0x3f, 0xff,
    0x80, 0xfc, 0x1f, 0x81, 0xe0, 0xf, 0x87, 0x80,
    0xf, 0x1f, 0x0, 0x1f, 0x3c, 0x0, 0x1e, 0x78,
    0x0, 0x3d, 0xe0, 0x0, 0x3f, 0xc0, 0x0, 0x7f,
    0x80, 0x0, 0xff, 0x0, 0x1, 0xfe, 0x0, 0x3,
    0xfc, 0x0, 0x7, 0xf8, 0x0, 0xf, 0xf0, 0x0,
    0x1f, 0xe0, 0x0, 0x3f, 0xc0, 0x0, 0x7f, 0x80,
    0x0, 0xf7, 0x80, 0x3, 0xcf, 0x0, 0x7, 0x9f,
    0x0, 0xf, 0x1e, 0x0, 0x3c, 0x1e, 0x0, 0xf8,
    0x3f, 0x7, 0xe0, 0x3f, 0xff, 0x80, 0x1f, 0xfc,
    0x0, 0xf, 0xe0, 0x0,

    /* U+0050 "P" */
    0xff, 0xfe, 0x7, 0xff, 0xfc, 0x3f, 0xff, 0xf1,
    0xe0, 0x7, 0xcf, 0x0, 0x1f, 0x78, 0x0, 0x7b,
    0xc0, 0x1, 0xfe, 0x0, 0xf, 0xf0, 0x0, 0x7f,
    0x80, 0x3, 0xfc, 0x0, 0x1f, 0xe0, 0x0, 0xff,
    0x0, 0xf, 0x78, 0x0, 0xfb, 0xc0, 0xf, 0x9f,
    0xff, 0xfc, 0xff, 0xff, 0x87, 0xff, 0xf0, 0x3c,
    0x0, 0x1, 0xe0, 0x0, 0xf, 0x0, 0x0, 0x78,
    0x0, 0x3, 0xc0, 0x0, 0x1e, 0x0, 0x0, 0xf0,
    0x0, 0x7, 0x80, 0x0, 0x3c, 0x0, 0x1, 0xe0,
    0x0, 0xf, 0x0, 0x0, 0x0,

    /* U+0051 "Q" */
    0x0, 0xfe, 0x0, 0x7, 0xff, 0x0, 0x3f, 0xff,
    0x80, 0xfc, 0x1f, 0x81, 0xe0, 0xf, 0x87, 0x80,
    0xf, 0x1f, 0x0, 0xf, 0x3c, 0x0, 0x1e, 0x78,
    0x0, 0x3d, 0xe0, 0x0, 0x3f, 0xc0, 0x0, 0x7f,
    0x80, 0x0, 0xff, 0x0, 0x1, 0xfe, 0x0, 0x3,
    0xfc, 0x0, 0x7, 0xf8, 0x0, 0xf, 0xf0, 0x0,
    0x1f, 0xe0, 0x0, 0x3f, 0xc0, 0x0, 0x7f, 0x80,
    0x0, 0xf7, 0x80, 0x3, 0xcf, 0x0, 0x7, 0x9f,
    0x0, 0xf, 0x1e, 0x0, 0x3c, 0x1e, 0x0, 0xf0,
    0x3f, 0x7, 0xe0, 0x3f, 0xff, 0x80, 0x1f, 0xfe,
    0x0, 0xf, 0xff, 0x0, 0x0, 0x3f, 0x0, 0x0,
    0x1f, 0x0, 0x0, 0x1f, 0x0, 0x0, 0x1c, 0x0,
    0x0, 0x0,

    /* U+0052 "R" */
    0xff, 0xf8, 0xf, 0xff, 0xf0, 0xff, 0xff, 0x8f,
    0x0, 0xfc, 0xf0, 0x3, 0xcf, 0x0, 0x3e, 0xf0,
    0x1, 0xef, 0x0, 0x1e, 0xf0, 0x1, 0xef, 0x0,
    0x1e, 0xf0, 0x1, 0xef, 0x0, 0x3c, 0xf0, 0x7,
    0xcf, 0x0, 0xf8, 0xff, 0xff, 0xf, 0xff, 0xe0,
    0xff, 0xfc, 0xf, 0x3, 0xc0, 0xf0, 0x1e, 0xf,
    0x1, 0xe0, 0xf0, 0xf, 0xf, 0x0, 0xf0, 0xf0,
    0x7, 0x8f, 0x0, 0x78, 0xf0, 0x3, 0xcf, 0x0,
    0x3c, 0xf0, 0x1, 0xef, 0x0, 0x1e, 0xf0, 0x0,
    0xf0,

    /* U+0053 "S" */
    0x1, 0xfc, 0x0, 0x3f, 0xfc, 0x7, 0xff, 0xf0,
    0x7e, 0x7, 0xc3, 0xc0, 0x1f, 0x3c, 0x0, 0x79,
    0xe0, 0x1, 0xef, 0x0, 0xf, 0x78, 0x0, 0x7b,
    0xe0, 0x0, 0xf, 0x0, 0x0, 0x7e, 0x0, 0x1,
    0xfe, 0x0, 0x7, 0xfe, 0x0, 0xf, 0xfc, 0x0,
    0x1f, 0xf8, 0x0, 0xf, 0xe0, 0x0, 0x1f, 0x80,
    0x0, 0x3c, 0x0, 0x0, 0xff, 0x0, 0x7, 0xf8,
    0x0, 0x3f, 0xc0, 0x1, 0xef, 0x0, 0xf, 0x7c,
    0x0, 0xf1, 0xf8, 0x1f, 0x87, 0xff, 0xf8, 0xf,
    0xff, 0x0, 0x1f, 0xe0, 0x0,

    /* U+0054 "T" */
    0xff, 0xff, 0xff, 0xff, 0xff, 0xff, 0xff, 0xff,
    0xc0, 0x1e, 0x0, 0x0, 0x78, 0x0, 0x1, 0xe0,
    0x0, 0x7, 0x80, 0x0, 0x1e, 0x0, 0x0, 0x78,
    0x0, 0x1, 0xe0, 0x0, 0x7, 0x80, 0x0, 0x1e,
    0x0, 0x0, 0x78, 0x0, 0x1, 0xe0, 0x0, 0x7,
    0x80, 0x0, 0x1e, 0x0, 0x0, 0x78, 0x0, 0x1,
    0xe0, 0x0, 0x7, 0x80, 0x0, 0x1e, 0x0, 0x0,
    0x78, 0x0, 0x1, 0xe0, 0x0, 0x7, 0x80, 0x0,
    0x1e, 0x0, 0x0, 0x78, 0x0, 0x1, 0xe0, 0x0,
    0x7, 0x80, 0x0, 0x1e, 0x0, 0x0, 0x78, 0x0,

    /* U+0055 "U" */
    0xf0, 0x0, 0x7f, 0x80, 0x3, 0xfc, 0x0, 0x1f,
    0xe0, 0x0, 0xff, 0x0, 0x7, 0xf8, 0x0, 0x3f,
    0xc0, 0x1, 0xfe, 0x0, 0xf, 0xf0, 0x0, 0x7f,
    0x80, 0x3, 0xfc, 0x0, 0x1f, 0xe0, 0x0, 0xff,
    0x0, 0x7, 0xf8, 0x0, 0x3f, 0xc0, 0x1, 0xfe,
    0x0, 0xf, 0xf0, 0x0, 0x7f, 0x80, 0x3, 0xfc,
    0x0, 0x1f, 0xe0, 0x0, 0xff, 0x0, 0x7, 0xf8,
    0x0, 0x3f, 0xe0, 0x3, 0xef, 0x0, 0x1e, 0x7c,
    0x1, 0xf1, 0xf8, 0x3f, 0x7, 0xff, 0xf0, 0x1f,
    0xff, 0x0, 0x1f, 0xc0, 0x0,

    /* U+0056 "V" */
    0xf0, 0x0, 0xf, 0xf0, 0x0, 0x1e, 0xf0, 0x0,
    0x1e, 0x78, 0x0, 0x1e, 0x78, 0x0, 0x3c, 0x38,
    0x0, 0x3c, 0x3c, 0x0, 0x3c, 0x3c, 0x0, 0x78,
    0x1c, 0x0, 0x78, 0x1e, 0x0, 0x70, 0x1e, 0x0,
    0xf0, 0xf, 0x0, 0xf0, 0xf, 0x0, 0xe0, 0xf,
    0x1, 0xe0, 0x7, 0x81, 0xe0, 0x7, 0x81, 0xc0,
    0x3, 0x83, 0xc0, 0x3, 0xc3, 0xc0, 0x3, 0xc3,
    0x80, 0x1, 0xc7, 0x80, 0x1, 0xe7, 0x0, 0x1,
    0xe7, 0x0, 0x0, 0xef, 0x0, 0x0, 0xfe, 0x0,
    0x0, 0xfe, 0x0, 0x0, 0x7e, 0x0, 0x0, 0x7c,
    0x0, 0x0, 0x3c, 0x0, 0x0, 0x3c, 0x0,

    /* U+0057 "W" */
    0xf0, 0x1, 0xe0, 0x3, 0xdc, 0x0, 0x78, 0x0,
    0xe7, 0x80, 0x1e, 0x0, 0x79, 0xe0, 0xf, 0xc0,
    0x1e, 0x78, 0x3, 0xf0, 0x7, 0x9e, 0x0, 0xfc,
    0x1, 0xc3, 0x80, 0x3f, 0x0, 0xf0, 0xf0, 0x1f,
    0xe0, 0x3c, 0x3c, 0x7, 0x38, 0xf, 0xf, 0x1,
    0xce, 0x3, 0x81, 0xc0, 0xf3, 0x80, 0xe0, 0x78,
    0x3c, 0xf0, 0x78, 0x1e, 0xe, 0x1c, 0x1e, 0x7,
    0x83, 0x87, 0x7, 0x0, 0xe1, 0xe1, 0xe1, 0xc0,
    0x38, 0x70, 0x38, 0xf0, 0xf, 0x1c, 0xe, 0x3c,
    0x3, 0xc7, 0x3, 0x8e, 0x0, 0x73, 0xc0, 0xf3,
    0x80, 0x1c, 0xe0, 0x1c, 0xe0, 0x7, 0xb8, 0x7,
    0x78, 0x1, 0xfe, 0x1, 0xde, 0x0, 0x3f, 0x0,
    0x3f, 0x0, 0xf, 0xc0, 0xf, 0xc0, 0x3, 0xf0,
    0x3, 0xf0, 0x0, 0xf8, 0x0, 0xfc, 0x0, 0x3e,
    0x0, 0x1e, 0x0, 0x7, 0x80, 0x7, 0x80, 0x1,
    0xe0, 0x1, 0xe0, 0x0,

    /* U+0058 "X" */
    0x78, 0x0, 0x3e, 0xf8, 0x0, 0xf8, 0xf0, 0x1,
    0xe0, 0xf0, 0x7, 0xc1, 0xf0, 0xf, 0x1, 0xe0,
    0x3c, 0x3, 0xe0, 0xf8, 0x3, 0xc1, 0xe0, 0x3,
    0xc7, 0xc0, 0x7, 0xcf, 0x0, 0x7, 0xbc, 0x0,
    0x7, 0xf8, 0x0, 0xf, 0xe0, 0x0, 0xf, 0x80,
    0x0, 0x1f, 0x0, 0x0, 0x3f, 0x0, 0x0, 0xfe,
    0x0, 0x3, 0xfe, 0x0, 0x7, 0xbc, 0x0, 0x1e,
    0x3c, 0x0, 0x7c, 0x7c, 0x0, 0xf0, 0x78, 0x3,
    0xe0, 0x78, 0x7, 0x80, 0xf8, 0x1e, 0x0, 0xf0,
    0x7c, 0x1, 0xf0, 0xf0, 0x1, 0xe3, 0xc0, 0x1,
    0xef, 0x80, 0x3, 0xe0,

    /* U+0059 "Y" */
    0xf8, 0x0, 0x1f, 0x78, 0x0, 0x1e, 0x3c, 0x0,
    0x3c, 0x3c, 0x0, 0x3c, 0x1e, 0x0, 0x78, 0x1e,
    0x0, 0x78, 0xf, 0x0, 0xf0, 0xf, 0x0, 0xf0,
    0x7, 0x81, 0xe0, 0x7, 0x81, 0xe0, 0x3, 0xc3,
    0xc0, 0x3, 0xc3, 0xc0, 0x1, 0xe7, 0x80, 0x1,
    0xe7, 0x80, 0x0, 0xff, 0x0, 0x0, 0x7e, 0x0,
    0x0, 0x7e, 0x0, 0x0, 0x3c, 0x0, 0x0, 0x3c,
    0x0, 0x0, 0x3c, 0x0, 0x0, 0x3c, 0x0, 0x0,
    0x3c, 0x0, 0x0, 0x3c, 0x0, 0x0, 0x3c, 0x0,
    0x0, 0x3c, 0x0, 0x0, 0x3c, 0x0, 0x0, 0x3c,
    0x0, 0x0, 0x3c, 0x0, 0x0, 0x3c, 0x0,

    /* U+005A "Z" */
    0xff, 0xff, 0xf7, 0xff, 0xff, 0xbf, 0xff, 0xfc,
    0x0, 0x3, 0xc0, 0x0, 0x3e, 0x0, 0x1, 0xe0,
    0x0, 0x1e, 0x0, 0x1, 0xf0, 0x0, 0xf, 0x0,
    0x0, 0xf0, 0x0, 0xf, 0x80, 0x0, 0x78, 0x0,
    0x7, 0x80, 0x0, 0x7c, 0x0, 0x3, 0xc0, 0x0,
    0x3c, 0x0, 0x3, 0xe0, 0x0, 0x1e, 0x0, 0x1,
    0xe0, 0x0, 0x1f, 0x0, 0x0, 0xf0, 0x0, 0xf,
    0x0, 0x0, 0xf8, 0x0, 0x7, 0x80, 0x0, 0x78,
    0x0, 0x7, 0xc0, 0x0, 0x3f, 0xff, 0xff, 0xff,
    0xff, 0xff, 0xff, 0xff, 0x80,

    /* U+005B "[" */
    0xff, 0xff, 0xff, 0xf0, 0xf0, 0xf0, 0xf0, 0xf0,
    0xf0, 0xf0, 0xf0, 0xf0, 0xf0, 0xf0, 0xf0, 0xf0,
    0xf0, 0xf0, 0xf0, 0xf0, 0xf0, 0xf0, 0xf0, 0xf0,
    0xf0, 0xf0, 0xf0, 0xf0, 0xf0, 0xf0, 0xf0, 0xf0,
    0xf0, 0xf0, 0xf0, 0xf0, 0xff, 0xff, 0xff,

    /* U+005C "\\" */
    0xe0, 0x1, 0xe0, 0x1, 0xc0, 0x3, 0xc0, 0x7,
    0x80, 0x7, 0x0, 0xf, 0x0, 0xe, 0x0, 0x1c,
    0x0, 0x3c, 0x0, 0x38, 0x0, 0x78, 0x0, 0xf0,
    0x0, 0xe0, 0x1, 0xe0, 0x1, 0xc0, 0x3, 0x80,
    0x7, 0x80, 0x7, 0x0, 0xf, 0x0, 0xe, 0x0,
    0x1c, 0x0, 0x3c, 0x0, 0x38, 0x0, 0x70, 0x0,
    0xf0, 0x0, 0xe0, 0x1, 0xe0, 0x1, 0xc0, 0x3,
    0x80, 0x7, 0x80, 0x7,

    /* U+005D "]" */
    0xff, 0xff, 0xff, 0xf, 0xf, 0xf, 0xf, 0xf,
    0xf, 0xf, 0xf, 0xf, 0xf, 0xf, 0xf, 0xf,
    0xf, 0xf, 0xf, 0xf, 0xf, 0xf, 0xf, 0xf,
    0xf, 0xf, 0xf, 0xf, 0xf, 0xf, 0xf, 0xf,
    0xf, 0xf, 0xf, 0xf, 0xff, 0xff, 0xff,

    /* U+005E "^" */
    0x3, 0x80, 0xe, 0x0, 0x78, 0x1, 0xf0, 0xf,
    0xc0, 0x3f, 0x80, 0xee, 0x7, 0xb8, 0x1c, 0x70,
    0xf1, 0xc3, 0x87, 0x8e, 0xe, 0x78, 0x39, 0xc0,
    0xff, 0x1, 0xc0,

    /* U+005F "_" */
    0xff, 0xff, 0xff, 0xff, 0xff, 0xff, 0xfc,

    /* U+0060 "`" */
    0x78, 0x78, 0x3c, 0x1e, 0xe, 0x7,

    /* U+0061 "a" */
    0x7, 0xf0, 0x7, 0xff, 0x3, 0xff, 0xe1, 0xf0,
    0x7c, 0xf8, 0xf, 0xbc, 0x1, 0xe0, 0x0, 0x78,
    0x0, 0x1e, 0x7, 0xff, 0x87, 0xff, 0xe3, 0xff,
    0xf9, 0xf8, 0x1e, 0xf8, 0x7, 0xbc, 0x1, 0xef,
    0x0, 0x7b, 0xc0, 0x1e, 0xf0, 0xf, 0xbe, 0x3,
    0xe7, 0xc3, 0xf9, 0xff, 0xfe, 0x3f, 0xf7, 0x83,
    0xf0, 0xf0,

    /* U+0062 "b" */
    0xf0, 0x0, 0x3c, 0x0, 0xf, 0x0, 0x3, 0xc0,
    0x0, 0xf0, 0x0, 0x3c, 0x0, 0xf, 0x0, 0x3,
    0xc0, 0x0, 0xf1, 0xf8, 0x3d, 0xff, 0xf, 0xff,
    0xf3, 0xf8, 0x7c, 0xf8, 0xf, 0xbc, 0x1, 0xef,
    0x0, 0x7b, 0xc0, 0xf, 0xf0, 0x3, 0xfc, 0x0,
    0xff, 0x0, 0x3f, 0xc0, 0xf, 0xf0, 0x3, 0xfc,
    0x0, 0xff, 0x0, 0x3f, 0xc0, 0x1e, 0xf0, 0x7,
    0xbe, 0x3, 0xef, 0xe1, 0xf3, 0xff, 0xf8, 0xf7,
    0xfc, 0x3c, 0x7e, 0x0,

    /* U+0063 "c" */
    0x3, 0xf8, 0x3, 0xff, 0x81, 0xff, 0xf0, 0xf8,
    0x3e, 0x7c, 0x7, 0x9e, 0x0, 0xf7, 0x80, 0x3f,
    0xc0, 0x7, 0xf0, 0x0, 0x3c, 0x0, 0xf, 0x0,
    0x3, 0xc0, 0x0, 0xf0, 0x0, 0x3c, 0x0, 0xf,
    0x0, 0x1, 0xe0, 0x7, 0x78, 0x3, 0xdf, 0x1,
    0xe3, 0xe0, 0xf8, 0x7f, 0xfc, 0xf, 0xfe, 0x0,
    0xfe, 0x0,

    /* U+0064 "d" */
    0x0, 0x3, 0xc0, 0x0, 0xf0, 0x0, 0x3c, 0x0,
    0xf, 0x0, 0x3, 0xc0, 0x0, 0xf0, 0x0, 0x3c,
    0x0, 0xf, 0x7, 0xe3, 0xc3, 0xfe, 0xf1, 0xff,
    0xfc, 0xf8, 0x3f, 0x7c, 0x7, 0xde, 0x0, 0xf7,
    0x80, 0x3f, 0xc0, 0xf, 0xf0, 0x3, 0xfc, 0x0,
    0xff, 0x0, 0x3f, 0xc0, 0xf, 0xf0, 0x3, 0xfc,
    0x0, 0xff, 0x0, 0x3d, 0xe0, 0xf, 0x78, 0x3,
    0xdf, 0x1, 0xf3, 0xe0, 0xfc, 0x7f, 0xff, 0xf,
    0xfb, 0xc1, 0xf8, 0xf0,

    /* U+0065 "e" */
    0x3, 0xf0, 0x3, 0xff, 0x1, 0xff, 0xf0, 0xf8,
    0x7c, 0x3c, 0x7, 0x9e, 0x1, 0xe7, 0x80, 0x3f,
    0xc0, 0xf, 0xf0, 0x3, 0xff, 0xff, 0xff, 0xff,
    0xff, 0xff, 0xff, 0xf0, 0x0, 0x3c, 0x0, 0xf,
    0x0, 0x1, 0xe0, 0x0, 0x78, 0x1, 0x1f, 0x0,
    0xe3, 0xf0, 0xf8, 0x7f, 0xfc, 0xf, 0xfe, 0x0,
    0xfe, 0x0,

    /* U+0066 "f" */
    0x1, 0xf8, 0x3f, 0xc3, 0xfe, 0x1f, 0x1, 0xf0,
    0xf, 0x0, 0x78, 0x3, 0xc0, 0x1e, 0x7, 0xff,
    0x3f, 0xf9, 0xff, 0xc1, 0xe0, 0xf, 0x0, 0x78,
    0x3, 0xc0, 0x1e, 0x0, 0xf0, 0x7, 0x80, 0x3c,
    0x1, 0xe0, 0xf, 0x0, 0x78, 0x3, 0xc0, 0x1e,
    0x0, 0xf0, 0x7, 0x80, 0x3c, 0x1, 0xe0, 0xf,
    0x0, 0x78, 0x0,

    /* U+0067 "g" */
    0x7, 0xe3, 0xc3, 0xfe, 0xf1, 0xff, 0xfc, 0xf8,
    0x3f, 0x7c, 0x7, 0xde, 0x0, 0xf7, 0x80, 0x3f,
    0xc0, 0xf, 0xf0, 0x3, 0xfc, 0x0, 0xff, 0x0,
    0x3f, 0xc0, 0xf, 0xf0, 0x3, 0xfc, 0x0, 0xff,
    0x0, 0x3d, 0xe0, 0xf, 0x78, 0x3, 0xdf, 0x1,
    0xf3, 0xe0, 0xfc, 0x7f, 0xff, 0xf, 0xfb, 0xc1,
    0xf8, 0xf0, 0x0, 0x3c, 0x0, 0xf, 0x10, 0x7,
    0x8e, 0x1, 0xe7, 0xc1, 0xf8, 0xff, 0xfc, 0xf,
    0xfc, 0x0, 0xfc, 0x0,

    /* U+0068 "h" */
    0xf0, 0x0, 0x78, 0x0, 0x3c, 0x0, 0x1e, 0x0,
    0xf, 0x0, 0x7, 0x80, 0x3, 0xc0, 0x1, 0xe0,
    0x0, 0xf1, 0xf8, 0x7b, 0xff, 0x3f, 0xff, 0xdf,
    0xc3, 0xef, 0x80, 0xff, 0xc0, 0x3f, 0xc0, 0x1f,
    0xe0, 0xf, 0xf0, 0x7, 0xf8, 0x3, 0xfc, 0x1,
    0xfe, 0x0, 0xff, 0x0, 0x7f, 0x80, 0x3f, 0xc0,
    0x1f, 0xe0, 0xf, 0xf0, 0x7, 0xf8, 0x3, 0xfc,
    0x1, 0xfe, 0x0, 0xff, 0x0, 0x7f, 0x80, 0x3c,

    /* U+0069 "i" */
    0x6f, 0xf6, 0x0, 0xf, 0xff, 0xff, 0xff, 0xff,
    0xff, 0xff, 0xff, 0xff, 0xff, 0xff, 0xf0,

    /* U+006A "j" */
    0x6, 0xf, 0xf, 0x6, 0x0, 0x0, 0x0, 0xf,
    0xf, 0xf, 0xf, 0xf, 0xf, 0xf, 0xf, 0xf,
    0xf, 0xf, 0xf, 0xf, 0xf, 0xf, 0xf, 0xf,
    0xf, 0xf, 0xf, 0xf, 0xf, 0xf, 0xf, 0xf,
    0xf, 0x1f, 0xfe, 0xfe, 0xf8,

    /* U+006B "k" */
    0xf0, 0x0, 0x3c, 0x0, 0xf, 0x0, 0x3, 0xc0,
    0x0, 0xf0, 0x0, 0x3c, 0x0, 0xf, 0x0, 0x3,
    0xc0, 0x0, 0xf0, 0xf, 0x3c, 0x7, 0xcf, 0x3,
    0xe3, 0xc1, 0xf0, 0xf0, 0xf8, 0x3c, 0x7c, 0xf,
    0x1e, 0x3, 0xcf, 0x0, 0xf7, 0x80, 0x3f, 0xe0,
    0xf, 0xfc, 0x3, 0xff, 0x0, 0xfd, 0xe0, 0x3e,
    0x7c, 0xf, 0xf, 0x3, 0xc1, 0xe0, 0xf0, 0x3c,
    0x3c, 0xf, 0x8f, 0x1, 0xe3, 0xc0, 0x3c, 0xf0,
    0x7, 0xbc, 0x1, 0xf0,

    /* U+006C "l" */
    0xff, 0xff, 0xff, 0xff, 0xff, 0xff, 0xff, 0xff,
    0xff, 0xff, 0xff, 0xff, 0xff, 0xff, 0xff,

    /* U+006D "m" */
    0xf1, 0xf8, 0xf, 0xc3, 0xdf, 0xf8, 0xff, 0xcf,
    0xff, 0xf7, 0xff, 0xbf, 0x7, 0xfc, 0x3e, 0xf8,
    0xf, 0xc0, 0x7f, 0xc0, 0x1f, 0x0, 0xff, 0x0,
    0x78, 0x3, 0xfc, 0x1, 0xe0, 0xf, 0xf0, 0x7,
    0x80, 0x3f, 0xc0, 0x1e, 0x0, 0xff, 0x0, 0x78,
    0x3, 0xfc, 0x1, 0xe0, 0xf, 0xf0, 0x7, 0x80,
    0x3f, 0xc0, 0x1e, 0x0, 0xff, 0x0, 0x78, 0x3,
    0xfc, 0x1, 0xe0, 0xf, 0xf0, 0x7, 0x80, 0x3f,
    0xc0, 0x1e, 0x0, 0xff, 0x0, 0x78, 0x3, 0xfc,
    0x1, 0xe0, 0xf, 0xf0, 0x7, 0x80, 0x3f, 0xc0,
    0x1e, 0x0, 0xf0,

    /* U+006E "n" */
    0xf1, 0xf8, 0x79, 0xff, 0x3f, 0xff, 0xdf, 0xc3,
    0xef, 0x80, 0xff, 0xc0, 0x3f, 0xc0, 0x1f, 0xe0,
    0xf, 0xf0, 0x7, 0xf8, 0x3, 0xfc, 0x1, 0xfe,
    0x0, 0xff, 0x0, 0x7f, 0x80, 0x3f, 0xc0, 0x1f,
    0xe0, 0xf, 0xf0, 0x7, 0xf8, 0x3, 0xfc, 0x1,
    0xfe, 0x0, 0xff, 0x0, 0x7f, 0x80, 0x3c,

    /* U+006F "o" */
    0x3, 0xf8, 0x1, 0xff, 0xc0, 0x7f, 0xfc, 0x1f,
    0x7, 0xc3, 0xc0, 0x78, 0xf0, 0x7, 0x9e, 0x0,
    0xf7, 0x80, 0xf, 0xf0, 0x1, 0xfe, 0x0, 0x3f,
    0xc0, 0x7, 0xf8, 0x0, 0xff, 0x0, 0x1f, 0xe0,
    0x3, 0xfc, 0x0, 0x7b, 0xc0, 0x1e, 0x78, 0x3,
    0xc7, 0x80, 0xf0, 0xf8, 0x3e, 0xf, 0xff, 0x80,
    0xff, 0xe0, 0x7, 0xf0, 0x0,

    /* U+0070 "p" */
    0xf1, 0xf8, 0x3d, 0xff, 0xf, 0xff, 0xf3, 0xf0,
    0x7c, 0xf8, 0xf, 0xbc, 0x1, 0xef, 0x0, 0x7b,
    0xc0, 0xf, 0xf0, 0x3, 0xfc, 0x0, 0xff, 0x0,
    0x3f, 0xc0, 0xf, 0xf0, 0x3, 0xfc, 0x0, 0xff,
    0x0, 0x3f, 0xc0, 0x1e, 0xf0, 0x7, 0xbe, 0x3,
    0xef, 0xc1, 0xf3, 0xff, 0xf8, 0xf7, 0xfc, 0x3c,
    0x7e, 0xf, 0x0, 0x3, 0xc0, 0x0, 0xf0, 0x0,
    0x3c, 0x0, 0xf, 0x0, 0x3, 0xc0, 0x0, 0xf0,
    0x0, 0x3c, 0x0, 0x0,

    /* U+0071 "q" */
    0x7, 0xe3, 0xc3, 0xfe, 0xf1, 0xff, 0xfc, 0xf8,
    0x3f, 0x7c, 0x7, 0xde, 0x0, 0xff, 0x80, 0x3f,
    0xc0, 0xf, 0xf0, 0x3, 0xfc, 0x0, 0xff, 0x0,
    0x3f, 0xc0, 0xf, 0xf0, 0x3, 0xfc, 0x0, 0xff,
    0x0, 0x3d, 0xe0, 0xf, 0x78, 0x3, 0xdf, 0x1,
    0xf3, 0xe0, 0xfc, 0x7f, 0xff, 0xf, 0xfb, 0xc1,
    0xf8, 0xf0, 0x0, 0x3c, 0x0, 0xf, 0x0, 0x3,
    0xc0, 0x0, 0xf0, 0x0, 0x3c, 0x0, 0xf, 0x0,
    0x3, 0xc0, 0x0, 0xf0,

    /* U+0072 "r" */
    0xf3, 0xfd, 0xff, 0xff, 0xf0, 0xf8, 0x3c, 0xf,
    0x3, 0xc0, 0xf0, 0x3c, 0xf, 0x3, 0xc0, 0xf0,
    0x3c, 0xf, 0x3, 0xc0, 0xf0, 0x3c, 0xf, 0x3,
    0xc0, 0xf0, 0x3c, 0x0,

    /* U+0073 "s" */
    0x3, 0xf0, 0x7, 0xfe, 0xf, 0xff, 0x87, 0xc3,
    0xe7, 0x80, 0xfb, 0xc0, 0x3d, 0xe0, 0x1e, 0xf0,
    0x0, 0x7e, 0x0, 0x1f, 0xe0, 0x7, 0xfe, 0x0,
    0xff, 0xc0, 0x7, 0xf0, 0x0, 0x7c, 0x0, 0x1f,
    0xe0, 0xf, 0xf0, 0x7, 0xbc, 0x7, 0xdf, 0x7,
    0xc7, 0xff, 0xe1, 0xff, 0xc0, 0x3f, 0x80,

    /* U+0074 "t" */
    0xf, 0x1, 0xe0, 0x3c, 0x7, 0x80, 0xf1, 0xff,
    0xff, 0xff, 0xff, 0xf, 0x1, 0xe0, 0x3c, 0x7,
    0x80, 0xf0, 0x1e, 0x3, 0xc0, 0x78, 0xf, 0x1,
    0xe0, 0x3c, 0x7, 0x80, 0xf0, 0x1e, 0x3, 0xc0,
    0x7c, 0x7, 0xe0, 0xfc, 0xf, 0x80,

    /* U+0075 "u" */
    0xf0, 0x7, 0xf8, 0x3, 0xfc, 0x1, 0xfe, 0x0,
    0xff, 0x0, 0x7f, 0x80, 0x3f, 0xc0, 0x1f, 0xe0,
    0xf, 0xf0, 0x7, 0xf8, 0x3, 0xfc, 0x1, 0xfe,
    0x0, 0xff, 0x0, 0x7f, 0x80, 0x3f, 0xc0, 0x1f,
    0xe0, 0xf, 0xf0, 0x7, 0xfc, 0x7, 0xdf, 0xf,
    0xef, 0xff, 0xf3, 0xff, 0x78, 0x7e, 0x3c,

    /* U+0076 "v" */
    0xf0, 0x3, 0xbc, 0x1, 0xe7, 0x0, 0x79, 0xc0,
    0x1c, 0x78, 0x7, 0xe, 0x3, 0xc3, 0x80, 0xe0,
    0xf0, 0x38, 0x1c, 0x1e, 0x7, 0x7, 0x1, 0xe1,
    0xc0, 0x38, 0xf0, 0xe, 0x38, 0x3, 0xce, 0x0,
    0x77, 0x80, 0x1d, 0xc0, 0x7, 0xf0, 0x0, 0xfc,
    0x0, 0x3e, 0x0, 0xf, 0x80, 0x1, 0xe0, 0x0,
    0x70, 0x0,

    /* U+0077 "w" */
    0xf0, 0xf, 0x0, 0xff, 0x0, 0xf0, 0xf, 0x70,
    0xf, 0x0, 0xe7, 0x1, 0xf0, 0xe, 0x78, 0x1f,
    0x81, 0xe7, 0x81, 0xf8, 0x1e, 0x38, 0x1f, 0x81,
    0xc3, 0x83, 0x9c, 0x1c, 0x3c, 0x39, 0xc3, 0xc3,
    0xc3, 0x9c, 0x38, 0x1c, 0x71, 0xe3, 0x81, 0xc7,
    0xe, 0x38, 0x1e, 0x70, 0xe7, 0x80, 0xee, 0xf,
    0x70, 0xe, 0xe0, 0x77, 0x0, 0xee, 0x7, 0x70,
    0xf, 0xe0, 0x7f, 0x0, 0x7c, 0x3, 0xe0, 0x7,
    0xc0, 0x3e, 0x0, 0x7c, 0x3, 0xe0, 0x3, 0x80,
    0x1c, 0x0, 0x38, 0x1, 0xc0,

    /* U+0078 "x" */
    0xf8, 0x7, 0x9e, 0x1, 0xe3, 0xc0, 0xf0, 0xf0,
    0x7c, 0x1e, 0x1e, 0x3, 0x8f, 0x0, 0xf3, 0xc0,
    0x1f, 0xe0, 0x7, 0xf0, 0x0, 0xfc, 0x0, 0x1e,
    0x0, 0x7, 0x80, 0x3, 0xf0, 0x1, 0xfe, 0x0,
    0x77, 0x80, 0x3c, 0xf0, 0x1e, 0x1c, 0x7, 0x87,
    0x83, 0xc0, 0xf1, 0xe0, 0x3c, 0x78, 0x7, 0xbc,
    0x1, 0xf0,

    /* U+0079 "y" */
    0xf0, 0x3, 0xfc, 0x1, 0xe7, 0x0, 0x79, 0xe0,
    0x1e, 0x78, 0xf, 0xe, 0x3, 0xc3, 0xc0, 0xf0,
    0xf0, 0x38, 0x1c, 0x1e, 0x7, 0x87, 0x1, 0xe1,
    0xc0, 0x38, 0xf0, 0xf, 0x38, 0x1, 0xce, 0x0,
    0x77, 0x80, 0x1f, 0xc0, 0x3, 0xf0, 0x0, 0xfc,
    0x0, 0x3e, 0x0, 0x7, 0x80, 0x1, 0xe0, 0x0,
    0x70, 0x0, 0x1c, 0x0, 0xf, 0x0, 0x3, 0x80,
    0x1, 0xe0, 0x0, 0xf0, 0x1, 0xfc, 0x0, 0x7e,
    0x0, 0x1e, 0x0, 0x0,

    /* U+007A "z" */
    0xff, 0xff, 0x7f, 0xff, 0xbf, 0xff, 0xc0, 0x3,
    0xc0, 0x3, 0xe0, 0x1, 0xe0, 0x1, 0xe0, 0x1,
    0xf0, 0x0, 0xf0, 0x0, 0xf0, 0x0, 0xf0, 0x0,
    0xf8, 0x0, 0x78, 0x0, 0x78, 0x0, 0x7c, 0x0,
    0x3c, 0x0, 0x3c, 0x0, 0x3c, 0x0, 0x1e, 0x0,
    0x1f, 0xff, 0xff, 0xff, 0xff, 0xff, 0xfc,

    /* U+007B "{" */
    0x0, 0x70, 0xf, 0x3, 0xe0, 0x3c, 0x7, 0x80,
    0x78, 0xf, 0x0, 0xf0, 0xf, 0x0, 0xf0, 0xf,
    0x0, 0xf0, 0xf, 0x0, 0xf0, 0xf, 0x0, 0xf0,
    0x1e, 0x3, 0xe0, 0xfc, 0xf, 0x0, 0xfc, 0x3,
    0xe0, 0x1e, 0x0, 0xf0, 0xf, 0x0, 0xf0, 0xf,
    0x0, 0xf0, 0xf, 0x0, 0xf0, 0xf, 0x0, 0xf0,
    0xf, 0x0, 0x78, 0x7, 0x80, 0x3c, 0x1, 0xe0,
    0xf, 0x0, 0x30,

    /* U+007C "|" */
    0xff, 0xff, 0xff, 0xff, 0xff, 0xff, 0xff, 0xff,
    0xff, 0xff, 0xff, 0xff, 0xff, 0x80,

    /* U+007D "}" */
    0xe0, 0xf, 0x0, 0x7c, 0x3, 0xc0, 0x1e, 0x1,
    0xe0, 0xf, 0x0, 0xf0, 0xf, 0x0, 0xf0, 0xf,
    0x0, 0xf0, 0xf, 0x0, 0xf0, 0xf, 0x0, 0xf0,
    0x7, 0x80, 0x7c, 0x3, 0xf0, 0xf, 0x3, 0xf0,
    0x7c, 0x7, 0x80, 0xf0, 0xf, 0x0, 0xf0, 0xf,
    0x0, 0xf0, 0xf, 0x0, 0xf0, 0xf, 0x0, 0xf0,
    0xf, 0x1, 0xe0, 0x1e, 0x3, 0xc0, 0x7c, 0xf,
    0x0, 0xe0, 0x0,

    /* U+007E "~" */
    0xf, 0x80, 0x1c, 0xff, 0x0, 0x77, 0xff, 0x1,
    0xde, 0x3e, 0xe, 0xf0, 0x7c, 0x7b, 0x80, 0xff,
    0xce, 0x1, 0xff, 0x0, 0x1, 0xf0,

    /* U+060C "،" */
    0x0, 0x18, 0x60, 0xc3, 0x6, 0x1c, 0x30, 0x7c,
    0xfd, 0xfb, 0xf3, 0xc0,

    /* U+0615 "ؕ" */
    0x20, 0x1, 0x0, 0x8, 0x0, 0x40, 0x2, 0x0,
    0x10, 0xf8, 0x9c, 0x65, 0x83, 0x38, 0x19, 0x81,
    0xc8, 0x1d, 0xff, 0x80,

    /* U+061B "؛" */
    0x0, 0x8, 0x30, 0xc3, 0x6, 0xc, 0x38, 0x7c,
    0xfd, 0xfb, 0xf3, 0xc0, 0x0, 0x0, 0x0, 0x38,
    0xf9, 0xf3, 0xe3, 0x80,

    /* U+061F "؟" */
    0x7, 0xe0, 0x3f, 0xf0, 0xff, 0xf3, 0xff, 0xef,
    0xc3, 0xff, 0x3, 0xfc, 0x3, 0xf8, 0x7, 0xf0,
    0x1, 0xe0, 0x3, 0xe0, 0x3, 0xc0, 0x3, 0xc0,
    0x7, 0xc0, 0x3, 0xc0, 0x3, 0xc0, 0x3, 0xc0,
    0x7, 0x80, 0x7, 0x80, 0xf, 0x0, 0x0, 0x0,
    0x0, 0x0, 0x0, 0x0, 0xe0, 0x3, 0xe0, 0x7,
    0xc0, 0xf, 0x80, 0xe, 0x0,

    /* U+0621 "ء" */
    0x7, 0xe0, 0xff, 0x8f, 0xfc, 0x78, 0x67, 0x0,
    0x38, 0x1, 0xc0, 0xe, 0x0, 0x7c, 0x1, 0xff,
    0x87, 0xfe, 0x3f, 0xf7, 0xfc, 0x7f, 0x3, 0xc0,
    0x18, 0x0, 0x80, 0x0,

    /* U+0622 "آ" */
    0x1f, 0x39, 0xff, 0xef, 0xff, 0xdc, 0x38, 0x20,
    0x0, 0x0, 0x0, 0x0, 0x0, 0xe0, 0x3, 0x80,
    0xe, 0x0, 0x38, 0x0, 0xe0, 0x3, 0x80, 0xe,
    0x0, 0x38, 0x0, 0xe0, 0x3, 0x80, 0xe, 0x0,
    0x38, 0x0, 0xe0, 0x3, 0x80, 0xe, 0x0, 0x38,
    0x0, 0xe0, 0x3, 0x80, 0xe, 0x0, 0x38, 0x0,
    0xe0, 0x3, 0x80, 0xe, 0x0, 0x38, 0x0, 0xe0,

    /* U+0623 "أ" */
    0x1f, 0x1f, 0xdf, 0xef, 0x17, 0x3, 0x81, 0xe6,
    0x7f, 0xff, 0xfc, 0x20, 0x0, 0x1, 0xc0, 0xe0,
    0x70, 0x38, 0x1c, 0xe, 0x7, 0x3, 0x81, 0xc0,
    0xe0, 0x70, 0x38, 0x1c, 0xe, 0x7, 0x3, 0x81,
    0xc0, 0xe0, 0x70, 0x38, 0x1c, 0xe, 0x7, 0x3,
    0x80,

    /* U+0624 "ؤ" */
    0x3, 0xe0, 0x1f, 0x80, 0xfe, 0x3, 0xc0, 0xe,
    0x0, 0x38, 0x0, 0xf0, 0x1, 0xf8, 0xf, 0xe0,
    0x3e, 0x0, 0x80, 0x0, 0x0, 0x0, 0x0, 0x1f,
    0x0, 0xfe, 0x7, 0xfc, 0x3c, 0x70, 0xe0, 0xe7,
    0x3, 0x9c, 0x6, 0x70, 0x1d, 0xc0, 0x77, 0x1,
    0xde, 0x7, 0x3f, 0xfc, 0x7f, 0xf0, 0x7f, 0xc0,
    0x7, 0x0, 0x38, 0x0, 0xe0, 0xf, 0x80, 0x7c,
    0xf, 0xe3, 0xff, 0x7, 0xf0, 0x1f, 0x0, 0x0,
    0x0,

    /* U+0625 "إ" */
    0x1c, 0xe, 0x7, 0x3, 0x81, 0xc0, 0xe0, 0x70,
    0x38, 0x1c, 0xe, 0x7, 0x3, 0x81, 0xc0, 0xe0,
    0x70, 0x38, 0x1c, 0xe, 0x7, 0x3, 0x81, 0xc0,
    0xe0, 0x70, 0x38, 0x1c, 0xe, 0x7, 0x3, 0x80,
    0x0, 0x0, 0x7c, 0x7f, 0x7f, 0xbc, 0x5c, 0xe,
    0x7, 0x89, 0xff, 0xff, 0xf8, 0xc0, 0x0,

    /* U+0626 "ئ" */
    0x3, 0xe0, 0x0, 0x1, 0xfc, 0x0, 0x0, 0xff,
    0x0, 0x0, 0x3c, 0x40, 0x0, 0xe, 0x0, 0x0,
    0x3, 0xc0, 0x0, 0x0, 0x7f, 0x0, 0x0, 0x7f,
    0xc0, 0x0, 0x1f, 0x0, 0x7, 0x84, 0x0, 0x7,
    0xe0, 0x0, 0x7, 0xf8, 0xc0, 0x3, 0xfe, 0x3c,
    0x0, 0xfc, 0x1e, 0x0, 0x78, 0x7, 0x80, 0x1c,
    0x1, 0xe0, 0xf, 0x0, 0x70, 0x3, 0x80, 0x3c,
    0x0, 0xe0, 0xe, 0x0, 0x38, 0x3, 0x80, 0xf,
    0xfc, 0xe0, 0x1, 0xff, 0xb8, 0x0, 0x3f, 0xfe,
    0x0, 0x0, 0x1f, 0x80, 0x0, 0x7, 0xe0, 0x0,
    0x1, 0xdc, 0x0, 0x0, 0xf7, 0x80, 0x0, 0x78,
    0xf0, 0x0, 0x3c, 0x3f, 0x0, 0x7f, 0x7, 0xff,
    0xff, 0x0, 0x7f, 0xff, 0x80, 0x3, 0xff, 0x0,

    /* U+0627 "ا" */
    0xff, 0xff, 0xff, 0xff, 0xff, 0xff, 0xff, 0xff,
    0xff, 0xff, 0xf0,

    /* U+0628 "ب" */
    0x40, 0x0, 0x0, 0x2, 0xf0, 0x0, 0x0, 0xe,
    0xe0, 0x0, 0x0, 0x7, 0xe0, 0x0, 0x0, 0x7,
    0xe0, 0x0, 0x0, 0x7, 0xe0, 0x0, 0x0, 0x7,
    0xe0, 0x0, 0x0, 0x7, 0xf0, 0x0, 0x0, 0x7,
    0x78, 0x0, 0x0, 0xf, 0x7c, 0x0, 0x0, 0x1e,
    0x3f, 0x80, 0x1, 0xfe, 0x1f, 0xff, 0xff, 0xfc,
    0x7, 0xff, 0xff, 0xf0, 0x0, 0x7f, 0xfe, 0x0,
    0x0, 0x0, 0x0, 0x0, 0x0, 0x0, 0x0, 0x0,
    0x0, 0x0, 0x0, 0x0, 0x0, 0x0, 0x0, 0x0,
    0x0, 0x1, 0x80, 0x0, 0x0, 0x3, 0xe0, 0x0,
    0x0, 0x3, 0xe0, 0x0, 0x0, 0x1, 0xc0, 0x0,
    0x0, 0x0, 0x80, 0x0,

    /* U+0629 "ة" */
    0x10, 0x0, 0xe1, 0x87, 0xcf, 0x1f, 0x3c, 0x38,
    0x60, 0x40, 0x0, 0x0, 0x0, 0x0, 0x0, 0x0,
    0x10, 0x0, 0xe0, 0x7, 0xc0, 0xf, 0xc0, 0x7f,
    0x83, 0xfe, 0xf, 0x7c, 0x78, 0xf9, 0xc1, 0xef,
    0x3, 0xf8, 0x7, 0xe0, 0x1f, 0x80, 0x7e, 0x1,
    0xde, 0x1e, 0x7f, 0xf8, 0xff, 0xc0, 0xfc, 0x0,

    /* U+062A "ت" */
    0x0, 0x8, 0x0, 0x0, 0x0, 0x1c, 0x30, 0x0,
    0x0, 0x3e, 0x78, 0x0, 0x0, 0x3e, 0x7c, 0x0,
    0x0, 0x1c, 0x38, 0x0, 0x0, 0x8, 0x10, 0x0,
    0x0, 0x0, 0x0, 0x0, 0x40, 0x0, 0x0, 0x2,
    0xf0, 0x0, 0x0, 0xe, 0xe0, 0x0, 0x0, 0x7,
    0xe0, 0x0, 0x0, 0x7, 0xe0, 0x0, 0x0, 0x7,
    0xe0, 0x0, 0x0, 0x7, 0xe0, 0x0, 0x0, 0x7,
    0xf0, 0x0, 0x0, 0x7, 0x78, 0x0, 0x0, 0xf,
    0x7c, 0x0, 0x0, 0x1e, 0x3f, 0x80, 0x1, 0xfe,
    0x1f, 0xff, 0xff, 0xfc, 0x7, 0xff, 0xff, 0xf0,
    0x0, 0x7f, 0xfe, 0x0,

    /* U+062B "ث" */
    0x0, 0x0, 0x0, 0x0, 0x0, 0x1, 0x80, 0x0,
    0x0, 0x3, 0xc0, 0x0, 0x0, 0x7, 0xc0, 0x0,
    0x0, 0x3, 0x80, 0x0, 0x0, 0x1, 0x0, 0x0,
    0x0, 0xc, 0x30, 0x0, 0x0, 0x1e, 0x78, 0x0,
    0x0, 0x3e, 0x7c, 0x0, 0x0, 0x1c, 0x38, 0x0,
    0x0, 0x8, 0x10, 0x0, 0x40, 0x0, 0x0, 0x2,
    0xf0, 0x0, 0x0, 0xe, 0xe0, 0x0, 0x0, 0x7,
    0xe0, 0x0, 0x0, 0x7, 0xe0, 0x0, 0x0, 0x7,
    0xe0, 0x0, 0x0, 0x7, 0xe0, 0x0, 0x0, 0x7,
    0xf0, 0x0, 0x0, 0x7, 0x78, 0x0, 0x0, 0xf,
    0x7c, 0x0, 0x0, 0x1e, 0x3f, 0x80, 0x1, 0xfe,
    0x1f, 0xff, 0xff, 0xfc, 0x7, 0xff, 0xff, 0xf0,
    0x0, 0x7f, 0xfe, 0x0,

    /* U+062C "ج" */
    0xf, 0xc0, 0x0, 0xff, 0xc0, 0x7, 0xff, 0xc0,
    0x3e, 0x3f, 0xc0, 0xe0, 0x1f, 0xe1, 0x80, 0x1f,
    0xf0, 0x0, 0xff, 0xc0, 0x1f, 0xff, 0x1, 0xff,
    0x0, 0x1f, 0xe0, 0x0, 0xfc, 0x0, 0x7, 0xc0,
    0x0, 0x3e, 0x0, 0x0, 0xf0, 0x0, 0x7, 0x80,
    0x0, 0x1c, 0x0, 0x0, 0xf0, 0x0, 0x3, 0x80,
    0x30, 0xe, 0x1, 0xe0, 0x38, 0xf, 0xc0, 0xe0,
    0x1e, 0x3, 0x80, 0x30, 0xe, 0x0, 0x0, 0x3c,
    0x0, 0x0, 0x70, 0x0, 0x1, 0xe0, 0x0, 0x3,
    0xc0, 0x0, 0x47, 0xe0, 0xf, 0xf, 0xff, 0xfc,
    0x1f, 0xff, 0xf0, 0xf, 0xfc, 0x0,

    /* U+062D "ح" */
    0xf, 0xc0, 0x0, 0xff, 0xc0, 0x7, 0xff, 0xc0,
    0x3e, 0x3f, 0xc0, 0xe0, 0x1f, 0xe1, 0x80, 0x1f,
    0xf0, 0x0, 0xff, 0xc0, 0x1f, 0xff, 0x1, 0xff,
    0x0, 0x1f, 0xe0, 0x0, 0xfc, 0x0, 0x7, 0xc0,
    0x0, 0x3e, 0x0, 0x0, 0xf0, 0x0, 0x7, 0x80,
    0x0, 0x1c, 0x0, 0x0, 0xf0, 0x0, 0x3, 0x80,
    0x0, 0xe, 0x0, 0x0, 0x38, 0x0, 0x0, 0xe0,
    0x0, 0x3, 0x80, 0x0, 0xe, 0x0, 0x0, 0x3c,
    0x0, 0x0, 0x70, 0x0, 0x1, 0xe0, 0x0, 0x3,
    0xc0, 0x0, 0x47, 0xe0, 0xf, 0xf, 0xff, 0xfc,
    0x1f, 0xff, 0xf0, 0xf, 0xfc, 0x0,

    /* U+062E "خ" */
    0x0, 0x80, 0x0, 0x7, 0x0, 0x0, 0x3e, 0x0,
    0x0, 0x70, 0x0, 0x0, 0x80, 0x0, 0x0, 0x0,
    0x0, 0x0, 0x0, 0x0, 0x0, 0x0, 0x0, 0x0,
    0x0, 0x3f, 0x0, 0x3, 0xff, 0x0, 0x1f, 0xff,
    0x0, 0xf8, 0xff, 0x3, 0x80, 0x7f, 0x86, 0x0,
    0x7f, 0xc0, 0x3, 0xff, 0x0, 0x7f, 0xfc, 0x7,
    0xfc, 0x0, 0x7f, 0x80, 0x3, 0xf0, 0x0, 0x1f,
    0x0, 0x0, 0xf8, 0x0, 0x3, 0xc0, 0x0, 0x1e,
    0x0, 0x0, 0x70, 0x0, 0x3, 0xc0, 0x0, 0xe,
    0x0, 0x0, 0x38, 0x0, 0x0, 0xe0, 0x0, 0x3,
    0x80, 0x0, 0xe, 0x0, 0x0, 0x38, 0x0, 0x0,
    0xf0, 0x0, 0x1, 0xc0, 0x0, 0x7, 0x80, 0x0,
    0xf, 0x0, 0x1, 0x1f, 0x80, 0x3c, 0x3f, 0xff,
    0xf0, 0x7f, 0xff, 0xc0, 0x3f, 0xf0,

    /* U+062F "د" */
    0x0, 0x0, 0xe, 0x0, 0x3e, 0x0, 0x7e, 0x0,
    0x3e, 0x0, 0x3e, 0x0, 0x3e, 0x0, 0x3e, 0x0,
    0x3c, 0x0, 0x3c, 0x0, 0x38, 0x0, 0x70, 0x0,
    0xe0, 0x1, 0xc0, 0x7, 0x80, 0x3e, 0xff, 0xf9,
    0xff, 0xe3, 0xff, 0x0,

    /* U+0630 "ذ" */
    0x4, 0x0, 0x1c, 0x0, 0x7c, 0x0, 0xf8, 0x0,
    0xe0, 0x0, 0x80, 0x0, 0x0, 0x0, 0x0, 0x0,
    0x0, 0x0, 0x0, 0x1c, 0x0, 0x7c, 0x0, 0xfc,
    0x0, 0x7c, 0x0, 0x7c, 0x0, 0x7c, 0x0, 0x7c,
    0x0, 0x78, 0x0, 0x78, 0x0, 0x70, 0x0, 0xe0,
    0x1, 0xc0, 0x3, 0x80, 0xf, 0x0, 0x7d, 0xff,
    0xf3, 0xff, 0xc7, 0xfe, 0x0,

    /* U+0631 "ر" */
    0x0, 0x38, 0x0, 0xe0, 0x3, 0x80, 0xf, 0x0,
    0x1c, 0x0, 0x70, 0x1, 0xc0, 0x7, 0x0, 0x1c,
    0x0, 0x70, 0x3, 0xc0, 0xe, 0x0, 0x78, 0x3,
    0xc0, 0x1f, 0x3, 0xf8, 0xff, 0xc3, 0xfc, 0x7,
    0xc0, 0x10, 0x0,

    /* U+0632 "ز" */
    0x0, 0x60, 0x3, 0xc0, 0x1f, 0x80, 0x3c, 0x0,
    0x60, 0x0, 0x0, 0x0, 0x0, 0x0, 0x0, 0x0,
    0x0, 0x0, 0x3, 0x80, 0xe, 0x0, 0x38, 0x0,
    0xf0, 0x1, 0xc0, 0x7, 0x0, 0x1c, 0x0, 0x70,
    0x1, 0xc0, 0x7, 0x0, 0x3c, 0x0, 0xe0, 0x7,
    0x80, 0x3c, 0x1, 0xf0, 0x3f, 0x8f, 0xfc, 0x3f,
    0xc0, 0x7c, 0x1, 0x0, 0x0,

    /* U+0633 "س" */
    0x0, 0x0, 0x0, 0x0, 0x0, 0x30, 0x0, 0x0,
    0x0, 0x0, 0x3, 0xc0, 0x0, 0x0, 0x0, 0x0,
    0x1e, 0x0, 0x0, 0x0, 0x1, 0xc0, 0x72, 0x0,
    0x1, 0xe0, 0xe, 0x3, 0xbc, 0x0, 0x7, 0x0,
    0x70, 0x1d, 0xc0, 0x0, 0x38, 0x3, 0x80, 0xee,
    0x0, 0x1, 0xe0, 0x1c, 0x7, 0xf0, 0x0, 0x7,
    0x1, 0xe0, 0x7f, 0x0, 0x0, 0x3e, 0x1f, 0x87,
    0xb8, 0x0, 0x1, 0xff, 0xff, 0xfd, 0xc0, 0x0,
    0xf, 0xff, 0x7f, 0xce, 0x0, 0x0, 0x77, 0xe0,
    0xf8, 0x70, 0x0, 0x3, 0x80, 0x0, 0x3, 0x80,
    0x0, 0x1c, 0x0, 0x0, 0x1c, 0x0, 0x1, 0xc0,
    0x0, 0x0, 0xf0, 0x0, 0xe, 0x0, 0x0, 0x3,
    0xc0, 0x0, 0xf0, 0x0, 0x0, 0x1f, 0x0, 0xf,
    0x0, 0x0, 0x0, 0x7e, 0x1, 0xf0, 0x0, 0x0,
    0x1, 0xff, 0xff, 0x0, 0x0, 0x0, 0x7, 0xff,
    0xf0, 0x0, 0x0, 0x0, 0x7, 0xfc, 0x0, 0x0,
    0x0, 0x0,

    /* U+0634 "ش" */
    0x0, 0x0, 0x0, 0x0, 0x80, 0x0, 0x0, 0x0,
    0x0, 0xe, 0x0, 0x0, 0x0, 0x0, 0x0, 0xf0,
    0x0, 0x0, 0x0, 0x0, 0x7, 0xc0, 0x0, 0x0,
    0x0, 0x0, 0x1c, 0x0, 0x0, 0x0, 0x0, 0x0,
    0x40, 0x0, 0x0, 0x0, 0x0, 0x30, 0xe0, 0x0,
    0x0, 0x0, 0x3, 0xcf, 0x80, 0x0, 0x0, 0x0,
    0x1f, 0x7c, 0x0, 0x0, 0x0, 0x0, 0x71, 0xc0,
    0x0, 0x0, 0x0, 0x1, 0x4, 0x0, 0x0, 0x0,
    0x0, 0x0, 0x0, 0x0, 0x0, 0x0, 0x0, 0x0,
    0x0, 0x0, 0x0, 0x0, 0x0, 0x0, 0x18, 0x0,
    0x0, 0x0, 0x0, 0x1, 0xe0, 0x0, 0x0, 0x0,
    0x0, 0xf, 0x0, 0x0, 0x0, 0x0, 0xe0, 0x39,
    0x0, 0x0, 0xf0, 0x7, 0x1, 0xde, 0x0, 0x3,
    0x80, 0x38, 0xe, 0xe0, 0x0, 0x1c, 0x1, 0xc0,
    0x77, 0x0, 0x0, 0xf0, 0xe, 0x3, 0xf8, 0x0,
    0x3, 0x80, 0xf0, 0x3f, 0x80, 0x0, 0x1f, 0xf,
    0xc3, 0xdc, 0x0, 0x0, 0xff, 0xff, 0xfe, 0xe0,
    0x0, 0x7, 0xff, 0xbf, 0xe7, 0x0, 0x0, 0x3b,
    0xf0, 0x7c, 0x38, 0x0, 0x1, 0xc0, 0x0, 0x1,
    0xc0, 0x0, 0xe, 0x0, 0x0, 0xe, 0x0, 0x0,
    0xe0, 0x0, 0x0, 0x78, 0x0, 0x7, 0x0, 0x0,
    0x1, 0xe0, 0x0, 0x78, 0x0, 0x0, 0xf, 0x80,
    0x7, 0x80, 0x0, 0x0, 0x3f, 0x0, 0xf8, 0x0,
    0x0, 0x0, 0xff, 0xff, 0x80, 0x0, 0x0, 0x3,
    0xff, 0xf8, 0x0, 0x0, 0x0, 0x3, 0xfe, 0x0,
    0x0, 0x0, 0x0,

    /* U+0635 "ص" */
    0x0, 0x0, 0x0, 0x0, 0x7, 0xc0, 0x0, 0x0,
    0x0, 0x0, 0x3f, 0xe0, 0x0, 0x0, 0x0, 0x1,
    0xff, 0xe0, 0x0, 0x0, 0x0, 0x7, 0xff, 0xe0,
    0x0, 0x0, 0x0, 0x1f, 0xc3, 0xc0, 0x0, 0x0,
    0x0, 0x7e, 0x3, 0xc0, 0x0, 0x1, 0x81, 0xf8,
    0x3, 0xb0, 0x0, 0xf, 0x3, 0xe0, 0x7, 0x78,
    0x0, 0xe, 0xf, 0x80, 0xe, 0xe0, 0x0, 0x1c,
    0x3e, 0x0, 0x1d, 0xc0, 0x0, 0x3c, 0xf8, 0x0,
    0x77, 0x80, 0x0, 0x39, 0xe0, 0x1, 0xee, 0x0,
    0x0, 0x7f, 0xc0, 0x1f, 0x9c, 0x0, 0x0, 0xff,
    0xff, 0xfe, 0x38, 0x0, 0x1, 0xff, 0xff, 0xf0,
    0x70, 0x0, 0x3, 0xbf, 0xff, 0x0, 0xe0, 0x0,
    0x7, 0x0, 0x0, 0x1, 0xc0, 0x0, 0xe, 0x0,
    0x0, 0x3, 0x80, 0x0, 0x38, 0x0, 0x0, 0x3,
    0x80, 0x0, 0x70, 0x0, 0x0, 0x7, 0x80, 0x1,
    0xe0, 0x0, 0x0, 0xf, 0x80, 0x7, 0x80, 0x0,
    0x0, 0xf, 0xc0, 0x3e, 0x0, 0x0, 0x0, 0xf,
    0xff, 0xf8, 0x0, 0x0, 0x0, 0xf, 0xff, 0xe0,
    0x0, 0x0, 0x0, 0x3, 0xfe, 0x0, 0x0, 0x0,
    0x0,

    /* U+0636 "ض" */
    0x0, 0x0, 0x0, 0x0, 0x1, 0x0, 0x0, 0x0,
    0x0, 0x0, 0x7, 0x0, 0x0, 0x0, 0x0, 0x0,
    0x1f, 0x0, 0x0, 0x0, 0x0, 0x0, 0x3e, 0x0,
    0x0, 0x0, 0x0, 0x0, 0x38, 0x0, 0x0, 0x0,
    0x0, 0x0, 0x20, 0x0, 0x0, 0x0, 0x0, 0x0,
    0x0, 0x0, 0x0, 0x0, 0x0, 0x0, 0x0, 0x0,
    0x0, 0x0, 0x0, 0x0, 0x0, 0x0, 0x0, 0x0,
    0x0, 0x0, 0x0, 0x0, 0x0, 0x0, 0x0, 0x1f,
    0x0, 0x0, 0x0, 0x0, 0x0, 0xff, 0x80, 0x0,
    0x0, 0x0, 0x7, 0xff, 0x80, 0x0, 0x0, 0x0,
    0x1f, 0xff, 0x80, 0x0, 0x0, 0x0, 0x7f, 0xf,
    0x0, 0x0, 0x0, 0x1, 0xf8, 0xf, 0x0, 0x0,
    0x6, 0x7, 0xe0, 0xe, 0xc0, 0x0, 0x3c, 0xf,
    0x80, 0x1d, 0xe0, 0x0, 0x38, 0x3e, 0x0, 0x3b,
    0x80, 0x0, 0x70, 0xf8, 0x0, 0x77, 0x0, 0x0,
    0xf3, 0xe0, 0x1, 0xde, 0x0, 0x0, 0xe7, 0x80,
    0x7, 0xb8, 0x0, 0x1, 0xff, 0x0, 0x7e, 0x70,
    0x0, 0x3, 0xff, 0xff, 0xf8, 0xe0, 0x0, 0x7,
    0xff, 0xff, 0xc1, 0xc0, 0x0, 0xe, 0xff, 0xfc,
    0x3, 0x80, 0x0, 0x1c, 0x0, 0x0, 0x7, 0x0,
    0x0, 0x38, 0x0, 0x0, 0xe, 0x0, 0x0, 0xe0,
    0x0, 0x0, 0xe, 0x0, 0x1, 0xc0, 0x0, 0x0,
    0x1e, 0x0, 0x7, 0x80, 0x0, 0x0, 0x3e, 0x0,
    0x1e, 0x0, 0x0, 0x0, 0x3f, 0x0, 0xf8, 0x0,
    0x0, 0x0, 0x3f, 0xff, 0xe0, 0x0, 0x0, 0x0,
    0x3f, 0xff, 0x80, 0x0, 0x0, 0x0, 0xf, 0xf8,
    0x0, 0x0, 0x0, 0x0,

    /* U+0637 "ط" */
    0x3, 0x80, 0x0, 0x1, 0xc0, 0x0, 0x0, 0xe0,
    0x0, 0x0, 0x70, 0x0, 0x0, 0x38, 0x0, 0x0,
    0x1c, 0x0, 0x0, 0xe, 0x0, 0x0, 0x7, 0x0,
    0x0, 0x3, 0x80, 0x0, 0x1, 0xc0, 0x0, 0x0,
    0xe0, 0x0, 0x0, 0x70, 0x0, 0x0, 0x38, 0x1f,
    0x80, 0x1c, 0x3f, 0xe0, 0xe, 0x7f, 0xf8, 0x7,
    0x7e, 0x1e, 0x3, 0xfc, 0x7, 0x81, 0xfc, 0x1,
    0xc0, 0xfc, 0x0, 0xe0, 0x7e, 0x0, 0x70, 0x3e,
    0x0, 0x38, 0x1e, 0x0, 0x3c, 0xe, 0x0, 0x1c,
    0xf, 0x0, 0x3e, 0x7, 0x0, 0x7e, 0x7f, 0xff,
    0xfe, 0x3f, 0xff, 0xfc, 0x1f, 0xff, 0xf0, 0x0,

    /* U+0638 "ظ" */
    0x3, 0x80, 0x0, 0x1, 0xc0, 0x0, 0x0, 0xe0,
    0x10, 0x0, 0x70, 0x1c, 0x0, 0x38, 0x1f, 0x0,
    0x1c, 0xf, 0x80, 0xe, 0x3, 0x80, 0x7, 0x0,
    0x0, 0x3, 0x80, 0x0, 0x1, 0xc0, 0x0, 0x0,
    0xe0, 0x0, 0x0, 0x70, 0x0, 0x0, 0x38, 0x1f,
    0x80, 0x1c, 0x3f, 0xe0, 0xe, 0x7f, 0xf8, 0x7,
    0x7e, 0x1e, 0x3, 0xfc, 0x7, 0x81, 0xfc, 0x1,
    0xc0, 0xfc, 0x0, 0xe0, 0x7e, 0x0, 0x70, 0x3e,
    0x0, 0x38, 0x1e, 0x0, 0x3c, 0xe, 0x0, 0x1c,
    0xf, 0x0, 0x3e, 0x7, 0x0, 0x7e, 0x7f, 0xff,
    0xfe, 0x3f, 0xff, 0xfc, 0x1f, 0xff, 0xf0, 0x0,

    /* U+0639 "ع" */
    0x0, 0x7e, 0x0, 0x3, 0xff, 0x0, 0x1f, 0xfc,
    0x0, 0xf0, 0x70, 0x7, 0x80, 0x0, 0x1c, 0x0,
    0x0, 0x70, 0x0, 0x1, 0xc0, 0x0, 0x7, 0x0,
    0x0, 0x1e, 0x0, 0x0, 0x38, 0x0, 0x0, 0xf7,
    0xfc, 0x1, 0xff, 0xf0, 0xf, 0xff, 0x80, 0xff,
    0xfe, 0x7, 0xf8, 0x0, 0x3f, 0x0, 0x0, 0xf0,
    0x0, 0x7, 0x80, 0x0, 0x1c, 0x0, 0x0, 0xf0,
    0x0, 0x3, 0x80, 0x0, 0xe, 0x0, 0x0, 0x38,
    0x0, 0x0, 0xe0, 0x0, 0x3, 0x80, 0x0, 0xe,
    0x0, 0x0, 0x1c, 0x0, 0x0, 0x78, 0x0, 0x1,
    0xf0, 0x0, 0x23, 0xf8, 0x7, 0xc7, 0xff, 0xff,
    0x7, 0xff, 0xfc, 0x3, 0xff, 0x0,

    /* U+063A "غ" */
    0x0, 0x10, 0x0, 0x0, 0xe0, 0x0, 0x7, 0xc0,
    0x0, 0x1f, 0x0, 0x0, 0x38, 0x0, 0x0, 0x40,
    0x0, 0x0, 0x0, 0x0, 0x0, 0x0, 0x0, 0x0,
    0x0, 0x1, 0xf8, 0x0, 0xf, 0xfc, 0x0, 0x7f,
    0xf0, 0x3, 0xc1, 0xc0, 0x1e, 0x0, 0x0, 0x70,
    0x0, 0x1, 0xc0, 0x0, 0x7, 0x0, 0x0, 0x1c,
    0x0, 0x0, 0x78, 0x0, 0x0, 0xe0, 0x0, 0x3,
    0xdf, 0xf0, 0x7, 0xff, 0xc0, 0x3f, 0xfe, 0x3,
    0xff, 0xf8, 0x1f, 0xe0, 0x0, 0xfc, 0x0, 0x3,
    0xc0, 0x0, 0x1e, 0x0, 0x0, 0x70, 0x0, 0x3,
    0xc0, 0x0, 0xe, 0x0, 0x0, 0x38, 0x0, 0x0,
    0xe0, 0x0, 0x3, 0x80, 0x0, 0xe, 0x0, 0x0,
    0x38, 0x0, 0x0, 0x70, 0x0, 0x1, 0xe0, 0x0,
    0x7, 0xc0, 0x0, 0x8f, 0xe0, 0x1f, 0x1f, 0xff,
    0xfc, 0x1f, 0xff, 0xf0, 0xf, 0xfc, 0x0,

    /* U+0640 "ـ" */
    0xff, 0xff, 0xff,

    /* U+0641 "ف" */
    0x0, 0x0, 0x0, 0x0, 0x0, 0x0, 0x0, 0xc0,
    0x0, 0x0, 0x1, 0xe0, 0x0, 0x0, 0x3, 0xe0,
    0x0, 0x0, 0x1, 0xc0, 0x0, 0x0, 0x0, 0x80,
    0x0, 0x0, 0x0, 0x0, 0x0, 0x0, 0x0, 0x0,
    0x0, 0x0, 0x0, 0x0, 0x0, 0x0, 0x1, 0xf0,
    0x0, 0x0, 0x7, 0xf8, 0x0, 0x0, 0x7, 0xfc,
    0x0, 0x0, 0xf, 0x3c, 0x0, 0x0, 0xe, 0x1e,
    0x0, 0x0, 0x1c, 0xe, 0x40, 0x0, 0x1c, 0xe,
    0xf0, 0x0, 0x1c, 0xf, 0xe0, 0x0, 0x1c, 0x7,
    0xe0, 0x0, 0x1e, 0xf, 0xe0, 0x0, 0xf, 0xff,
    0xe0, 0x0, 0xf, 0xff, 0xe0, 0x0, 0x3, 0xff,
    0xf0, 0x0, 0x0, 0x7, 0x78, 0x0, 0x0, 0x7,
    0x7c, 0x0, 0x0, 0xe, 0x3f, 0x80, 0x0, 0x3e,
    0x1f, 0xff, 0xff, 0xfc, 0x7, 0xff, 0xff, 0xf8,
    0x0, 0x7f, 0xff, 0xc0,

    /* U+0642 "ق" */
    0x0, 0x2, 0x0, 0x0, 0x1, 0xc3, 0x0, 0x0,
    0xf9, 0xe0, 0x0, 0x3e, 0x78, 0x0, 0x7, 0xc,
    0x0, 0x0, 0x80, 0x0, 0x0, 0x0, 0x0, 0x0,
    0x0, 0x0, 0x0, 0x0, 0x0, 0x0, 0x0, 0x3e,
    0x0, 0x0, 0x3f, 0xc0, 0x0, 0xf, 0xf8, 0x0,
    0x7, 0x9f, 0x1c, 0x1, 0xc3, 0xc7, 0x0, 0xe0,
    0x79, 0xc0, 0x38, 0x1e, 0xf0, 0xe, 0x7, 0xbc,
    0x3, 0x80, 0xee, 0x0, 0xf0, 0x3b, 0x80, 0x1f,
    0xfe, 0xe0, 0x7, 0xff, 0xb8, 0x0, 0x7f, 0xee,
    0x0, 0x0, 0x3b, 0x80, 0x0, 0xe, 0xe0, 0x0,
    0x7, 0xbc, 0x0, 0x1, 0xe7, 0x0, 0x0, 0x79,
    0xe0, 0x0, 0x3c, 0x3c, 0x0, 0x3e, 0xf, 0xc0,
    0x3f, 0x80, 0xff, 0xff, 0xc0, 0x1f, 0xff, 0xc0,
    0x0, 0xff, 0x80, 0x0,

    /* U+0643 "ك" */
    0x0, 0x0, 0x0, 0x3, 0x80, 0x0, 0x8, 0x1,
    0xc0, 0x0, 0x7c, 0x0, 0xe0, 0x0, 0x7e, 0x0,
    0x70, 0x0, 0x7c, 0x0, 0x38, 0x0, 0x38, 0x0,
    0x1c, 0x0, 0x1c, 0x0, 0xe, 0x0, 0xf, 0x0,
    0x7, 0x0, 0x3, 0xf0, 0x3, 0x80, 0x0, 0xfc,
    0x1, 0xc0, 0x0, 0xf, 0x0, 0xe0, 0x0, 0x3,
    0x80, 0x70, 0x0, 0x1, 0xc0, 0x38, 0x0, 0x1,
    0xe0, 0x1f, 0x80, 0x3f, 0xe0, 0xf, 0xc0, 0x1f,
    0xf0, 0x7, 0xe0, 0xf, 0xe0, 0x3, 0xf0, 0x0,
    0x0, 0x1, 0xf8, 0x0, 0x0, 0x0, 0xfc, 0x0,
    0x0, 0x0, 0x7e, 0x0, 0x0, 0x0, 0x77, 0x80,
    0x0, 0x0, 0x39, 0xe0, 0x0, 0x0, 0x7c, 0xf8,
    0x0, 0x0, 0x7c, 0x3f, 0x80, 0x3, 0xfc, 0xf,
    0xff, 0xff, 0xfc, 0x1, 0xff, 0xff, 0xf8, 0x0,
    0xf, 0xff, 0xc0, 0x0,

    /* U+0644 "ل" */
    0x0, 0x0, 0xe, 0x0, 0x0, 0x1c, 0x0, 0x0,
    0x38, 0x0, 0x0, 0x70, 0x0, 0x0, 0xe0, 0x0,
    0x1, 0xc0, 0x0, 0x3, 0x80, 0x0, 0x7, 0x0,
    0x0, 0xe, 0x0, 0x0, 0x1c, 0x0, 0x0, 0x38,
    0x0, 0x0, 0x70, 0x0, 0x0, 0xe0, 0x0, 0x1,
    0xc0, 0x0, 0x3, 0x80, 0x0, 0x7, 0x0, 0x0,
    0xe, 0x0, 0x0, 0x1c, 0x0, 0x0, 0x38, 0x0,
    0x0, 0x77, 0x0, 0x0, 0xee, 0x0, 0x1, 0xdc,
    0x0, 0x3, 0xf0, 0x0, 0x7, 0xe0, 0x0, 0xf,
    0xc0, 0x0, 0x1f, 0x80, 0x0, 0x3f, 0x0, 0x0,
    0x7e, 0x0, 0x0, 0xfc, 0x0, 0x1, 0xf8, 0x0,
    0x7, 0x38, 0x0, 0xe, 0x70, 0x0, 0x3c, 0xf8,
    0x0, 0xf0, 0xfc, 0x7, 0xc0, 0xff, 0xff, 0x0,
    0xff, 0xfc, 0x0, 0x3f, 0xc0, 0x0,

    /* U+0645 "م" */
    0x0, 0x1f, 0x0, 0x7, 0xf8, 0x0, 0xff, 0xc0,
    0x1f, 0x1e, 0x1, 0xe0, 0xe0, 0x3c, 0x7, 0x3,
    0xc0, 0x70, 0xf8, 0x7, 0x1f, 0xc0, 0x73, 0xfe,
    0x7, 0x7f, 0xf8, 0xf7, 0x9f, 0xfe, 0x70, 0x7f,
    0xcf, 0x0, 0xf8, 0xf0, 0x0, 0xe, 0x0, 0x0,
    0xe0, 0x0, 0xe, 0x0, 0x0, 0xe0, 0x0, 0xe,
    0x0, 0x0, 0xe0, 0x0, 0xe, 0x0, 0x0, 0xe0,
    0x0, 0xe, 0x0, 0x0, 0xe0, 0x0, 0xe, 0x0,
    0x0, 0xe0, 0x0, 0xe, 0x0, 0x0,

    /* U+0646 "ن" */
    0x0, 0x0, 0x0, 0x0, 0xc, 0x0, 0x0, 0xf,
    0x0, 0x0, 0x7, 0xc0, 0x0, 0x1, 0xc0, 0x0,
    0x0, 0x40, 0x39, 0xc0, 0x0, 0x3c, 0xf0, 0x0,
    0xe, 0x70, 0x0, 0x7, 0x38, 0x0, 0x3, 0xfc,
    0x0, 0x0, 0xfc, 0x0, 0x0, 0x7e, 0x0, 0x0,
    0x3f, 0x0, 0x0, 0x1f, 0x80, 0x0, 0xf, 0xc0,
    0x0, 0x7, 0xe0, 0x0, 0x3, 0xf0, 0x0, 0x3,
    0x9c, 0x0, 0x1, 0xcf, 0x0, 0x1, 0xe7, 0xc0,
    0x1, 0xe1, 0xf8, 0x7, 0xe0, 0x7f, 0xff, 0xe0,
    0xf, 0xff, 0xc0, 0x1, 0xff, 0x0, 0x0,

    /* U+0647 "ه" */
    0x4, 0x0, 0x38, 0x1, 0xf0, 0x3, 0xf0, 0x1f,
    0xe0, 0xff, 0x83, 0xdf, 0x1e, 0x3e, 0x70, 0x7b,
    0xc0, 0xfe, 0x1, 0xf8, 0x7, 0xe0, 0x1f, 0x80,
    0x77, 0x87, 0x9f, 0xfe, 0x3f, 0xf0, 0x3f, 0x0,

    /* U+0648 "و" */
    0x7, 0xc0, 0x3f, 0x81, 0xff, 0xf, 0x1c, 0x38,
    0x39, 0xc0, 0xe7, 0x1, 0x9c, 0x7, 0x70, 0x1d,
    0xc0, 0x77, 0x81, 0xcf, 0xff, 0x1f, 0xfc, 0x1f,
    0xf0, 0x1, 0xc0, 0xe, 0x0, 0x38, 0x3, 0xe0,
    0x1f, 0x3, 0xf8, 0xff, 0xc1, 0xfc, 0x7, 0xc0,
    0x0, 0x0,

    /* U+0649 "ى" */
    0x0, 0x0, 0x7, 0x80, 0x0, 0x7, 0xe0, 0x0,
    0x7, 0xf8, 0xc0, 0x3, 0xfe, 0x38, 0x0, 0xfc,
    0x1e, 0x0, 0x78, 0x7, 0x80, 0x1c, 0x1, 0xc0,
    0xf, 0x0, 0x70, 0x3, 0x80, 0x3c, 0x0, 0xe0,
    0xe, 0x0, 0x38, 0x3, 0x80, 0xf, 0xfc, 0xe0,
    0x1, 0xff, 0xb8, 0x0, 0x3f, 0xfe, 0x0, 0x0,
    0x1f, 0x80, 0x0, 0x7, 0xe0, 0x0, 0x1, 0xdc,
    0x0, 0x0, 0xf7, 0x80, 0x0, 0x78, 0xf0, 0x0,
    0x3c, 0x3f, 0x0, 0x7f, 0x7, 0xff, 0xff, 0x0,
    0x7f, 0xff, 0x80, 0x3, 0xff, 0x0,

    /* U+064A "ي" */
    0x0, 0x0, 0x7, 0x80, 0x0, 0x7, 0xe0, 0x0,
    0x7, 0xf8, 0xc0, 0x3, 0xfe, 0x38, 0x0, 0xfc,
    0x1e, 0x0, 0x78, 0x7, 0x80, 0x1c, 0x1, 0xc0,
    0xf, 0x0, 0x70, 0x3, 0x80, 0x3c, 0x0, 0xe0,
    0xe, 0x0, 0x38, 0x3, 0x80, 0xf, 0xfc, 0xe0,
    0x1, 0xff, 0xb8, 0x0, 0x3f, 0xfe, 0x0, 0x0,
    0x1f, 0x80, 0x0, 0x7, 0xe0, 0x0, 0x1, 0xdc,
    0x0, 0x0, 0xf7, 0x80, 0x0, 0x78, 0xf0, 0x0,
    0x3c, 0x3f, 0x0, 0x7f, 0x7, 0xff, 0xff, 0x0,
    0x7f, 0xff, 0x80, 0x3, 0xff, 0x0, 0x0, 0x0,
    0x0, 0x0, 0x0, 0x0, 0x0, 0x0, 0x0, 0x0,
    0x1, 0x4, 0x0, 0x0, 0xe3, 0x80, 0x0, 0x7d,
    0xf0, 0x0, 0x1e, 0x7c, 0x0, 0x3, 0xe, 0x0,
    0x0, 0x1, 0x0, 0x0,

    /* U+064B "ً" */
    0x0, 0x81, 0xc7, 0xcf, 0x8e, 0x4, 0x1c, 0x3e,
    0xf8, 0xf0, 0x40, 0x0,

    /* U+064C "ٌ" */
    0x7, 0x80, 0xe4, 0xc, 0x60, 0xc6, 0xe, 0x60,
    0x76, 0x81, 0xf8, 0x8, 0x81, 0x88, 0x30, 0x46,
    0x3, 0xc0,

    /* U+064D "ٍ" */
    0x0, 0x83, 0xc7, 0xdf, 0xe, 0x8, 0x3c, 0x7d,
    0xf0, 0xe0, 0x40, 0x0,

    /* U+064E "َ" */
    0x0, 0x83, 0xc7, 0xdf, 0xe, 0x0, 0x0,

    /* U+064F "ُ" */
    0x1e, 0xc, 0x63, 0x18, 0xc6, 0x1d, 0x81, 0xf0,
    0x60, 0x30, 0x18, 0x38, 0x0,

    /* U+0650 "ِ" */
    0x0, 0x81, 0xc7, 0xcf, 0x8e, 0x4, 0x0,

    /* U+0651 "ّ" */
    0x0, 0x61, 0x8c, 0x31, 0xe6, 0x3c, 0xc7, 0x9f,
    0xbe, 0xf3, 0x80,

    /* U+0652 "ْ" */
    0x3c, 0x66, 0xc3, 0xc3, 0xc3, 0x66, 0x3c,

    /* U+0653 "ٓ" */
    0x0, 0x0, 0xfe, 0xe7, 0xff, 0xff, 0xff, 0x60,
    0x41, 0x0, 0x0,

    /* U+0654 "ٔ" */
    0xf, 0x1f, 0xdf, 0xef, 0x17, 0x3, 0x81, 0xe2,
    0x7f, 0xff, 0xfe, 0x20, 0x0,

    /* U+0655 "ٕ" */
    0xf, 0x1f, 0xdf, 0xef, 0x17, 0x3, 0x81, 0xe2,
    0x7f, 0xff, 0xfe, 0x20, 0x0,

    /* U+0657 "ٗ" */
    0x1, 0xe0, 0x70, 0x18, 0x6, 0xf, 0xc0, 0x6e,
    0xc, 0xe1, 0x8c, 0x31, 0x83, 0x30, 0x3c, 0x0,

    /* U+065A "ٚ" */
    0xc0, 0xd8, 0x36, 0x18, 0xce, 0x3b, 0x7, 0x80,
    0xe0,

    /* U+0660 "٠" */
    0xf, 0x3, 0xfc, 0x7f, 0xe7, 0xe, 0xe0, 0x7e,
    0x7, 0xe0, 0x7e, 0x7, 0x70, 0xe7, 0xfe, 0x3f,
    0xc0, 0xf0,

    /* U+0661 "١" */
    0x70, 0xe1, 0xc3, 0xc3, 0x87, 0xe, 0xe, 0x1c,
    0x38, 0x70, 0xe1, 0xe1, 0xc3, 0x87, 0xe, 0x1c,
    0x38, 0x70, 0xe1, 0xc3, 0x87, 0xe, 0x1c, 0x38,

    /* U+0662 "٢" */
    0x70, 0x0, 0xee, 0x0, 0x1d, 0xc0, 0x3, 0xbc,
    0x0, 0x73, 0x80, 0xe, 0x78, 0x3, 0xcf, 0x0,
    0x70, 0xf0, 0xe, 0x1f, 0x7, 0xc3, 0xff, 0xf0,
    0x7f, 0xfc, 0xe, 0xfe, 0x1, 0xe0, 0x0, 0x1c,
    0x0, 0x3, 0x80, 0x0, 0x70, 0x0, 0xe, 0x0,
    0x1, 0xc0, 0x0, 0x38, 0x0, 0x7, 0x0, 0x0,
    0xe0, 0x0, 0x1c, 0x0, 0x3, 0x80, 0x0, 0x70,
    0x0, 0xe, 0x0, 0x1, 0xc0, 0x0, 0x38, 0x0,
    0x0,

    /* U+0663 "٣" */
    0x30, 0x0, 0x7, 0xf0, 0xe, 0x7, 0x70, 0xe,
    0x7, 0x78, 0xe, 0x7, 0x38, 0xe, 0x7, 0x38,
    0xe, 0x7, 0x3c, 0xe, 0x7, 0x3c, 0x1f, 0xe,
    0x1e, 0x1f, 0x8e, 0x1f, 0xff, 0xfe, 0x1f, 0xfb,
    0xfc, 0x1d, 0xe1, 0xf8, 0x1c, 0x0, 0x0, 0xe,
    0x0, 0x0, 0xe, 0x0, 0x0, 0xe, 0x0, 0x0,
    0xe, 0x0, 0x0, 0xe, 0x0, 0x0, 0xe, 0x0,
    0x0, 0xe, 0x0, 0x0, 0xe, 0x0, 0x0, 0xe,
    0x0, 0x0, 0xe, 0x0, 0x0, 0xe, 0x0, 0x0,
    0xe, 0x0, 0x0, 0xe, 0x0, 0x0, 0xe, 0x0,
    0x0, 0xe, 0x0, 0x0,

    /* U+0664 "٤" */
    0x0, 0x78, 0xf, 0xf0, 0x3f, 0xe0, 0xff, 0xc3,
    0xf0, 0x7, 0x80, 0xf, 0x0, 0x1e, 0x0, 0x3c,
    0x0, 0x3c, 0x0, 0x7f, 0x80, 0x7f, 0xc0, 0x3f,
    0x80, 0x3f, 0x1, 0xfc, 0x7, 0xe0, 0x3f, 0x0,
    0x7c, 0x1, 0xe0, 0x7, 0xc0, 0xf, 0x0, 0x1e,
    0x0, 0x3e, 0x0, 0x7f, 0x0, 0x7f, 0xfe, 0xff,
    0xfc, 0x7f, 0xf8, 0x1f, 0xf0,

    /* U+0665 "٥" */
    0x0, 0x0, 0x0, 0x18, 0x0, 0x3, 0xc0, 0x0,
    0x7f, 0x0, 0x3, 0xf8, 0x0, 0x7f, 0xc0, 0x7,
    0xfe, 0x0, 0xfb, 0xf0, 0x1f, 0x1f, 0x81, 0xe0,
    0x78, 0x3c, 0x3, 0xc7, 0x80, 0x1c, 0x78, 0x1,
    0xe7, 0x0, 0xe, 0xf0, 0x0, 0xfe, 0x0, 0x7,
    0xe0, 0x0, 0x7e, 0x0, 0x7, 0xe0, 0x0, 0x7e,
    0x0, 0x7, 0xf0, 0x0, 0x77, 0x0, 0xe, 0x78,
    0x1, 0xe3, 0xe0, 0x3c, 0x1f, 0xff, 0xc0, 0xff,
    0xf0, 0x3, 0xfc, 0x0,

    /* U+0666 "٦" */
    0x80, 0x0, 0x47, 0x80, 0x1e, 0x3f, 0xff, 0xf1,
    0xff, 0xff, 0x8f, 0xff, 0xfc, 0xf, 0xfc, 0xe0,
    0x0, 0x7, 0x0, 0x0, 0x38, 0x0, 0x1, 0xc0,
    0x0, 0xe, 0x0, 0x0, 0x70, 0x0, 0x3, 0x80,
    0x0, 0x1c, 0x0, 0x0, 0xe0, 0x0, 0x7, 0x80,
    0x0, 0x3c, 0x0, 0x1, 0xe0, 0x0, 0x7, 0x0,
    0x0, 0x38, 0x0, 0x1, 0xc0, 0x0, 0xe, 0x0,
    0x0, 0x70, 0x0, 0x3, 0xc0, 0x0, 0x1e, 0x0,
    0x0, 0x70, 0x0, 0x3, 0x80, 0x0, 0x1e, 0x0,
    0x0, 0xf0,

    /* U+0667 "٧" */
    0x70, 0x0, 0x33, 0xc0, 0x1, 0xe7, 0x80, 0x7,
    0x9e, 0x0, 0x3c, 0x78, 0x0, 0xf0, 0xf0, 0x3,
    0x83, 0xc0, 0x1e, 0x7, 0x80, 0x78, 0x1e, 0x3,
    0xc0, 0x38, 0xf, 0x0, 0xf0, 0x38, 0x3, 0xc1,
    0xe0, 0x7, 0x7, 0x80, 0x1e, 0x1c, 0x0, 0x78,
    0xf0, 0x0, 0xe3, 0x80, 0x3, 0xce, 0x0, 0xf,
    0x78, 0x0, 0x1d, 0xe0, 0x0, 0x77, 0x0, 0x1,
    0xfc, 0x0, 0x3, 0xf0, 0x0, 0xf, 0x80, 0x0,
    0x3e, 0x0, 0x0, 0xf8, 0x0, 0x1, 0xe0, 0x0,
    0x7, 0x0, 0x0,

    /* U+0668 "٨" */
    0x0, 0x70, 0x0, 0x1, 0xe0, 0x0, 0xf, 0x80,
    0x0, 0x3e, 0x0, 0x0, 0xf8, 0x0, 0x3, 0xf0,
    0x0, 0x1f, 0xc0, 0x0, 0x77, 0x0, 0x1, 0xde,
    0x0, 0xf, 0x78, 0x0, 0x3c, 0xe0, 0x0, 0xe3,
    0xc0, 0x7, 0x8f, 0x0, 0x1e, 0x1c, 0x0, 0x70,
    0x78, 0x3, 0xc1, 0xe0, 0xf, 0x3, 0x80, 0x38,
    0xf, 0x1, 0xe0, 0x3c, 0x7, 0x80, 0x78, 0x3c,
    0x1, 0xe0, 0xf0, 0x3, 0x87, 0x80, 0xf, 0x1e,
    0x0, 0x3c, 0x78, 0x0, 0x7b, 0xc0, 0x1, 0xe7,
    0x0, 0x3, 0x0,

    /* U+0669 "٩" */
    0x7, 0xe0, 0xf, 0xfc, 0xf, 0xff, 0x7, 0x87,
    0xc7, 0x81, 0xe3, 0x80, 0x7b, 0x80, 0x3d, 0xc0,
    0x1e, 0xe0, 0x7, 0x70, 0x3, 0xb8, 0x1, 0xde,
    0x0, 0xe7, 0x81, 0xf3, 0xff, 0xfc, 0xff, 0xfe,
    0x1f, 0xef, 0x0, 0x7, 0x80, 0x3, 0xc0, 0x1,
    0xe0, 0x0, 0xf0, 0x0, 0x78, 0x0, 0x3c, 0x0,
    0x1e, 0x0, 0xf, 0x0, 0x7, 0x80, 0x3, 0xc0,
    0x1, 0xe0, 0x0, 0xf0,

    /* U+066A "٪" */
    0x0, 0x0, 0x0, 0x1, 0xc3, 0x80, 0x7b, 0xf8,
    0x3c, 0xfe, 0xf, 0x3f, 0x87, 0x8f, 0xe1, 0xe0,
    0xe0, 0xf0, 0x0, 0x3c, 0x0, 0x1e, 0x0, 0x7,
    0x80, 0x3, 0xc0, 0x1, 0xe0, 0x0, 0x78, 0x0,
    0x3c, 0x0, 0xf, 0x0, 0x7, 0x80, 0x1, 0xe0,
    0x0, 0xf0, 0x0, 0x3c, 0x1c, 0x1e, 0x1f, 0xc7,
    0x87, 0xf3, 0xc1, 0xfd, 0xf0, 0x7f, 0x78, 0x7,
    0x3c, 0x0, 0x7, 0x0, 0x0, 0x0, 0x0,

    /* U+066B "٫" */
    0x0, 0x60, 0x7, 0x0, 0xe0, 0xe, 0x1, 0xe0,
    0x1c, 0x1, 0xc0, 0x38, 0x3, 0x80, 0x70, 0x7,
    0x0, 0xe0, 0xe, 0x0, 0xe0, 0x1c, 0x1, 0xc0,
    0x38, 0x3, 0x80, 0x70, 0x7, 0x0, 0xf0, 0x2,
    0x0,

    /* U+066C "٬" */
    0x79, 0xfb, 0xff, 0xff, 0xef, 0x83, 0x6, 0x18,
    0x30, 0xc1, 0x6, 0x8, 0x0,

    /* U+066D "٭" */
    0x0, 0x20, 0x0, 0x0, 0x80, 0x0, 0x2, 0x0,
    0x0, 0x1c, 0x0, 0x0, 0x70, 0x0, 0x1, 0xc0,
    0x0, 0xf, 0x80, 0x0, 0x3e, 0x0, 0xff, 0xff,
    0xf8, 0xff, 0xff, 0xc1, 0xff, 0xfc, 0x3, 0xff,
    0xe0, 0x3, 0xff, 0x0, 0xf, 0xf8, 0x0, 0x3f,
    0xe0, 0x0, 0xff, 0xc0, 0x7, 0xdf, 0x0, 0x1e,
    0x1c, 0x0, 0x60, 0x38, 0x3, 0x0, 0x60, 0x10,
    0x0, 0x80,

    /* U+066E "ٮ" */
    0x40, 0x0, 0x0, 0x2, 0xf0, 0x0, 0x0, 0xe,
    0xe0, 0x0, 0x0, 0x7, 0xe0, 0x0, 0x0, 0x7,
    0xe0, 0x0, 0x0, 0x7, 0xe0, 0x0, 0x0, 0x7,
    0xe0, 0x0, 0x0, 0x7, 0xf0, 0x0, 0x0, 0x7,
    0x78, 0x0, 0x0, 0xf, 0x7c, 0x0, 0x0, 0x1e,
    0x3f, 0x80, 0x1, 0xfe, 0x1f, 0xff, 0xff, 0xfc,
    0x7, 0xff, 0xff, 0xf0, 0x0, 0x7f, 0xfe, 0x0,

    /* U+066F "ٯ" */
    0x0, 0x0, 0xf8, 0x0, 0x0, 0xff, 0x0, 0x0,
    0x3f, 0xe0, 0x0, 0x1e, 0x7c, 0x70, 0x7, 0xf,
    0x1c, 0x3, 0x81, 0xe7, 0x0, 0xe0, 0x7b, 0xc0,
    0x38, 0x1e, 0xf0, 0xe, 0x3, 0xb8, 0x3, 0xc0,
    0xee, 0x0, 0x7f, 0xfb, 0x80, 0x1f, 0xfe, 0xe0,
    0x1, 0xff, 0xb8, 0x0, 0x0, 0xee, 0x0, 0x0,
    0x3b, 0x80, 0x0, 0x1e, 0xf0, 0x0, 0x7, 0x9c,
    0x0, 0x1, 0xe7, 0x80, 0x0, 0xf0, 0xf0, 0x0,
    0xf8, 0x3f, 0x0, 0xfe, 0x3, 0xff, 0xff, 0x0,
    0x7f, 0xff, 0x0, 0x3, 0xfe, 0x0,

    /* U+0670 "ٰ" */
    0xff, 0xff,

    /* U+0674 "ٴ" */
    0xf, 0x1f, 0xdf, 0xef, 0x17, 0x3, 0x81, 0xe2,
    0x7f, 0xff, 0xfe, 0x20, 0x0,

    /* U+067E "پ" */
    0x40, 0x0, 0x0, 0x2, 0xf0, 0x0, 0x0, 0xe,
    0xe0, 0x0, 0x0, 0x7, 0xe0, 0x0, 0x0, 0x7,
    0xe0, 0x0, 0x0, 0x7, 0xe0, 0x0, 0x0, 0x7,
    0xe0, 0x0, 0x0, 0x7, 0xf0, 0x0, 0x0, 0x7,
    0x78, 0x0, 0x0, 0xf, 0x7c, 0x0, 0x0, 0x1e,
    0x3f, 0x80, 0x1, 0xfe, 0x1f, 0xff, 0xff, 0xfc,
    0x7, 0xff, 0xff, 0xf0, 0x0, 0x7f, 0xfe, 0x0,
    0x0, 0x0, 0x0, 0x0, 0x0, 0x0, 0x0, 0x0,
    0x0, 0x0, 0x0, 0x0, 0x0, 0x8, 0x10, 0x0,
    0x0, 0x1c, 0x38, 0x0, 0x0, 0x3e, 0x7c, 0x0,
    0x0, 0x1e, 0x7c, 0x0, 0x0, 0xc, 0x38, 0x0,
    0x0, 0x0, 0x10, 0x0, 0x0, 0x1, 0x80, 0x0,
    0x0, 0x3, 0xc0, 0x0, 0x0, 0x3, 0xe0, 0x0,
    0x0, 0x1, 0xc0, 0x0, 0x0, 0x0, 0x80, 0x0,

    /* U+0686 "چ" */
    0xf, 0xc0, 0x0, 0xff, 0xc0, 0x7, 0xff, 0xc0,
    0x3e, 0x3f, 0xc0, 0xe0, 0x1f, 0xe1, 0x80, 0x1f,
    0xf0, 0x0, 0xff, 0xc0, 0x1f, 0xff, 0x1, 0xff,
    0x0, 0x1f, 0xe0, 0x0, 0xfc, 0x0, 0x7, 0xc0,
    0x0, 0x3e, 0x0, 0x0, 0xf0, 0x0, 0x7, 0x82,
    0x8, 0x1c, 0x1c, 0x70, 0xf0, 0xfb, 0xe3, 0x83,
    0xcf, 0x8e, 0x6, 0x1c, 0x38, 0x1, 0x20, 0xe0,
    0xc, 0x3, 0x80, 0x78, 0xe, 0x1, 0xf0, 0x3c,
    0x3, 0x80, 0x70, 0x4, 0x1, 0xe0, 0x0, 0x3,
    0xc0, 0x0, 0x47, 0xe0, 0xf, 0xf, 0xff, 0xfc,
    0x1f, 0xff, 0xf0, 0xf, 0xfc, 0x0,

    /* U+0698 "ژ" */
    0x0, 0x0, 0x0, 0x60, 0x0, 0xf0, 0x0, 0xf0,
    0x0, 0x60, 0x0, 0x0, 0x3, 0xc, 0x7, 0x9e,
    0xf, 0xbe, 0x7, 0x1c, 0x2, 0xc, 0x0, 0x0,
    0x0, 0x0, 0x0, 0x0, 0x0, 0x0, 0x0, 0x38,
    0x0, 0x38, 0x0, 0x38, 0x0, 0x3c, 0x0, 0x1c,
    0x0, 0x1c, 0x0, 0x1c, 0x0, 0x1c, 0x0, 0x1c,
    0x0, 0x1c, 0x0, 0x3c, 0x0, 0x38, 0x0, 0x78,
    0x0, 0xf0, 0x1, 0xf0, 0xf, 0xe0, 0xff, 0xc0,
    0xff, 0x0, 0x7c, 0x0, 0x40, 0x0,

    /* U+06A1 "ڡ" */
    0x0, 0x0, 0x1, 0xf0, 0x0, 0x0, 0x7, 0xf8,
    0x0, 0x0, 0x7, 0xfc, 0x0, 0x0, 0xf, 0x3c,
    0x0, 0x0, 0xe, 0x1e, 0x0, 0x0, 0x1c, 0xe,
    0x40, 0x0, 0x1c, 0xe, 0xf0, 0x0, 0x1c, 0xf,
    0xe0, 0x0, 0x1c, 0x7, 0xe0, 0x0, 0x1e, 0xf,
    0xe0, 0x0, 0xf, 0xff, 0xe0, 0x0, 0xf, 0xff,
    0xe0, 0x0, 0x3, 0xff, 0xf0, 0x0, 0x0, 0x7,
    0x78, 0x0, 0x0, 0x7, 0x7c, 0x0, 0x0, 0xe,
    0x3f, 0x80, 0x0, 0x3e, 0x1f, 0xff, 0xff, 0xfc,
    0x7, 0xff, 0xff, 0xf8, 0x0, 0x7f, 0xff, 0xc0,

    /* U+06A9 "ک" */
    0x0, 0x0, 0x0, 0x0, 0x40, 0x0, 0x0, 0x0,
    0x70, 0x0, 0x0, 0x0, 0xfc, 0x0, 0x0, 0x1,
    0xff, 0x0, 0x0, 0x1, 0xff, 0x0, 0x0, 0x3,
    0xfe, 0x0, 0x0, 0x3, 0xfe, 0x0, 0x0, 0x0,
    0xfc, 0x0, 0x0, 0x0, 0x78, 0x0, 0x0, 0x0,
    0x1e, 0x0, 0x0, 0x0, 0x7, 0xc0, 0x0, 0x0,
    0x0, 0xf8, 0x0, 0x0, 0x0, 0x1f, 0x80, 0x0,
    0x0, 0x3, 0xf0, 0x4, 0x0, 0x0, 0x3e, 0x3,
    0xc0, 0x0, 0x7, 0xc0, 0xe0, 0x0, 0x0, 0xf0,
    0x38, 0x0, 0x0, 0x1e, 0xe, 0x0, 0x0, 0x3,
    0x83, 0x80, 0x0, 0x0, 0x70, 0xe0, 0x0, 0x0,
    0x1c, 0x3c, 0x0, 0x0, 0x7, 0x7, 0x80, 0x0,
    0x1, 0xc1, 0xf0, 0x0, 0x0, 0xf0, 0x3f, 0x80,
    0x0, 0xf8, 0x7, 0xff, 0xff, 0xfc, 0x0, 0x7f,
    0xff, 0xfe, 0x0, 0x1, 0xff, 0xfc, 0x0,

    /* U+06AF "گ" */
    0x0, 0x0, 0x0, 0x0, 0x80, 0x0, 0x0, 0x1,
    0xc0, 0x0, 0x0, 0x7, 0xe0, 0x0, 0x0, 0x1f,
    0xc0, 0x0, 0x0, 0x3f, 0x0, 0x0, 0x0, 0xfe,
    0x0, 0x0, 0x0, 0xf8, 0xe, 0x0, 0x0, 0x70,
    0x1f, 0x0, 0x0, 0x0, 0x7f, 0x80, 0x0, 0x0,
    0xff, 0x80, 0x0, 0x3, 0xfe, 0x0, 0x0, 0x7,
    0xfc, 0x0, 0x0, 0x7, 0xf0, 0x0, 0x0, 0x3,
    0xc0, 0x0, 0x0, 0x1, 0xe0, 0x0, 0x0, 0x0,
    0xf8, 0x0, 0x0, 0x0, 0x3e, 0x0, 0x0, 0x0,
    0xf, 0x80, 0x0, 0x0, 0x3, 0xf0, 0x8, 0x0,
    0x0, 0xfc, 0xf, 0x0, 0x0, 0x1f, 0x7, 0x0,
    0x0, 0x7, 0x83, 0x80, 0x0, 0x1, 0xe1, 0xc0,
    0x0, 0x0, 0x70, 0xe0, 0x0, 0x0, 0x1c, 0x70,
    0x0, 0x0, 0xe, 0x3c, 0x0, 0x0, 0x7, 0xf,
    0x0, 0x0, 0x3, 0x87, 0xc0, 0x0, 0x3, 0xc1,
    0xfc, 0x0, 0x7, 0xc0, 0x7f, 0xff, 0xff, 0xc0,
    0xf, 0xff, 0xff, 0xc0, 0x0, 0x7f, 0xff, 0x0,
    0x0,

    /* U+06BA "ں" */
    0x0, 0x0, 0x7, 0x38, 0x0, 0x7, 0x9e, 0x0,
    0x1, 0xce, 0x0, 0x0, 0xe7, 0x0, 0x0, 0x7f,
    0x80, 0x0, 0x1f, 0x80, 0x0, 0xf, 0xc0, 0x0,
    0x7, 0xe0, 0x0, 0x3, 0xf0, 0x0, 0x1, 0xf8,
    0x0, 0x0, 0xfc, 0x0, 0x0, 0x7e, 0x0, 0x0,
    0x73, 0x80, 0x0, 0x39, 0xe0, 0x0, 0x3c, 0xf8,
    0x0, 0x3c, 0x3f, 0x0, 0xfc, 0xf, 0xff, 0xfc,
    0x1, 0xff, 0xf8, 0x0, 0x3f, 0xe0, 0x0,

    /* U+06C0 "ۀ" */
    0x0, 0xe0, 0xf, 0x80, 0x7e, 0x3, 0x80, 0xc,
    0x0, 0x3f, 0x0, 0xfe, 0x1, 0xf8, 0x0, 0x60,
    0x3, 0x80, 0x1c, 0x1f, 0xf0, 0x7f, 0x81, 0xf8,
    0x0, 0x0, 0x0, 0x0, 0x0, 0x0, 0x10, 0x0,
    0xe0, 0x7, 0xc0, 0xf, 0xc0, 0x7f, 0x83, 0xfe,
    0xf, 0x7c, 0x78, 0xf9, 0xc1, 0xef, 0x3, 0xf8,
    0x7, 0xe0, 0x1f, 0x80, 0x7e, 0x1, 0xde, 0x1e,
    0x7f, 0xf8, 0xff, 0xc0, 0xfc, 0x0,

    /* U+06CA "ۊ" */
    0x0, 0x0, 0x61, 0x83, 0xcf, 0xf, 0x3c, 0x18,
    0x60, 0x0, 0x0, 0x0, 0x0, 0x0, 0x0, 0x0,
    0x1f, 0x0, 0xfe, 0x7, 0xfc, 0x3c, 0x70, 0xe0,
    0xe7, 0x3, 0x9c, 0x6, 0x70, 0x1d, 0xc0, 0x77,
    0x1, 0xde, 0x7, 0x3f, 0xfc, 0x7f, 0xf0, 0x7f,
    0xc0, 0x7, 0x0, 0x38, 0x0, 0xe0, 0xf, 0x80,
    0x7c, 0xf, 0xe3, 0xff, 0x7, 0xf0, 0x1f, 0x0,
    0x0, 0x0,

    /* U+06CC "ی" */
    0x0, 0x0, 0x7, 0x80, 0x0, 0x7, 0xe0, 0x0,
    0x7, 0xf8, 0xc0, 0x3, 0xfe, 0x38, 0x0, 0xfc,
    0x1e, 0x0, 0x78, 0x7, 0x80, 0x1c, 0x1, 0xc0,
    0xf, 0x0, 0x70, 0x3, 0x80, 0x3c, 0x0, 0xe0,
    0xe, 0x0, 0x38, 0x3, 0x80, 0xf, 0xfc, 0xe0,
    0x1, 0xff, 0xb8, 0x0, 0x3f, 0xfe, 0x0, 0x0,
    0x1f, 0x80, 0x0, 0x7, 0xe0, 0x0, 0x1, 0xdc,
    0x0, 0x0, 0xf7, 0x80, 0x0, 0x78, 0xf0, 0x0,
    0x3c, 0x3f, 0x0, 0x7f, 0x7, 0xff, 0xff, 0x0,
    0x7f, 0xff, 0x80, 0x3, 0xff, 0x0,

    /* U+06D5 "ە" */
    0x4, 0x0, 0x38, 0x1, 0xf0, 0x3, 0xf0, 0x1f,
    0xe0, 0xff, 0x83, 0xdf, 0x1e, 0x3e, 0x70, 0x7b,
    0xc0, 0xfe, 0x1, 0xf8, 0x7, 0xe0, 0x1f, 0x80,
    0x77, 0x87, 0x9f, 0xfe, 0x3f, 0xf0, 0x3f, 0x0,

    /* U+06F0 "۰" */
    0xf, 0x3, 0xfc, 0x7f, 0xe7, 0xe, 0xe0, 0x7e,
    0x7, 0xe0, 0x7e, 0x7, 0x70, 0xe7, 0xfe, 0x3f,
    0xc0, 0xf0,

    /* U+06F1 "۱" */
    0x70, 0xe1, 0xc3, 0xc3, 0x87, 0xe, 0xe, 0x1c,
    0x38, 0x70, 0xe1, 0xe1, 0xc3, 0x87, 0xe, 0x1c,
    0x38, 0x70, 0xe1, 0xc3, 0x87, 0xe, 0x1c, 0x38,

    /* U+06F2 "۲" */
    0x70, 0x0, 0xee, 0x0, 0x1d, 0xc0, 0x3, 0xbc,
    0x0, 0x73, 0x80, 0xe, 0x78, 0x3, 0xcf, 0x0,
    0x70, 0xf0, 0xe, 0x1f, 0x7, 0xc3, 0xff, 0xf0,
    0x7f, 0xfc, 0xe, 0xfe, 0x1, 0xe0, 0x0, 0x1c,
    0x0, 0x3, 0x80, 0x0, 0x70, 0x0, 0xe, 0x0,
    0x1, 0xc0, 0x0, 0x38, 0x0, 0x7, 0x0, 0x0,
    0xe0, 0x0, 0x1c, 0x0, 0x3, 0x80, 0x0, 0x70,
    0x0, 0xe, 0x0, 0x1, 0xc0, 0x0, 0x38, 0x0,
    0x0,

    /* U+06F3 "۳" */
    0x30, 0x0, 0x7, 0xf0, 0xe, 0x7, 0x70, 0xe,
    0x7, 0x78, 0xe, 0x7, 0x38, 0xe, 0x7, 0x38,
    0xe, 0x7, 0x3c, 0xe, 0x7, 0x3c, 0x1f, 0xe,
    0x1e, 0x1f, 0x8e, 0x1f, 0xff, 0xfe, 0x1f, 0xfb,
    0xfc, 0x1d, 0xe1, 0xf8, 0x1c, 0x0, 0x0, 0xe,
    0x0, 0x0, 0xe, 0x0, 0x0, 0xe, 0x0, 0x0,
    0xe, 0x0, 0x0, 0xe, 0x0, 0x0, 0xe, 0x0,
    0x0, 0xe, 0x0, 0x0, 0xe, 0x0, 0x0, 0xe,
    0x0, 0x0, 0xe, 0x0, 0x0, 0xe, 0x0, 0x0,
    0xe, 0x0, 0x0, 0xe, 0x0, 0x0, 0xe, 0x0,
    0x0, 0xe, 0x0, 0x0,

    /* U+06F4 "۴" */
    0x30, 0x1f, 0x9e, 0xf, 0xf9, 0xc3, 0xff, 0x3c,
    0xf8, 0x3, 0x9c, 0x0, 0x77, 0x80, 0xe, 0xe0,
    0x1, 0xfc, 0x0, 0x1f, 0x0, 0x3, 0xe0, 0x0,
    0x7e, 0x0, 0xf, 0xe0, 0x31, 0xff, 0xfe, 0x1b,
    0xff, 0xc3, 0x8f, 0xf0, 0x70, 0x0, 0xe, 0x0,
    0x1, 0xc0, 0x0, 0x38, 0x0, 0x7, 0x0, 0x0,
    0xe0, 0x0, 0x1c, 0x0, 0x3, 0x80, 0x0, 0x70,
    0x0, 0xe, 0x0, 0x1, 0xc0, 0x0, 0x38, 0x0,
    0x7, 0x0, 0x0,

    /* U+06F5 "۵" */
    0x0, 0x80, 0x0, 0x6, 0x0, 0x0, 0x78, 0x0,
    0x7, 0xe0, 0x0, 0x1f, 0x80, 0x1, 0xfe, 0x0,
    0xf, 0xf0, 0x0, 0xf7, 0xc0, 0xf, 0x9f, 0x0,
    0x78, 0x7c, 0x7, 0x81, 0xe0, 0x3c, 0x7, 0x83,
    0xc0, 0x3c, 0x1e, 0x0, 0xf1, 0xe0, 0x3, 0x8f,
    0x0, 0x1e, 0x70, 0x0, 0x73, 0x80, 0x3, 0xbc,
    0x1c, 0x1f, 0xc0, 0xe0, 0x7e, 0x7, 0x3, 0xf0,
    0x7c, 0x1f, 0x83, 0xe0, 0xfc, 0x1f, 0x87, 0xf1,
    0xdc, 0x7b, 0xfe, 0xff, 0x9f, 0xe3, 0xfc, 0x3e,
    0x7, 0x80,

    /* U+06F6 "۶" */
    0x7, 0xf0, 0xf, 0xf8, 0xf, 0xfc, 0xf, 0x80,
    0x7, 0x0, 0x7, 0x80, 0x3, 0x80, 0x1, 0xc0,
    0x0, 0xe0, 0x0, 0x78, 0x0, 0xde, 0x1, 0xef,
    0xff, 0xf3, 0xff, 0xf0, 0xff, 0xe0, 0x7, 0xe0,
    0x7, 0xc0, 0x3, 0xc0, 0x3, 0xc0, 0x3, 0xc0,
    0x1, 0xe0, 0x1, 0xe0, 0x1, 0xe0, 0x0, 0xf0,
    0x0, 0x70, 0x0, 0x70, 0x0, 0x38, 0x0, 0x1c,
    0x0, 0x0,

    /* U+06F7 "۷" */
    0x70, 0x0, 0x33, 0xc0, 0x1, 0xe7, 0x80, 0x7,
    0x9e, 0x0, 0x3c, 0x78, 0x0, 0xf0, 0xf0, 0x3,
    0x83, 0xc0, 0x1e, 0x7, 0x80, 0x78, 0x1e, 0x3,
    0xc0, 0x38, 0xf, 0x0, 0xf0, 0x38, 0x3, 0xc1,
    0xe0, 0x7, 0x7, 0x80, 0x1e, 0x1c, 0x0, 0x78,
    0xf0, 0x0, 0xe3, 0x80, 0x3, 0xce, 0x0, 0xf,
    0x78, 0x0, 0x1d, 0xe0, 0x0, 0x77, 0x0, 0x1,
    0xfc, 0x0, 0x3, 0xf0, 0x0, 0xf, 0x80, 0x0,
    0x3e, 0x0, 0x0, 0xf8, 0x0, 0x1, 0xe0, 0x0,
    0x7, 0x0, 0x0,

    /* U+06F8 "۸" */
    0x0, 0x70, 0x0, 0x1, 0xe0, 0x0, 0xf, 0x80,
    0x0, 0x3e, 0x0, 0x0, 0xf8, 0x0, 0x3, 0xf0,
    0x0, 0x1f, 0xc0, 0x0, 0x77, 0x0, 0x1, 0xde,
    0x0, 0xf, 0x78, 0x0, 0x3c, 0xe0, 0x0, 0xe3,
    0xc0, 0x7, 0x8f, 0x0, 0x1e, 0x1c, 0x0, 0x70,
    0x78, 0x3, 0xc1, 0xe0, 0xf, 0x3, 0x80, 0x38,
    0xf, 0x1, 0xe0, 0x3c, 0x7, 0x80, 0x78, 0x3c,
    0x1, 0xe0, 0xf0, 0x3, 0x87, 0x80, 0xf, 0x1e,
    0x0, 0x3c, 0x78, 0x0, 0x7b, 0xc0, 0x1, 0xe7,
    0x0, 0x3, 0x0,

    /* U+06F9 "۹" */
    0x7, 0xe0, 0xf, 0xfc, 0xf, 0xff, 0x7, 0x87,
    0xc7, 0x81, 0xe3, 0x80, 0x7b, 0x80, 0x3d, 0xc0,
    0x1e, 0xe0, 0x7, 0x70, 0x3, 0xb8, 0x1, 0xde,
    0x0, 0xe7, 0x81, 0xf3, 0xff, 0xfc, 0xff, 0xfe,
    0x1f, 0xef, 0x0, 0x7, 0x80, 0x3, 0xc0, 0x1,
    0xe0, 0x0, 0xf0, 0x0, 0x78, 0x0, 0x3c, 0x0,
    0x1e, 0x0, 0xf, 0x0, 0x7, 0x80, 0x3, 0xc0,
    0x1, 0xe0, 0x0, 0xf0
};


/*---------------------
 *  GLYPH DESCRIPTION
 *--------------------*/

static const lv_font_fmt_txt_glyph_dsc_t glyph_dsc[] = {
    {.bitmap_index = 0, .adv_w = 0, .box_w = 0, .box_h = 0, .ofs_x = 0, .ofs_y = 0} /* id = 0 reserved */,
    {.bitmap_index = 0, .adv_w = 175, .box_w = 1, .box_h = 1, .ofs_x = 0, .ofs_y = 0},
    {.bitmap_index = 1, .adv_w = 200, .box_w = 5, .box_h = 29, .ofs_x = 4, .ofs_y = 0},
    {.bitmap_index = 20, .adv_w = 205, .box_w = 8, .box_h = 10, .ofs_x = 3, .ofs_y = 21},
    {.bitmap_index = 30, .adv_w = 398, .box_w = 22, .box_h = 29, .ofs_x = 1, .ofs_y = 0},
    {.bitmap_index = 110, .adv_w = 359, .box_w = 18, .box_h = 38, .ofs_x = 2, .ofs_y = -4},
    {.bitmap_index = 196, .adv_w = 469, .box_w = 26, .box_h = 29, .ofs_x = 2, .ofs_y = 0},
    {.bitmap_index = 291, .adv_w = 398, .box_w = 23, .box_h = 29, .ofs_x = 2, .ofs_y = 0},
    {.bitmap_index = 375, .adv_w = 112, .box_w = 3, .box_h = 9, .ofs_x = 2, .ofs_y = 21},
    {.bitmap_index = 379, .adv_w = 219, .box_w = 11, .box_h = 42, .ofs_x = 3, .ofs_y = -9},
    {.bitmap_index = 437, .adv_w = 223, .box_w = 11, .box_h = 42, .ofs_x = 0, .ofs_y = -9},
    {.bitmap_index = 495, .adv_w = 276, .box_w = 17, .box_h = 17, .ofs_x = 0, .ofs_y = 12},
    {.bitmap_index = 532, .adv_w = 363, .box_w = 19, .box_h = 21, .ofs_x = 2, .ofs_y = 3},
    {.bitmap_index = 582, .adv_w = 126, .box_w = 6, .box_h = 10, .ofs_x = 0, .ofs_y = -6},
    {.bitmap_index = 590, .adv_w = 177, .box_w = 10, .box_h = 3, .ofs_x = 1, .ofs_y = 11},
    {.bitmap_index = 594, .adv_w = 200, .box_w = 5, .box_h = 5, .ofs_x = 4, .ofs_y = 0},
    {.bitmap_index = 598, .adv_w = 264, .box_w = 15, .box_h = 32, .ofs_x = 0, .ofs_y = -3},
    {.bitmap_index = 658, .adv_w = 359, .box_w = 18, .box_h = 29, .ofs_x = 2, .ofs_y = 0},
    {.bitmap_index = 724, .adv_w = 359, .box_w = 12, .box_h = 29, .ofs_x = 3, .ofs_y = 0},
    {.bitmap_index = 768, .adv_w = 359, .box_w = 19, .box_h = 29, .ofs_x = 2, .ofs_y = 0},
    {.bitmap_index = 837, .adv_w = 359, .box_w = 18, .box_h = 29, .ofs_x = 2, .ofs_y = 0},
    {.bitmap_index = 903, .adv_w = 359, .box_w = 21, .box_h = 29, .ofs_x = 1, .ofs_y = 0},
    {.bitmap_index = 980, .adv_w = 359, .box_w = 18, .box_h = 29, .ofs_x = 3, .ofs_y = 0},
    {.bitmap_index = 1046, .adv_w = 359, .box_w = 18, .box_h = 29, .ofs_x = 3, .ofs_y = 0},
    {.bitmap_index = 1112, .adv_w = 359, .box_w = 19, .box_h = 29, .ofs_x = 1, .ofs_y = 0},
    {.bitmap_index = 1181, .adv_w = 359, .box_w = 18, .box_h = 29, .ofs_x = 2, .ofs_y = 0},
    {.bitmap_index = 1247, .adv_w = 359, .box_w = 18, .box_h = 29, .ofs_x = 2, .ofs_y = 0},
    {.bitmap_index = 1313, .adv_w = 200, .box_w = 5, .box_h = 23, .ofs_x = 4, .ofs_y = 0},
    {.bitmap_index = 1328, .adv_w = 135, .box_w = 7, .box_h = 29, .ofs_x = 1, .ofs_y = -6},
    {.bitmap_index = 1354, .adv_w = 325, .box_w = 16, .box_h = 18, .ofs_x = 1, .ofs_y = 4},
    {.bitmap_index = 1390, .adv_w = 351, .box_w = 16, .box_h = 11, .ofs_x = 3, .ofs_y = 8},
    {.bitmap_index = 1412, .adv_w = 334, .box_w = 17, .box_h = 18, .ofs_x = 3, .ofs_y = 4},
    {.bitmap_index = 1451, .adv_w = 302, .box_w = 16, .box_h = 29, .ofs_x = 1, .ofs_y = 0},
    {.bitmap_index = 1509, .adv_w = 575, .box_w = 32, .box_h = 38, .ofs_x = 2, .ofs_y = -8},
    {.bitmap_index = 1661, .adv_w = 418, .box_w = 25, .box_h = 29, .ofs_x = 1, .ofs_y = 0},
    {.bitmap_index = 1752, .adv_w = 398, .box_w = 19, .box_h = 29, .ofs_x = 3, .ofs_y = 0},
    {.bitmap_index = 1821, .adv_w = 417, .box_w = 22, .box_h = 29, .ofs_x = 2, .ofs_y = 0},
    {.bitmap_index = 1901, .adv_w = 420, .box_w = 21, .box_h = 29, .ofs_x = 3, .ofs_y = 0},
    {.bitmap_index = 1978, .adv_w = 364, .box_w = 18, .box_h = 29, .ofs_x = 3, .ofs_y = 0},
    {.bitmap_index = 2044, .adv_w = 354, .box_w = 18, .box_h = 29, .ofs_x = 3, .ofs_y = 0},
    {.bitmap_index = 2110, .adv_w = 436, .box_w = 22, .box_h = 29, .ofs_x = 2, .ofs_y = 0},
    {.bitmap_index = 2190, .adv_w = 456, .box_w = 22, .box_h = 29, .ofs_x = 3, .ofs_y = 0},
    {.bitmap_index = 2270, .adv_w = 174, .box_w = 4, .box_h = 29, .ofs_x = 4, .ofs_y = 0},
    {.bitmap_index = 2285, .adv_w = 353, .box_w = 18, .box_h = 29, .ofs_x = 1, .ofs_y = 0},
    {.bitmap_index = 2351, .adv_w = 401, .box_w = 22, .box_h = 29, .ofs_x = 3, .ofs_y = 0},
    {.bitmap_index = 2431, .adv_w = 344, .box_w = 18, .box_h = 29, .ofs_x = 3, .ofs_y = 0},
    {.bitmap_index = 2497, .adv_w = 559, .box_w = 29, .box_h = 29, .ofs_x = 3, .ofs_y = 0},
    {.bitmap_index = 2603, .adv_w = 456, .box_w = 22, .box_h = 29, .ofs_x = 3, .ofs_y = 0},
    {.bitmap_index = 2683, .adv_w = 440, .box_w = 23, .box_h = 29, .ofs_x = 2, .ofs_y = 0},
    {.bitmap_index = 2767, .adv_w = 404, .box_w = 21, .box_h = 29, .ofs_x = 3, .ofs_y = 0},
    {.bitmap_index = 2844, .adv_w = 440, .box_w = 23, .box_h = 34, .ofs_x = 2, .ofs_y = -5},
    {.bitmap_index = 2942, .adv_w = 394, .box_w = 20, .box_h = 29, .ofs_x = 3, .ofs_y = 0},
    {.bitmap_index = 3015, .adv_w = 380, .box_w = 21, .box_h = 29, .ofs_x = 2, .ofs_y = 0},
    {.bitmap_index = 3092, .adv_w = 382, .box_w = 22, .box_h = 29, .ofs_x = 1, .ofs_y = 0},
    {.bitmap_index = 3172, .adv_w = 415, .box_w = 21, .box_h = 29, .ofs_x = 3, .ofs_y = 0},
    {.bitmap_index = 3249, .adv_w = 407, .box_w = 24, .box_h = 29, .ofs_x = 1, .ofs_y = 0},
    {.bitmap_index = 3336, .adv_w = 568, .box_w = 34, .box_h = 29, .ofs_x = 1, .ofs_y = 0},
    {.bitmap_index = 3460, .adv_w = 401, .box_w = 23, .box_h = 29, .ofs_x = 1, .ofs_y = 0},
    {.bitmap_index = 3544, .adv_w = 384, .box_w = 24, .box_h = 29, .ofs_x = 0, .ofs_y = 0},
    {.bitmap_index = 3631, .adv_w = 383, .box_w = 21, .box_h = 29, .ofs_x = 2, .ofs_y = 0},
    {.bitmap_index = 3708, .adv_w = 170, .box_w = 8, .box_h = 39, .ofs_x = 3, .ofs_y = -6},
    {.bitmap_index = 3747, .adv_w = 263, .box_w = 15, .box_h = 32, .ofs_x = 1, .ofs_y = -3},
    {.bitmap_index = 3807, .adv_w = 170, .box_w = 8, .box_h = 39, .ofs_x = 1, .ofs_y = -6},
    {.bitmap_index = 3846, .adv_w = 268, .box_w = 14, .box_h = 15, .ofs_x = 1, .ofs_y = 15},
    {.bitmap_index = 3873, .adv_w = 289, .box_w = 18, .box_h = 3, .ofs_x = 1, .ofs_y = -3},
    {.bitmap_index = 3880, .adv_w = 198, .box_w = 8, .box_h = 6, .ofs_x = 1, .ofs_y = 25},
    {.bitmap_index = 3886, .adv_w = 348, .box_w = 18, .box_h = 22, .ofs_x = 2, .ofs_y = 0},
    {.bitmap_index = 3936, .adv_w = 359, .box_w = 18, .box_h = 30, .ofs_x = 3, .ofs_y = 0},
    {.bitmap_index = 4004, .adv_w = 335, .box_w = 18, .box_h = 22, .ofs_x = 2, .ofs_y = 0},
    {.bitmap_index = 4054, .adv_w = 361, .box_w = 18, .box_h = 30, .ofs_x = 2, .ofs_y = 0},
    {.bitmap_index = 4122, .adv_w = 339, .box_w = 18, .box_h = 22, .ofs_x = 2, .ofs_y = 0},
    {.bitmap_index = 4172, .adv_w = 222, .box_w = 13, .box_h = 31, .ofs_x = 1, .ofs_y = 0},
    {.bitmap_index = 4223, .adv_w = 359, .box_w = 18, .box_h = 30, .ofs_x = 2, .ofs_y = -8},
    {.bitmap_index = 4291, .adv_w = 353, .box_w = 17, .box_h = 30, .ofs_x = 3, .ofs_y = 0},
    {.bitmap_index = 4355, .adv_w = 155, .box_w = 4, .box_h = 29, .ofs_x = 3, .ofs_y = 0},
    {.bitmap_index = 4370, .adv_w = 153, .box_w = 8, .box_h = 37, .ofs_x = -2, .ofs_y = -8},
    {.bitmap_index = 4407, .adv_w = 324, .box_w = 18, .box_h = 30, .ofs_x = 3, .ofs_y = 0},
    {.bitmap_index = 4475, .adv_w = 155, .box_w = 4, .box_h = 30, .ofs_x = 3, .ofs_y = 0},
    {.bitmap_index = 4490, .adv_w = 561, .box_w = 30, .box_h = 22, .ofs_x = 3, .ofs_y = 0},
    {.bitmap_index = 4573, .adv_w = 353, .box_w = 17, .box_h = 22, .ofs_x = 3, .ofs_y = 0},
    {.bitmap_index = 4620, .adv_w = 365, .box_w = 19, .box_h = 22, .ofs_x = 2, .ofs_y = 0},
    {.bitmap_index = 4673, .adv_w = 359, .box_w = 18, .box_h = 30, .ofs_x = 3, .ofs_y = -8},
    {.bitmap_index = 4741, .adv_w = 364, .box_w = 18, .box_h = 30, .ofs_x = 2, .ofs_y = -8},
    {.bitmap_index = 4809, .adv_w = 217, .box_w = 10, .box_h = 22, .ofs_x = 3, .ofs_y = 0},
    {.bitmap_index = 4837, .adv_w = 330, .box_w = 17, .box_h = 22, .ofs_x = 2, .ofs_y = 0},
    {.bitmap_index = 4884, .adv_w = 209, .box_w = 11, .box_h = 27, .ofs_x = 1, .ofs_y = 0},
    {.bitmap_index = 4922, .adv_w = 353, .box_w = 17, .box_h = 22, .ofs_x = 3, .ofs_y = 0},
    {.bitmap_index = 4969, .adv_w = 310, .box_w = 18, .box_h = 22, .ofs_x = 1, .ofs_y = 0},
    {.bitmap_index = 5019, .adv_w = 481, .box_w = 28, .box_h = 22, .ofs_x = 1, .ofs_y = 0},
    {.bitmap_index = 5096, .adv_w = 317, .box_w = 18, .box_h = 22, .ofs_x = 1, .ofs_y = 0},
    {.bitmap_index = 5146, .adv_w = 303, .box_w = 18, .box_h = 30, .ofs_x = 1, .ofs_y = -8},
    {.bitmap_index = 5214, .adv_w = 317, .box_w = 17, .box_h = 22, .ofs_x = 2, .ofs_y = 0},
    {.bitmap_index = 5261, .adv_w = 217, .box_w = 12, .box_h = 39, .ofs_x = 1, .ofs_y = -7},
    {.bitmap_index = 5320, .adv_w = 156, .box_w = 3, .box_h = 35, .ofs_x = 3, .ofs_y = -6},
    {.bitmap_index = 5334, .adv_w = 217, .box_w = 12, .box_h = 39, .ofs_x = 0, .ofs_y = -7},
    {.bitmap_index = 5393, .adv_w = 435, .box_w = 22, .box_h = 8, .ofs_x = 3, .ofs_y = 8},
    {.bitmap_index = 5415, .adv_w = 231, .box_w = 7, .box_h = 13, .ofs_x = 4, .ofs_y = 0},
    {.bitmap_index = 5427, .adv_w = 0, .box_w = 13, .box_h = 12, .ofs_x = 7, .ofs_y = 34},
    {.bitmap_index = 5447, .adv_w = 231, .box_w = 7, .box_h = 22, .ofs_x = 3, .ofs_y = 0},
    {.bitmap_index = 5467, .adv_w = 304, .box_w = 15, .box_h = 28, .ofs_x = 2, .ofs_y = 0},
    {.bitmap_index = 5520, .adv_w = 271, .box_w = 13, .box_h = 17, .ofs_x = 2, .ofs_y = 0},
    {.bitmap_index = 5548, .adv_w = 213, .box_w = 14, .box_h = 32, .ofs_x = -1, .ofs_y = 0},
    {.bitmap_index = 5604, .adv_w = 152, .box_w = 9, .box_h = 36, .ofs_x = 0, .ofs_y = 0},
    {.bitmap_index = 5645, .adv_w = 281, .box_w = 14, .box_h = 37, .ofs_x = 1, .ofs_y = -10},
    {.bitmap_index = 5710, .adv_w = 152, .box_w = 9, .box_h = 41, .ofs_x = 0, .ofs_y = -13},
    {.bitmap_index = 5757, .adv_w = 476, .box_w = 26, .box_h = 32, .ofs_x = 2, .ofs_y = -10},
    {.bitmap_index = 5861, .adv_w = 152, .box_w = 3, .box_h = 28, .ofs_x = 3, .ofs_y = 0},
    {.bitmap_index = 5872, .adv_w = 574, .box_w = 32, .box_h = 23, .ofs_x = 2, .ofs_y = -9},
    {.bitmap_index = 5964, .adv_w = 294, .box_w = 14, .box_h = 27, .ofs_x = 2, .ofs_y = 0},
    {.bitmap_index = 6012, .adv_w = 574, .box_w = 32, .box_h = 21, .ofs_x = 2, .ofs_y = 0},
    {.bitmap_index = 6096, .adv_w = 574, .box_w = 32, .box_h = 25, .ofs_x = 2, .ofs_y = 0},
    {.bitmap_index = 6196, .adv_w = 427, .box_w = 22, .box_h = 31, .ofs_x = 2, .ofs_y = -13},
    {.bitmap_index = 6282, .adv_w = 433, .box_w = 22, .box_h = 31, .ofs_x = 2, .ofs_y = -13},
    {.bitmap_index = 6368, .adv_w = 433, .box_w = 22, .box_h = 40, .ofs_x = 2, .ofs_y = -13},
    {.bitmap_index = 6478, .adv_w = 311, .box_w = 15, .box_h = 19, .ofs_x = 2, .ofs_y = 0},
    {.bitmap_index = 6514, .adv_w = 311, .box_w = 15, .box_h = 28, .ofs_x = 2, .ofs_y = 0},
    {.bitmap_index = 6567, .adv_w = 258, .box_w = 14, .box_h = 20, .ofs_x = 0, .ofs_y = -10},
    {.bitmap_index = 6602, .adv_w = 258, .box_w = 14, .box_h = 30, .ofs_x = 0, .ofs_y = -10},
    {.bitmap_index = 6655, .adv_w = 783, .box_w = 45, .box_h = 23, .ofs_x = 2, .ofs_y = -10},
    {.bitmap_index = 6785, .adv_w = 783, .box_w = 45, .box_h = 36, .ofs_x = 2, .ofs_y = -10},
    {.bitmap_index = 6988, .adv_w = 815, .box_w = 47, .box_h = 26, .ofs_x = 2, .ofs_y = -10},
    {.bitmap_index = 7141, .adv_w = 815, .box_w = 47, .box_h = 36, .ofs_x = 2, .ofs_y = -10},
    {.bitmap_index = 7353, .adv_w = 466, .box_w = 25, .box_h = 28, .ofs_x = 1, .ofs_y = 0},
    {.bitmap_index = 7441, .adv_w = 466, .box_w = 25, .box_h = 28, .ofs_x = 1, .ofs_y = 0},
    {.bitmap_index = 7529, .adv_w = 416, .box_w = 22, .box_h = 34, .ofs_x = 2, .ofs_y = -13},
    {.bitmap_index = 7623, .adv_w = 416, .box_w = 22, .box_h = 43, .ofs_x = 2, .ofs_y = -13},
    {.bitmap_index = 7742, .adv_w = 89, .box_w = 8, .box_h = 3, .ofs_x = -1, .ofs_y = 0},
    {.bitmap_index = 7745, .adv_w = 578, .box_w = 32, .box_h = 29, .ofs_x = 2, .ofs_y = 0},
    {.bitmap_index = 7861, .adv_w = 472, .box_w = 26, .box_h = 33, .ofs_x = 2, .ofs_y = -9},
    {.bitmap_index = 7969, .adv_w = 616, .box_w = 33, .box_h = 28, .ofs_x = 2, .ofs_y = 0},
    {.bitmap_index = 8085, .adv_w = 450, .box_w = 23, .box_h = 38, .ofs_x = 2, .ofs_y = -10},
    {.bitmap_index = 8195, .adv_w = 388, .box_w = 20, .box_h = 28, .ofs_x = 2, .ofs_y = -14},
    {.bitmap_index = 8265, .adv_w = 461, .box_w = 25, .box_h = 25, .ofs_x = 2, .ofs_y = -9},
    {.bitmap_index = 8344, .adv_w = 294, .box_w = 14, .box_h = 18, .ofs_x = 2, .ofs_y = 0},
    {.bitmap_index = 8376, .adv_w = 281, .box_w = 14, .box_h = 24, .ofs_x = 1, .ofs_y = -10},
    {.bitmap_index = 8418, .adv_w = 476, .box_w = 26, .box_h = 24, .ofs_x = 2, .ofs_y = -10},
    {.bitmap_index = 8496, .adv_w = 476, .box_w = 26, .box_h = 33, .ofs_x = 2, .ofs_y = -19},
    {.bitmap_index = 8604, .adv_w = 0, .box_w = 9, .box_h = 10, .ofs_x = 6, .ofs_y = 21},
    {.bitmap_index = 8616, .adv_w = 0, .box_w = 12, .box_h = 12, .ofs_x = 5, .ofs_y = 24},
    {.bitmap_index = 8634, .adv_w = 0, .box_w = 9, .box_h = 10, .ofs_x = 6, .ofs_y = -9},
    {.bitmap_index = 8646, .adv_w = 0, .box_w = 9, .box_h = 6, .ofs_x = 6, .ofs_y = 26},
    {.bitmap_index = 8653, .adv_w = 0, .box_w = 10, .box_h = 10, .ofs_x = 6, .ofs_y = 25},
    {.bitmap_index = 8666, .adv_w = 0, .box_w = 9, .box_h = 6, .ofs_x = 7, .ofs_y = -7},
    {.bitmap_index = 8673, .adv_w = 0, .box_w = 11, .box_h = 8, .ofs_x = 6, .ofs_y = 28},
    {.bitmap_index = 8684, .adv_w = 0, .box_w = 8, .box_h = 7, .ofs_x = 8, .ofs_y = 25},
    {.bitmap_index = 8691, .adv_w = 0, .box_w = 14, .box_h = 6, .ofs_x = 2, .ofs_y = 30},
    {.bitmap_index = 8702, .adv_w = 0, .box_w = 9, .box_h = 11, .ofs_x = 6, .ofs_y = 33},
    {.bitmap_index = 8715, .adv_w = 0, .box_w = 9, .box_h = 11, .ofs_x = 6, .ofs_y = -9},
    {.bitmap_index = 8728, .adv_w = 0, .box_w = 11, .box_h = 11, .ofs_x = 5, .ofs_y = 28},
    {.bitmap_index = 8744, .adv_w = 355, .box_w = 10, .box_h = 7, .ofs_x = 6, .ofs_y = 28},
    {.bitmap_index = 8753, .adv_w = 337, .box_w = 12, .box_h = 12, .ofs_x = 4, .ofs_y = 5},
    {.bitmap_index = 8771, .adv_w = 236, .box_w = 7, .box_h = 27, .ofs_x = 3, .ofs_y = 0},
    {.bitmap_index = 8795, .adv_w = 380, .box_w = 19, .box_h = 27, .ofs_x = 3, .ofs_y = 0},
    {.bitmap_index = 8860, .adv_w = 466, .box_w = 24, .box_h = 28, .ofs_x = 3, .ofs_y = 0},
    {.bitmap_index = 8944, .adv_w = 330, .box_w = 15, .box_h = 28, .ofs_x = 3, .ofs_y = 0},
    {.bitmap_index = 8997, .adv_w = 393, .box_w = 20, .box_h = 27, .ofs_x = 2, .ofs_y = 0},
    {.bitmap_index = 9065, .adv_w = 408, .box_w = 21, .box_h = 28, .ofs_x = 2, .ofs_y = 0},
    {.bitmap_index = 9139, .adv_w = 407, .box_w = 22, .box_h = 27, .ofs_x = 2, .ofs_y = 0},
    {.bitmap_index = 9214, .adv_w = 407, .box_w = 22, .box_h = 27, .ofs_x = 2, .ofs_y = 0},
    {.bitmap_index = 9289, .adv_w = 368, .box_w = 17, .box_h = 28, .ofs_x = 2, .ofs_y = 0},
    {.bitmap_index = 9349, .adv_w = 403, .box_w = 18, .box_h = 28, .ofs_x = 4, .ofs_y = 0},
    {.bitmap_index = 9412, .adv_w = 257, .box_w = 12, .box_h = 22, .ofs_x = 1, .ofs_y = -6},
    {.bitmap_index = 9445, .adv_w = 184, .box_w = 7, .box_h = 14, .ofs_x = 2, .ofs_y = -8},
    {.bitmap_index = 9458, .adv_w = 495, .box_w = 22, .box_h = 21, .ofs_x = 5, .ofs_y = 7},
    {.bitmap_index = 9516, .adv_w = 574, .box_w = 32, .box_h = 14, .ofs_x = 2, .ofs_y = 0},
    {.bitmap_index = 9572, .adv_w = 472, .box_w = 26, .box_h = 24, .ofs_x = 2, .ofs_y = -9},
    {.bitmap_index = 9650, .adv_w = 0, .box_w = 2, .box_h = 8, .ofs_x = 12, .ofs_y = 31},
    {.bitmap_index = 9652, .adv_w = 172, .box_w = 9, .box_h = 11, .ofs_x = 1, .ofs_y = 35},
    {.bitmap_index = 9665, .adv_w = 574, .box_w = 32, .box_h = 28, .ofs_x = 2, .ofs_y = -14},
    {.bitmap_index = 9777, .adv_w = 427, .box_w = 22, .box_h = 31, .ofs_x = 2, .ofs_y = -13},
    {.bitmap_index = 9863, .adv_w = 278, .box_w = 16, .box_h = 35, .ofs_x = 0, .ofs_y = -10},
    {.bitmap_index = 9933, .adv_w = 578, .box_w = 32, .box_h = 20, .ofs_x = 2, .ofs_y = 0},
    {.bitmap_index = 10013, .adv_w = 587, .box_w = 34, .box_h = 28, .ofs_x = 2, .ofs_y = 0},
    {.bitmap_index = 10132, .adv_w = 587, .box_w = 33, .box_h = 33, .ofs_x = 2, .ofs_y = 0},
    {.bitmap_index = 10269, .adv_w = 461, .box_w = 25, .box_h = 20, .ofs_x = 2, .ofs_y = -9},
    {.bitmap_index = 10332, .adv_w = 294, .box_w = 14, .box_h = 35, .ofs_x = 2, .ofs_y = 0},
    {.bitmap_index = 10394, .adv_w = 281, .box_w = 14, .box_h = 33, .ofs_x = 1, .ofs_y = -10},
    {.bitmap_index = 10452, .adv_w = 476, .box_w = 26, .box_h = 24, .ofs_x = 2, .ofs_y = -10},
    {.bitmap_index = 10530, .adv_w = 294, .box_w = 14, .box_h = 18, .ofs_x = 2, .ofs_y = 0},
    {.bitmap_index = 10562, .adv_w = 337, .box_w = 12, .box_h = 12, .ofs_x = 4, .ofs_y = 5},
    {.bitmap_index = 10580, .adv_w = 236, .box_w = 7, .box_h = 27, .ofs_x = 3, .ofs_y = 0},
    {.bitmap_index = 10604, .adv_w = 380, .box_w = 19, .box_h = 27, .ofs_x = 3, .ofs_y = 0},
    {.bitmap_index = 10669, .adv_w = 466, .box_w = 24, .box_h = 28, .ofs_x = 3, .ofs_y = 0},
    {.bitmap_index = 10753, .adv_w = 389, .box_w = 19, .box_h = 28, .ofs_x = 3, .ofs_y = 0},
    {.bitmap_index = 10820, .adv_w = 415, .box_w = 21, .box_h = 28, .ofs_x = 2, .ofs_y = 0},
    {.bitmap_index = 10894, .adv_w = 345, .box_w = 17, .box_h = 27, .ofs_x = 2, .ofs_y = 1},
    {.bitmap_index = 10952, .adv_w = 407, .box_w = 22, .box_h = 27, .ofs_x = 2, .ofs_y = 0},
    {.bitmap_index = 11027, .adv_w = 407, .box_w = 22, .box_h = 27, .ofs_x = 2, .ofs_y = 0},
    {.bitmap_index = 11102, .adv_w = 368, .box_w = 17, .box_h = 28, .ofs_x = 2, .ofs_y = 0}
};

/*---------------------
 *  CHARACTER MAPPING
 *--------------------*/

static const uint16_t unicode_list_1[] = {
    0x0, 0x9, 0xf, 0x13
};

static const uint8_t glyph_id_ofs_list_4[] = {
    0, 0, 0, 1
};

static const uint16_t unicode_list_6[] = {
    0x0, 0xa, 0x12, 0x24, 0x2d, 0x35, 0x3b, 0x46,
    0x4c, 0x56, 0x58, 0x61
};

/*Collect the unicode lists and glyph_id offsets*/
static const lv_font_fmt_txt_cmap_t cmaps[] =
{
    {
        .range_start = 32, .range_length = 95, .glyph_id_start = 1,
        .unicode_list = NULL, .glyph_id_ofs_list = NULL, .list_length = 0, .type = LV_FONT_FMT_TXT_CMAP_FORMAT0_TINY
    },
    {
        .range_start = 1548, .range_length = 20, .glyph_id_start = 96,
        .unicode_list = unicode_list_1, .glyph_id_ofs_list = NULL, .list_length = 4, .type = LV_FONT_FMT_TXT_CMAP_SPARSE_TINY
    },
    {
        .range_start = 1569, .range_length = 26, .glyph_id_start = 100,
        .unicode_list = NULL, .glyph_id_ofs_list = NULL, .list_length = 0, .type = LV_FONT_FMT_TXT_CMAP_FORMAT0_TINY
    },
    {
        .range_start = 1600, .range_length = 22, .glyph_id_start = 126,
        .unicode_list = NULL, .glyph_id_ofs_list = NULL, .list_length = 0, .type = LV_FONT_FMT_TXT_CMAP_FORMAT0_TINY
    },
    {
        .range_start = 1623, .range_length = 4, .glyph_id_start = 148,
        .unicode_list = NULL, .glyph_id_ofs_list = glyph_id_ofs_list_4, .list_length = 4, .type = LV_FONT_FMT_TXT_CMAP_FORMAT0_FULL
    },
    {
        .range_start = 1632, .range_length = 17, .glyph_id_start = 150,
        .unicode_list = NULL, .glyph_id_ofs_list = NULL, .list_length = 0, .type = LV_FONT_FMT_TXT_CMAP_FORMAT0_TINY
    },
    {
        .range_start = 1652, .range_length = 98, .glyph_id_start = 167,
        .unicode_list = unicode_list_6, .glyph_id_ofs_list = NULL, .list_length = 12, .type = LV_FONT_FMT_TXT_CMAP_SPARSE_TINY
    },
    {
        .range_start = 1776, .range_length = 10, .glyph_id_start = 179,
        .unicode_list = NULL, .glyph_id_ofs_list = NULL, .list_length = 0, .type = LV_FONT_FMT_TXT_CMAP_FORMAT0_TINY
    }
};

/*-----------------
 *    KERNING
 *----------------*/


/*Pair left and right glyphs for kerning*/
static const uint8_t kern_pair_glyph_ids[] =
{
    3, 3,
    3, 8,
    3, 34,
    3, 66,
    3, 68,
    3, 69,
    3, 70,
    3, 72,
    3, 78,
    3, 79,
    3, 80,
    3, 81,
    3, 82,
    3, 84,
    3, 88,
    8, 3,
    8, 8,
    8, 34,
    8, 66,
    8, 68,
    8, 69,
    8, 70,
    8, 72,
    8, 78,
    8, 79,
    8, 80,
    8, 81,
    8, 82,
    8, 84,
    8, 88,
    9, 55,
    9, 56,
    9, 58,
    13, 3,
    13, 8,
    15, 3,
    15, 8,
    16, 16,
    34, 3,
    34, 8,
    34, 32,
    34, 36,
    34, 40,
    34, 48,
    34, 50,
    34, 53,
    34, 54,
    34, 55,
    34, 56,
    34, 58,
    34, 80,
    34, 85,
    34, 86,
    34, 87,
    34, 88,
    34, 90,
    34, 91,
    35, 53,
    35, 55,
    35, 58,
    36, 10,
    36, 53,
    36, 62,
    36, 94,
    37, 13,
    37, 15,
    37, 34,
    37, 53,
    37, 55,
    37, 57,
    37, 58,
    37, 59,
    38, 53,
    38, 68,
    38, 69,
    38, 70,
    38, 71,
    38, 72,
    38, 80,
    38, 82,
    38, 86,
    38, 87,
    38, 88,
    38, 90,
    39, 13,
    39, 34,
    39, 43,
    39, 53,
    39, 66,
    39, 68,
    39, 69,
    39, 70,
    39, 72,
    39, 80,
    39, 82,
    39, 83,
    39, 86,
    39, 87,
    39, 90,
    41, 34,
    41, 53,
    41, 57,
    41, 58,
    42, 34,
    42, 53,
    42, 57,
    42, 58,
    43, 34,
    44, 14,
    44, 36,
    44, 40,
    44, 48,
    44, 50,
    44, 68,
    44, 69,
    44, 70,
    44, 72,
    44, 78,
    44, 79,
    44, 80,
    44, 81,
    44, 82,
    44, 86,
    44, 87,
    44, 88,
    44, 90,
    45, 3,
    45, 8,
    45, 34,
    45, 36,
    45, 40,
    45, 48,
    45, 50,
    45, 53,
    45, 54,
    45, 55,
    45, 56,
    45, 58,
    45, 86,
    45, 87,
    45, 88,
    45, 90,
    46, 34,
    46, 53,
    46, 57,
    46, 58,
    47, 34,
    47, 53,
    47, 57,
    47, 58,
    48, 13,
    48, 15,
    48, 34,
    48, 53,
    48, 55,
    48, 57,
    48, 58,
    48, 59,
    49, 13,
    49, 15,
    49, 34,
    49, 43,
    49, 57,
    49, 59,
    49, 66,
    49, 68,
    49, 69,
    49, 70,
    49, 72,
    49, 80,
    49, 82,
    49, 85,
    49, 87,
    49, 90,
    50, 53,
    50, 55,
    50, 56,
    50, 58,
    51, 53,
    51, 55,
    51, 58,
    53, 13,
    53, 14,
    53, 15,
    53, 34,
    53, 36,
    53, 40,
    53, 43,
    53, 48,
    53, 50,
    53, 52,
    53, 53,
    53, 55,
    53, 56,
    53, 58,
    53, 66,
    53, 68,
    53, 69,
    53, 70,
    53, 72,
    53, 78,
    53, 79,
    53, 80,
    53, 81,
    53, 82,
    53, 83,
    53, 84,
    53, 86,
    53, 87,
    53, 88,
    53, 89,
    53, 90,
    53, 91,
    54, 34,
    55, 10,
    55, 13,
    55, 14,
    55, 15,
    55, 34,
    55, 36,
    55, 40,
    55, 48,
    55, 50,
    55, 62,
    55, 66,
    55, 68,
    55, 69,
    55, 70,
    55, 72,
    55, 80,
    55, 82,
    55, 83,
    55, 86,
    55, 87,
    55, 90,
    55, 94,
    56, 10,
    56, 13,
    56, 14,
    56, 15,
    56, 34,
    56, 53,
    56, 62,
    56, 66,
    56, 68,
    56, 69,
    56, 70,
    56, 72,
    56, 80,
    56, 82,
    56, 83,
    56, 86,
    56, 94,
    57, 14,
    57, 36,
    57, 40,
    57, 48,
    57, 50,
    57, 55,
    57, 68,
    57, 69,
    57, 70,
    57, 72,
    57, 80,
    57, 82,
    57, 86,
    57, 87,
    57, 90,
    58, 7,
    58, 10,
    58, 11,
    58, 13,
    58, 14,
    58, 15,
    58, 34,
    58, 36,
    58, 40,
    58, 43,
    58, 48,
    58, 50,
    58, 52,
    58, 53,
    58, 54,
    58, 55,
    58, 56,
    58, 57,
    58, 58,
    58, 62,
    58, 66,
    58, 68,
    58, 69,
    58, 70,
    58, 71,
    58, 72,
    58, 78,
    58, 79,
    58, 80,
    58, 81,
    58, 82,
    58, 83,
    58, 84,
    58, 85,
    58, 86,
    58, 87,
    58, 89,
    58, 90,
    58, 91,
    58, 94,
    59, 34,
    59, 36,
    59, 40,
    59, 48,
    59, 50,
    59, 68,
    59, 69,
    59, 70,
    59, 72,
    59, 80,
    59, 82,
    59, 86,
    59, 87,
    59, 88,
    59, 90,
    60, 43,
    60, 54,
    66, 3,
    66, 8,
    66, 87,
    66, 90,
    67, 3,
    67, 8,
    67, 87,
    67, 89,
    67, 90,
    67, 91,
    68, 3,
    68, 8,
    70, 3,
    70, 8,
    70, 87,
    70, 90,
    71, 3,
    71, 8,
    71, 10,
    71, 62,
    71, 68,
    71, 69,
    71, 70,
    71, 72,
    71, 82,
    71, 94,
    73, 3,
    73, 8,
    76, 68,
    76, 69,
    76, 70,
    76, 72,
    76, 82,
    78, 3,
    78, 8,
    79, 3,
    79, 8,
    80, 3,
    80, 8,
    80, 87,
    80, 89,
    80, 90,
    80, 91,
    81, 3,
    81, 8,
    81, 87,
    81, 89,
    81, 90,
    81, 91,
    83, 3,
    83, 8,
    83, 13,
    83, 15,
    83, 66,
    83, 68,
    83, 69,
    83, 70,
    83, 71,
    83, 72,
    83, 80,
    83, 82,
    83, 85,
    83, 87,
    83, 88,
    83, 90,
    85, 80,
    87, 3,
    87, 8,
    87, 13,
    87, 15,
    87, 66,
    87, 68,
    87, 69,
    87, 70,
    87, 71,
    87, 72,
    87, 80,
    87, 82,
    88, 13,
    89, 68,
    89, 69,
    89, 70,
    89, 72,
    89, 80,
    89, 82,
    90, 3,
    90, 8,
    90, 13,
    90, 15,
    90, 66,
    90, 68,
    90, 69,
    90, 70,
    90, 71,
    90, 72,
    90, 80,
    90, 82,
    91, 68,
    91, 69,
    91, 70,
    91, 72,
    91, 80,
    91, 82,
    92, 43,
    92, 54,
    101, 172,
    101, 173,
    116, 100,
    116, 101,
    116, 102,
    116, 105,
    116, 106,
    116, 107,
    116, 108,
    116, 109,
    116, 110,
    116, 114,
    116, 115,
    116, 118,
    116, 119,
    116, 120,
    116, 121,
    116, 122,
    116, 123,
    116, 126,
    116, 127,
    116, 128,
    116, 129,
    116, 130,
    116, 131,
    116, 132,
    116, 133,
    116, 135,
    116, 136,
    116, 168,
    116, 172,
    116, 173,
    117, 100,
    117, 101,
    117, 102,
    117, 105,
    117, 106,
    117, 107,
    117, 108,
    117, 109,
    117, 110,
    117, 114,
    117, 115,
    117, 118,
    117, 119,
    117, 120,
    117, 121,
    117, 122,
    117, 123,
    117, 126,
    117, 127,
    117, 128,
    117, 129,
    117, 130,
    117, 131,
    117, 132,
    117, 133,
    117, 135,
    117, 136,
    117, 168,
    117, 172,
    117, 173,
    170, 100,
    170, 101,
    170, 102,
    170, 105,
    170, 106,
    170, 107,
    170, 108,
    170, 109,
    170, 110,
    170, 114,
    170, 115,
    170, 118,
    170, 119,
    170, 120,
    170, 121,
    170, 122,
    170, 123,
    170, 126,
    170, 127,
    170, 128,
    170, 129,
    170, 130,
    170, 131,
    170, 132,
    170, 133,
    170, 135,
    170, 136,
    170, 168,
    170, 172,
    170, 173
};

/* Kerning between the respective left and right glyphs
 * 4.4 format which needs to scaled with `kern_scale`*/
static const int8_t kern_pair_values[] =
{
    -33, -33, -37, -16, -18, -18, -18, -18,
    -6, -6, -19, -6, -18, -25, 3, -33,
    -33, -37, -16, -18, -18, -18, -18, -6,
    -6, -19, -6, -18, -25, 3, 6, 6,
    7, -53, -53, -53, -53, -70, -37, -37,
    -19, -3, -3, -3, -3, -40, -5, -27,
    -22, -29, -4, -5, -3, -16, -10, -16,
    4, -8, -7, -17, -8, -9, -4, -5,
    -32, -32, -7, -8, -7, -7, -13, -7,
    6, -6, -6, -6, -6, -6, -6, -6,
    -5, -8, -7, -8, -73, -53, -82, 6,
    -11, -7, -7, -7, -7, -7, -7, -8,
    -7, -7, -7, 6, -9, 5, -9, 6,
    -9, 5, -9, -7, -20, -10, -10, -10,
    -10, -8, -8, -8, -8, -7, -7, -8,
    -7, -8, -7, -12, -20, -12, -105, -105,
    6, -20, -20, -20, -20, -86, -17, -55,
    -45, -75, -14, -42, -29, -42, 6, -9,
    5, -9, 6, -9, 5, -9, -32, -32,
    -7, -8, -7, -7, -13, -7, -101, -101,
    -43, -62, -10, -8, -3, -4, -4, -4,
    -4, -4, -4, 4, 5, 5, -13, -9,
    -6, -11, -25, -6, -15, -68, -72, -68,
    -25, -9, -9, -75, -9, -9, -5, 5,
    5, 5, 5, -35, -31, -31, -31, -31,
    -34, -34, -31, -34, -31, -23, -36, -30,
    -22, -18, -24, -22, -19, -7, 6, -70,
    -12, -70, -23, -4, -4, -4, -4, 5,
    -14, -14, -14, -14, -14, -14, -14, -9,
    -9, -3, -3, 6, 5, -38, -19, -38,
    -13, 4, 4, -10, -10, -10, -10, -10,
    -10, -10, -7, -6, 4, -14, -8, -8,
    -8, -8, 4, -8, -8, -8, -8, -7,
    -8, -7, -10, -10, -9, 6, -15, -66,
    -16, -66, -29, -9, -9, -30, -9, -9,
    -5, 5, -30, 6, 5, 4, 6, 6,
    -23, -20, -20, -20, -7, -20, -12, -12,
    -20, -12, -20, -12, -18, -7, -12, -6,
    -7, -6, -9, 6, 4, -8, -8, -8,
    -8, -7, -7, -7, -7, -7, -7, -6,
    -8, -8, -8, -6, -6, -21, -21, -5,
    -5, -9, -9, -3, -5, -3, -5, -3,
    -3, -4, -4, -4, -4, 5, 5, 6,
    6, -7, -7, -7, -7, -7, 6, -32,
    -32, -6, -6, -6, -6, -6, -32, -32,
    -32, -32, -42, -42, -5, -7, -5, -5,
    -9, -9, -3, -5, -3, -5, 5, 5,
    -38, -38, -12, -6, -6, -6, 5, -6,
    -6, -6, 16, 6, 5, 6, -6, 5,
    5, -33, -33, -5, -4, -4, -4, 4,
    -4, -5, -4, -39, -6, -6, -6, -6,
    -6, -6, 5, 5, -33, -33, -5, -4,
    -4, -4, 4, -4, -5, -4, -5, -5,
    -5, -5, -5, -5, -6, -6, 25, 25,
    -56, -45, -45, -19, -45, -56, -56, -56,
    -56, -56, -56, -56, -56, -56, -56, -56,
    -56, -56, -56, -19, -45, -19, -56, -19,
    -56, -19, -19, -56, -71, -71, -56, -45,
    -45, -19, -45, -56, -56, -56, -56, -56,
    -56, -56, -56, -56, -56, -56, -56, -56,
    -56, -19, -45, -19, -56, -19, -56, -19,
    -19, -56, -71, -71, -54, -36, -36, -18,
    -40, -36, -54, -36, -36, -54, -54, -54,
    -54, -54, -54, -54, -54, -54, -36, -18,
    -32, -18, -54, -18, -54, -18, -18, -36,
    -68, -68
};

/*Collect the kern pair's data in one place*/
static const lv_font_fmt_txt_kern_pair_t kern_pairs =
{
    .glyph_ids = kern_pair_glyph_ids,
    .values = kern_pair_values,
    .pair_cnt = 522,
    .glyph_ids_size = 0
};

/*--------------------
 *  ALL CUSTOM DATA
 *--------------------*/

#if LVGL_VERSION_MAJOR == 8
/*Store all the custom data of the font*/
static  lv_font_fmt_txt_glyph_cache_t cache;
#endif

#if LVGL_VERSION_MAJOR >= 8
static const lv_font_fmt_txt_dsc_t font_dsc = {
#else
static lv_font_fmt_txt_dsc_t font_dsc = {
#endif
    .glyph_bitmap = glyph_bitmap,
    .glyph_dsc = glyph_dsc,
    .cmaps = cmaps,
    .kern_dsc = &kern_pairs,
    .kern_scale = 16,
    .cmap_num = 8,
    .bpp = 1,
    .kern_classes = 0,
    .bitmap_format = 0,
#if LVGL_VERSION_MAJOR == 8
    .cache = &cache
#endif
};



/*-----------------
 *  PUBLIC FONT
 *----------------*/

/*Initialize a public general font descriptor*/
#if LVGL_VERSION_MAJOR >= 8
const lv_font_t ui_font_vazir40 = {
#else
lv_font_t ui_font_vazir40 = {
#endif
    .get_glyph_dsc = lv_font_get_glyph_dsc_fmt_txt,    /*Function pointer to get glyph's data*/
    .get_glyph_bitmap = lv_font_get_bitmap_fmt_txt,    /*Function pointer to get glyph's bitmap*/
    .line_height = 65,          /*The maximum line height required by the font*/
    .base_line = 19,             /*Baseline measured from the bottom of the line*/
#if !(LVGL_VERSION_MAJOR == 6 && LVGL_VERSION_MINOR == 0)
    .subpx = LV_FONT_SUBPX_NONE,
#endif
#if LV_VERSION_CHECK(7, 4, 0) || LVGL_VERSION_MAJOR >= 8
    .underline_position = -11,
    .underline_thickness = 2,
#endif
    .dsc = &font_dsc,          /*The custom font data. Will be accessed by `get_glyph_bitmap/dsc` */
#if LV_VERSION_CHECK(8, 2, 0) || LVGL_VERSION_MAJOR >= 9
    .fallback = NULL,
#endif
    .user_data = NULL,
};



#endif /*#if UI_FONT_VAZIR40*/

