/*******************************************************************************
 * Size: 20 px
 * Bpp: 1
 * Opts: --bpp 1 --size 20 --font C:/Users/kimiya/SquareLine/assets/Vazirmatn-Regular.ttf -o C:/Users/kimiya/SquareLine/assets\ui_font_vazir20.c --format lvgl -r 0x20-0xffff --no-compress --no-prefilter
 ******************************************************************************/

#include "../ui.h"

#ifndef UI_FONT_VAZIR20
#define UI_FONT_VAZIR20 1
#endif

#if UI_FONT_VAZIR20

/*-----------------
 *    BITMAPS
 *----------------*/

/*Store the image of the glyphs*/
static LV_ATTRIBUTE_LARGE_CONST const uint8_t glyph_bitmap[] = {
    /* U+0020 " " */
    0x0,

    /* U+0021 "!" */
    0xff, 0xff, 0xc0, 0x30,

    /* U+0022 "\"" */
    0xff, 0xff, 0xf0,

    /* U+0023 "#" */
    0xc, 0x81, 0x10, 0x22, 0x4, 0x47, 0xfe, 0x32,
    0x6, 0x40, 0x88, 0x11, 0x2, 0x23, 0xff, 0x19,
    0x83, 0x20, 0x44, 0x8, 0x80,

    /* U+0024 "$" */
    0xc, 0x6, 0x7, 0xf, 0xee, 0x3e, 0xf, 0x7,
    0x80, 0x60, 0x3e, 0x7, 0xc0, 0x70, 0x1e, 0xf,
    0x6, 0xc7, 0x3f, 0x6, 0x3, 0x0,

    /* U+0025 "%" */
    0x78, 0x6, 0x60, 0x33, 0x11, 0x99, 0x8c, 0xc8,
    0x66, 0xc1, 0xe4, 0x0, 0x40, 0x6, 0xf0, 0x2c,
    0xc2, 0x66, 0x13, 0x31, 0x19, 0x88, 0xcc, 0x3,
    0xc0,

    /* U+0026 "&" */
    0x1e, 0x7, 0x30, 0x63, 0x6, 0x30, 0x67, 0x3,
    0xe0, 0x18, 0x3, 0x80, 0x6c, 0x6c, 0x66, 0xc7,
    0x6c, 0x3c, 0xc1, 0xc6, 0x3c, 0x3e, 0x60,

    /* U+0027 "'" */
    0xff, 0xc0,

    /* U+0028 "(" */
    0x8, 0xcc, 0xc6, 0x33, 0x18, 0xc6, 0x31, 0x8c,
    0x61, 0x8c, 0x61, 0x84, 0x30, 0x0,

    /* U+0029 ")" */
    0x86, 0x18, 0x43, 0x18, 0x63, 0x18, 0xc6, 0x31,
    0x8c, 0xc6, 0x33, 0x31, 0x0, 0x0,

    /* U+002A "*" */
    0x18, 0x18, 0x98, 0xff, 0x3c, 0x3c, 0x66, 0x46,

    /* U+002B "+" */
    0x18, 0x18, 0x18, 0xff, 0x18, 0x18, 0x18, 0x18,

    /* U+002C "," */
    0x6d, 0xac,

    /* U+002D "-" */
    0xfe,

    /* U+002E "." */
    0xc0,

    /* U+002F "/" */
    0x2, 0x2, 0x6, 0x4, 0xc, 0xc, 0x8, 0x18,
    0x18, 0x10, 0x30, 0x20, 0x60, 0x60, 0x40, 0xc0,

    /* U+0030 "0" */
    0x3e, 0x31, 0x90, 0x58, 0x3c, 0x1e, 0xf, 0x7,
    0x83, 0xc1, 0xe0, 0xf0, 0x78, 0x34, 0x13, 0x18,
    0xf8,

    /* U+0031 "1" */
    0xc, 0xff, 0xe3, 0xc, 0x30, 0xc3, 0xc, 0x30,
    0xc3, 0xc, 0x30, 0xc0,

    /* U+0032 "2" */
    0x3e, 0x31, 0xb0, 0x78, 0x30, 0x18, 0xc, 0xc,
    0xe, 0x6, 0x6, 0x7, 0x7, 0x7, 0x3, 0x3,
    0xfe,

    /* U+0033 "3" */
    0x3e, 0x31, 0xb0, 0x78, 0x30, 0x18, 0xc, 0xc,
    0x3c, 0x3, 0x0, 0xc0, 0x78, 0x3c, 0x1b, 0x18,
    0xf8,

    /* U+0034 "4" */
    0x3, 0x1, 0xc0, 0xf0, 0x3c, 0x1b, 0x4, 0xc3,
    0x30, 0x8c, 0x63, 0x30, 0xcf, 0xfc, 0xc, 0x3,
    0x0, 0xc0, 0x30,

    /* U+0035 "5" */
    0x7f, 0xb0, 0x18, 0x8, 0x4, 0x2, 0x3, 0xf9,
    0x86, 0x1, 0x80, 0xc0, 0x78, 0x3c, 0x1b, 0x18,
    0xf8,

    /* U+0036 "6" */
    0xe, 0x1c, 0x18, 0xc, 0xc, 0x6, 0x3, 0x79,
    0xc6, 0xc1, 0xe0, 0xf0, 0x78, 0x36, 0x1b, 0x18,
    0x78,

    /* U+0037 "7" */
    0xff, 0xc0, 0x30, 0x18, 0x6, 0x3, 0x0, 0xc0,
    0x30, 0x18, 0x6, 0x3, 0x0, 0xc0, 0x60, 0x18,
    0x6, 0x3, 0x0,

    /* U+0038 "8" */
    0x3e, 0x31, 0xb0, 0x78, 0x3c, 0x1e, 0xd, 0x8c,
    0x7c, 0x63, 0x60, 0xf0, 0x78, 0x3c, 0x1b, 0x18,
    0xf8,

    /* U+0039 "9" */
    0x3e, 0x31, 0xb0, 0xd8, 0x3c, 0x1e, 0xf, 0x7,
    0xc3, 0x63, 0x9e, 0xc0, 0x60, 0x20, 0x30, 0x30,
    0xe0,

    /* U+003A ":" */
    0xc0, 0x3,

    /* U+003B ";" */
    0x60, 0x0, 0x3, 0x6d, 0xe0,

    /* U+003C "<" */
    0x1, 0x7, 0x1e, 0x70, 0xc0, 0xf0, 0x1e, 0x7,
    0x1,

    /* U+003D "=" */
    0xff, 0x0, 0x0, 0x0, 0xff,

    /* U+003E ">" */
    0x80, 0x70, 0x1f, 0x1, 0xe0, 0x18, 0x78, 0xf1,
    0xc0, 0x80, 0x0,

    /* U+003F "?" */
    0x3c, 0x66, 0xc3, 0x3, 0x3, 0x3, 0x6, 0xe,
    0xc, 0x18, 0x18, 0x18, 0x0, 0x0, 0x18,

    /* U+0040 "@" */
    0x7, 0xe0, 0xc, 0x18, 0x18, 0x4, 0x30, 0x2,
    0x60, 0x2, 0x61, 0xe2, 0xc3, 0x31, 0xc2, 0x31,
    0xc6, 0x31, 0xc4, 0x21, 0xc4, 0x21, 0xc4, 0x21,
    0xc4, 0x22, 0xc6, 0x72, 0x63, 0x9c, 0x60, 0x0,
    0x30, 0x0, 0x1c, 0x0, 0x7, 0xe0,

    /* U+0041 "A" */
    0x3, 0x0, 0x38, 0x1, 0xc0, 0x1b, 0x0, 0xd8,
    0x6, 0xc0, 0x63, 0x3, 0x18, 0x18, 0xc1, 0x83,
    0xf, 0xf8, 0x40, 0x66, 0x3, 0x30, 0x1b, 0x0,
    0x60,

    /* U+0042 "B" */
    0xfe, 0x30, 0xcc, 0x1b, 0x6, 0xc1, 0xb0, 0x6c,
    0x33, 0xf8, 0xc1, 0xb0, 0x3c, 0xf, 0x3, 0xc0,
    0xf0, 0x6f, 0xf0,

    /* U+0043 "C" */
    0x1f, 0x6, 0x19, 0x81, 0x30, 0x3c, 0x7, 0x80,
    0x30, 0x6, 0x0, 0xc0, 0x18, 0x3, 0x1, 0xa0,
    0x36, 0x4, 0x61, 0x87, 0xc0,

    /* U+0044 "D" */
    0xfc, 0x30, 0xcc, 0x1b, 0x6, 0xc0, 0xf0, 0x3c,
    0xf, 0x3, 0xc0, 0xf0, 0x3c, 0xf, 0x6, 0xc1,
    0xb0, 0xcf, 0xc0,

    /* U+0045 "E" */
    0xff, 0xe0, 0x30, 0x18, 0xc, 0x6, 0x3, 0x1,
    0xfe, 0xc0, 0x60, 0x30, 0x18, 0xc, 0x6, 0x3,
    0xfe,

    /* U+0046 "F" */
    0xff, 0xe0, 0x30, 0x18, 0xc, 0x6, 0x3, 0x1,
    0xfe, 0xc0, 0x60, 0x30, 0x18, 0xc, 0x6, 0x3,
    0x0,

    /* U+0047 "G" */
    0x1f, 0x6, 0x39, 0x83, 0x30, 0x3c, 0x1, 0x80,
    0x30, 0x6, 0x0, 0xc3, 0xf8, 0xf, 0x1, 0xb0,
    0x36, 0x6, 0x61, 0xc7, 0xe0,

    /* U+0048 "H" */
    0xc0, 0x78, 0xf, 0x1, 0xe0, 0x3c, 0x7, 0x80,
    0xf0, 0x1f, 0xff, 0xc0, 0x78, 0xf, 0x1, 0xe0,
    0x3c, 0x7, 0x80, 0xf0, 0x18,

    /* U+0049 "I" */
    0xff, 0xff, 0xff, 0xfc,

    /* U+004A "J" */
    0x1, 0x80, 0xc0, 0x60, 0x30, 0x18, 0xc, 0x6,
    0x3, 0x1, 0x80, 0xc0, 0x78, 0x3c, 0x1b, 0x18,
    0xf8,

    /* U+004B "K" */
    0xc0, 0xd8, 0x33, 0xc, 0x63, 0x8c, 0xe1, 0x98,
    0x36, 0x7, 0xe0, 0xec, 0x18, 0xc3, 0xc, 0x61,
    0xcc, 0x19, 0x81, 0xb0, 0x38,

    /* U+004C "L" */
    0xc0, 0x60, 0x30, 0x18, 0xc, 0x6, 0x3, 0x1,
    0x80, 0xc0, 0x60, 0x30, 0x18, 0xc, 0x6, 0x3,
    0xfe,

    /* U+004D "M" */
    0xe0, 0x1f, 0x80, 0x7f, 0x3, 0xfc, 0xf, 0xd0,
    0x2f, 0x61, 0xbd, 0x86, 0xf2, 0x13, 0xcc, 0xcf,
    0x33, 0x3c, 0x48, 0xf1, 0xe3, 0xc7, 0x8f, 0xc,
    0x3c, 0x30, 0xc0,

    /* U+004E "N" */
    0xc0, 0x7c, 0xf, 0xc1, 0xf8, 0x3d, 0x87, 0xb0,
    0xf3, 0x1e, 0x73, 0xc6, 0x78, 0x6f, 0xd, 0xe0,
    0xfc, 0x1f, 0x81, 0xf0, 0x18,

    /* U+004F "O" */
    0x1f, 0x6, 0x31, 0x83, 0x30, 0x2c, 0x7, 0x80,
    0xf0, 0x1e, 0x3, 0xc0, 0x78, 0xf, 0x1, 0xb0,
    0x26, 0xc, 0x63, 0x7, 0xc0,

    /* U+0050 "P" */
    0xff, 0x30, 0x6c, 0xf, 0x3, 0xc0, 0xf0, 0x3c,
    0xf, 0x6, 0xff, 0x30, 0xc, 0x3, 0x0, 0xc0,
    0x30, 0xc, 0x0,

    /* U+0051 "Q" */
    0x1f, 0x6, 0x31, 0x83, 0x30, 0x2c, 0x7, 0x80,
    0xf0, 0x1e, 0x3, 0xc0, 0x78, 0xf, 0x1, 0xb0,
    0x26, 0xc, 0x63, 0x7, 0xe0, 0x6, 0x0, 0x60,

    /* U+0052 "R" */
    0xff, 0x18, 0x33, 0x3, 0x60, 0x6c, 0xd, 0x81,
    0xb0, 0x36, 0xc, 0xff, 0x18, 0x63, 0xc, 0x60,
    0xcc, 0x19, 0x81, 0xb0, 0x30,

    /* U+0053 "S" */
    0x3e, 0x18, 0x6c, 0xf, 0x3, 0xc0, 0x38, 0x7,
    0xc0, 0xfc, 0xf, 0x80, 0x70, 0xf, 0x3, 0xc0,
    0xd8, 0x61, 0xf0,

    /* U+0054 "T" */
    0xff, 0xe1, 0x80, 0x30, 0x6, 0x0, 0xc0, 0x18,
    0x3, 0x0, 0x60, 0xc, 0x1, 0x80, 0x30, 0x6,
    0x0, 0xc0, 0x18, 0x3, 0x0,

    /* U+0055 "U" */
    0xc0, 0xf0, 0x3c, 0xf, 0x3, 0xc0, 0xf0, 0x3c,
    0xf, 0x3, 0xc0, 0xf0, 0x3c, 0xf, 0x3, 0xc0,
    0x98, 0x61, 0xe0,

    /* U+0056 "V" */
    0xc0, 0x36, 0x3, 0x60, 0x32, 0x6, 0x30, 0x63,
    0x6, 0x10, 0xc1, 0x8c, 0x18, 0xc0, 0x98, 0xd,
    0x80, 0xd0, 0x7, 0x0, 0x70, 0x6, 0x0,

    /* U+0057 "W" */
    0xc1, 0x83, 0xc1, 0x83, 0xc1, 0x83, 0xc3, 0xc3,
    0x43, 0xc6, 0x62, 0x46, 0x66, 0x46, 0x66, 0x66,
    0x26, 0x64, 0x34, 0x2c, 0x3c, 0x3c, 0x3c, 0x3c,
    0x38, 0x38, 0x18, 0x18, 0x18, 0x18,

    /* U+0058 "X" */
    0xc0, 0xec, 0x19, 0x86, 0x18, 0xc3, 0xb0, 0x3e,
    0x3, 0x80, 0x60, 0x1e, 0x3, 0x60, 0xcc, 0x18,
    0xc6, 0x1d, 0xc1, 0xb0, 0x38,

    /* U+0059 "Y" */
    0xe0, 0x36, 0x6, 0x70, 0x63, 0xc, 0x38, 0xc1,
    0x98, 0x19, 0x80, 0xf0, 0x6, 0x0, 0x60, 0x6,
    0x0, 0x60, 0x6, 0x0, 0x60, 0x6, 0x0,

    /* U+005A "Z" */
    0xff, 0xc0, 0x70, 0x18, 0xc, 0x3, 0x1, 0x80,
    0xe0, 0x30, 0x18, 0x6, 0x3, 0x0, 0xc0, 0x60,
    0x38, 0xf, 0xfc,

    /* U+005B "[" */
    0xfc, 0xcc, 0xcc, 0xcc, 0xcc, 0xcc, 0xcc, 0xcc,
    0xcc, 0xf0,

    /* U+005C "\\" */
    0x40, 0x60, 0x60, 0x20, 0x30, 0x30, 0x18, 0x18,
    0x8, 0xc, 0xc, 0x4, 0x6, 0x6, 0x3, 0x3,

    /* U+005D "]" */
    0xf3, 0x33, 0x33, 0x33, 0x33, 0x33, 0x33, 0x33,
    0x33, 0xf0,

    /* U+005E "^" */
    0x10, 0x60, 0xe3, 0xc6, 0x89, 0xb3, 0x63,

    /* U+005F "_" */
    0xff, 0x80,

    /* U+0060 "`" */
    0xc6, 0x20,

    /* U+0061 "a" */
    0x3c, 0xe6, 0xc3, 0x3, 0x3f, 0x63, 0xc3, 0xc3,
    0xc3, 0xe7, 0x7f,

    /* U+0062 "b" */
    0xc0, 0x60, 0x30, 0x18, 0xd, 0xe7, 0x1b, 0xd,
    0x83, 0xc1, 0xe0, 0xf0, 0x78, 0x3c, 0x37, 0x1b,
    0x78,

    /* U+0063 "c" */
    0x1e, 0x31, 0x98, 0x78, 0x3c, 0x6, 0x3, 0x1,
    0x80, 0x41, 0xb1, 0x8f, 0x80,

    /* U+0064 "d" */
    0x1, 0x80, 0xc0, 0x60, 0x33, 0xdb, 0x1d, 0x87,
    0x83, 0xc1, 0xe0, 0xf0, 0x78, 0x36, 0x1b, 0x1c,
    0xfe,

    /* U+0065 "e" */
    0x1e, 0x31, 0x98, 0x78, 0x3c, 0x1f, 0xff, 0x1,
    0x80, 0x60, 0x30, 0xc7, 0x80,

    /* U+0066 "f" */
    0x1e, 0x60, 0xc1, 0x8f, 0xc6, 0xc, 0x18, 0x30,
    0x60, 0xc1, 0x83, 0x6, 0xc, 0x0,

    /* U+0067 "g" */
    0x3f, 0xb1, 0xd8, 0x78, 0x3c, 0x1e, 0xf, 0x7,
    0x83, 0x61, 0xb1, 0xcf, 0xe0, 0x34, 0x1b, 0x18,
    0xf8,

    /* U+0068 "h" */
    0xc0, 0xc0, 0xc0, 0xc0, 0xde, 0xe7, 0xc3, 0xc3,
    0xc3, 0xc3, 0xc3, 0xc3, 0xc3, 0xc3, 0xc3,

    /* U+0069 "i" */
    0xc0, 0xff, 0xff, 0xfc,

    /* U+006A "j" */
    0x30, 0x0, 0x33, 0x33, 0x33, 0x33, 0x33, 0x33,
    0x33, 0xe0,

    /* U+006B "k" */
    0xc0, 0x60, 0x30, 0x18, 0xc, 0x36, 0x33, 0x31,
    0xb0, 0xf0, 0x7c, 0x3b, 0x19, 0x8c, 0x66, 0x1b,
    0xe,

    /* U+006C "l" */
    0xff, 0xff, 0xff, 0xfc,

    /* U+006D "m" */
    0xde, 0xfb, 0x9e, 0x7c, 0x30, 0xf0, 0xc3, 0xc3,
    0xf, 0xc, 0x3c, 0x30, 0xf0, 0xc3, 0xc3, 0xf,
    0xc, 0x3c, 0x30, 0xc0,

    /* U+006E "n" */
    0xde, 0xe7, 0xc3, 0xc3, 0xc3, 0xc3, 0xc3, 0xc3,
    0xc3, 0xc3, 0xc3,

    /* U+006F "o" */
    0x1e, 0x1c, 0xe6, 0x1b, 0x3, 0xc0, 0xf0, 0x3c,
    0xf, 0x3, 0x61, 0x98, 0xe1, 0xe0,

    /* U+0070 "p" */
    0xde, 0x71, 0xb0, 0xf8, 0x3c, 0x1e, 0xf, 0x7,
    0x83, 0xc3, 0x71, 0xbf, 0x98, 0xc, 0x6, 0x3,
    0x0,

    /* U+0071 "q" */
    0x3f, 0xb1, 0xd8, 0x78, 0x3c, 0x1e, 0xf, 0x7,
    0x83, 0x61, 0xb1, 0xcf, 0xe0, 0x30, 0x18, 0xc,
    0x6,

    /* U+0072 "r" */
    0xff, 0x31, 0x8c, 0x63, 0x18, 0xc6, 0x30,

    /* U+0073 "s" */
    0x3c, 0x47, 0xc3, 0xc0, 0xf8, 0x7e, 0xf, 0x3,
    0xc3, 0x62, 0x3c,

    /* U+0074 "t" */
    0x30, 0xc3, 0x3f, 0x30, 0xc3, 0xc, 0x30, 0xc3,
    0xc, 0x30, 0x70,

    /* U+0075 "u" */
    0xc3, 0xc3, 0xc3, 0xc3, 0xc3, 0xc3, 0xc3, 0xc3,
    0xc3, 0xe7, 0x7f,

    /* U+0076 "v" */
    0xc1, 0xb0, 0xd8, 0x44, 0x63, 0x31, 0x90, 0x58,
    0x3c, 0x1c, 0x6, 0x3, 0x0,

    /* U+0077 "w" */
    0x41, 0x4, 0xc7, 0x19, 0x8e, 0x33, 0x14, 0x62,
    0x6c, 0x86, 0xdb, 0xd, 0x16, 0xa, 0x28, 0x1c,
    0x70, 0x30, 0x60, 0x60, 0xc0,

    /* U+0078 "x" */
    0x61, 0xb1, 0x8c, 0xc3, 0xc1, 0xe0, 0x60, 0x78,
    0x3c, 0x33, 0x31, 0xd8, 0x60,

    /* U+0079 "y" */
    0xc1, 0xb0, 0xd8, 0x4c, 0x63, 0x31, 0x90, 0xd8,
    0x3c, 0x1c, 0xe, 0x3, 0x1, 0x1, 0x80, 0x81,
    0xc0,

    /* U+007A "z" */
    0xff, 0x7, 0x6, 0xc, 0xc, 0x18, 0x30, 0x30,
    0x60, 0xe0, 0xff,

    /* U+007B "{" */
    0xc, 0x63, 0xc, 0x30, 0xc3, 0xc, 0x63, 0x6,
    0xc, 0x30, 0xc3, 0xc, 0x30, 0x60, 0xc0,

    /* U+007C "|" */
    0xff, 0xff, 0xff, 0xff, 0xc0,

    /* U+007D "}" */
    0xc1, 0x83, 0xc, 0x30, 0xc3, 0xc, 0x18, 0x31,
    0x8c, 0x30, 0xc3, 0xc, 0x31, 0x8c, 0x0,

    /* U+007E "~" */
    0x70, 0x6d, 0xf, 0x13, 0x61, 0xe0,

    /* U+00A0 " " */
    0x0,

    /* U+00A1 "¡" */
    0xc3, 0xff, 0xff, 0xc0,

    /* U+00A2 "¢" */
    0xc, 0x6, 0xf, 0xcc, 0x6c, 0x1e, 0x3, 0x1,
    0x80, 0xc0, 0x60, 0xd8, 0xe7, 0xe0, 0xc0, 0x60,
    0x30,

    /* U+00A3 "£" */
    0xf, 0x6, 0x63, 0xc, 0xc3, 0x30, 0xc, 0x3,
    0x3, 0xf8, 0x30, 0xc, 0x3, 0x0, 0xc0, 0x30,
    0x1c, 0xf, 0xfc,

    /* U+00A4 "¤" */
    0xdf, 0xb7, 0xe, 0x60, 0x6e, 0x7, 0xc0, 0x3c,
    0x3, 0xc0, 0x3c, 0x3, 0xe0, 0x76, 0x6, 0x70,
    0xfd, 0xfb,

    /* U+00A5 "¥" */
    0xc0, 0xd8, 0x66, 0x19, 0x86, 0x33, 0xc, 0xc1,
    0xe0, 0x78, 0x7f, 0x83, 0x0, 0xc1, 0xfe, 0xc,
    0x3, 0x0, 0xc0,

    /* U+00A6 "¦" */
    0xff, 0xfc, 0x3f, 0xff, 0xc0,

    /* U+00A7 "§" */
    0x3f, 0x18, 0x6c, 0xf, 0x3, 0xe0, 0x1e, 0x7,
    0xe3, 0x1e, 0xc1, 0xf0, 0x3e, 0xd, 0xe3, 0x3f,
    0x81, 0xe0, 0x1f, 0x3, 0xc0, 0xd8, 0x63, 0xf0,

    /* U+00A8 "¨" */
    0xcc,

    /* U+00A9 "©" */
    0xf, 0x80, 0x61, 0x82, 0x1, 0x11, 0xe2, 0x4c,
    0xca, 0x63, 0x19, 0x80, 0x66, 0x1, 0x98, 0x6,
    0x63, 0x14, 0xcc, 0x91, 0xe2, 0x20, 0x10, 0x61,
    0x80, 0xfc, 0x0,

    /* U+00AA "ª" */
    0x7b, 0x37, 0xf3, 0xcf, 0x77, 0x40,

    /* U+00AB "«" */
    0x26, 0xdb, 0x36, 0xcd, 0x9b, 0x13, 0x36, 0x26,

    /* U+00AC "¬" */
    0xff, 0x80, 0xc0, 0x60, 0x30,

    /* U+00AD "­" */
    0xfe,

    /* U+00AE "®" */
    0xf, 0x80, 0x61, 0x82, 0x1, 0x13, 0xe2, 0x4c,
    0xca, 0x33, 0x18, 0xcc, 0x63, 0xc1, 0x8c, 0xc6,
    0x33, 0x14, 0xcc, 0x93, 0x32, 0x20, 0x10, 0x61,
    0x80, 0xfc, 0x0,

    /* U+00AF "¯" */
    0xfe,

    /* U+00B0 "°" */
    0x74, 0x63, 0x17, 0x0,

    /* U+00B1 "±" */
    0xc, 0x6, 0x3, 0x1, 0x80, 0xc7, 0xfc, 0x30,
    0x18, 0xc, 0x6, 0x0, 0x0, 0xf, 0xf0,

    /* U+00B2 "²" */
    0x7b, 0x20, 0x86, 0x31, 0xf, 0xc0,

    /* U+00B3 "³" */
    0x7b, 0x33, 0x2, 0xf, 0x67, 0x0,

    /* U+00B4 "´" */
    0x36, 0x40,

    /* U+00B5 "µ" */
    0xc3, 0xc3, 0xc3, 0xc3, 0xc3, 0xc3, 0xc3, 0xc3,
    0xc3, 0xe7, 0xff, 0xc0, 0xc0, 0xc0, 0xc0,

    /* U+00B6 "¶" */
    0x1f, 0x3f, 0x7f, 0x7f, 0xff, 0x7f, 0x7f, 0x7f,
    0x1f, 0x3, 0x3, 0x3, 0x3, 0x3, 0x3,

    /* U+00B7 "·" */
    0xc0,

    /* U+00B8 "¸" */
    0x46, 0x33, 0xe0,

    /* U+00B9 "¹" */
    0x3c, 0x92, 0x49,

    /* U+00BA "º" */
    0x79, 0xdb, 0x1e, 0x3c, 0x7d, 0x9e, 0x0,

    /* U+00BB "»" */
    0xc8, 0xd9, 0x91, 0xb3, 0x66, 0xd9, 0x36, 0xc8,

    /* U+00BC "¼" */
    0x0, 0x7, 0x80, 0x2c, 0x10, 0x61, 0x83, 0x18,
    0x18, 0x80, 0xcc, 0x6, 0x46, 0x6, 0x70, 0x23,
    0x83, 0x2c, 0x33, 0x61, 0x9f, 0x80, 0x18, 0x0,
    0xc0,

    /* U+00BD "½" */
    0x0, 0x3, 0xc0, 0xf, 0xc, 0xc, 0x20, 0x31,
    0x80, 0xc4, 0x3, 0x30, 0xd, 0x9c, 0x6, 0x98,
    0x30, 0x60, 0x81, 0x86, 0xc, 0x10, 0x60, 0xc3,
    0x0, 0xf, 0xc0,

    /* U+00BE "¾" */
    0x78, 0x6, 0x61, 0x3, 0x18, 0x18, 0x83, 0xc,
    0x6, 0x43, 0x36, 0xf, 0x63, 0x2, 0x38, 0x33,
    0xc1, 0x36, 0x19, 0x31, 0x9f, 0x80, 0xc, 0x0,
    0x60,

    /* U+00BF "¿" */
    0x18, 0x0, 0x0, 0x18, 0x18, 0x18, 0x30, 0x70,
    0x60, 0xc0, 0xc0, 0xc0, 0xc3, 0x66, 0x3c,

    /* U+00C0 "À" */
    0xc, 0x0, 0x60, 0x1, 0x80, 0x6, 0x0, 0x30,
    0x3, 0x80, 0x1c, 0x1, 0xb0, 0xd, 0x80, 0x6c,
    0x6, 0x30, 0x31, 0x81, 0x8c, 0x18, 0x30, 0xff,
    0x84, 0x6, 0x60, 0x33, 0x1, 0xb0, 0x6,

    /* U+00C1 "Á" */
    0x1, 0xc0, 0xc, 0x0, 0xc0, 0x4, 0x0, 0x30,
    0x3, 0x80, 0x1c, 0x1, 0xb0, 0xd, 0x80, 0x6c,
    0x6, 0x30, 0x31, 0x81, 0x8c, 0x18, 0x30, 0xff,
    0x84, 0x6, 0x60, 0x33, 0x1, 0xb0, 0x6,

    /* U+00C2 "Â" */
    0x2, 0x0, 0x38, 0x3, 0x60, 0x11, 0x80, 0x30,
    0x3, 0x80, 0x1c, 0x1, 0xb0, 0xd, 0x80, 0x6c,
    0x6, 0x30, 0x31, 0x81, 0x8c, 0x18, 0x30, 0xff,
    0x84, 0x6, 0x60, 0x33, 0x1, 0xb0, 0x6,

    /* U+00C3 "Ã" */
    0xc, 0x40, 0x9c, 0x0, 0x0, 0xc, 0x0, 0x70,
    0x3, 0x80, 0x36, 0x1, 0xb0, 0xd, 0x80, 0xc6,
    0x6, 0x30, 0x31, 0x83, 0x6, 0x1f, 0xf1, 0x80,
    0x8c, 0x6, 0x60, 0x36, 0x0, 0xc0,

    /* U+00C4 "Ä" */
    0x19, 0x80, 0x0, 0x6, 0x0, 0x60, 0xf, 0x0,
    0xf0, 0x9, 0x1, 0x98, 0x19, 0x83, 0x18, 0x30,
    0xc3, 0xc, 0x7f, 0xc6, 0x6, 0x60, 0x6c, 0x2,
    0xc0, 0x30,

    /* U+00C5 "Å" */
    0x6, 0x0, 0x90, 0x9, 0x0, 0x60, 0x6, 0x0,
    0x60, 0xf, 0x0, 0xf0, 0x9, 0x1, 0x98, 0x19,
    0x81, 0x8, 0x30, 0xc3, 0xc, 0x7f, 0xe6, 0x6,
    0x60, 0x6c, 0x3, 0xc0, 0x30,

    /* U+00C6 "Æ" */
    0x0, 0x7f, 0xe0, 0x1e, 0x0, 0x3, 0xc0, 0x0,
    0xd8, 0x0, 0x3b, 0x0, 0x6, 0x60, 0x1, 0x8c,
    0x0, 0x31, 0xfe, 0xc, 0x30, 0x1, 0x86, 0x0,
    0x7f, 0xc0, 0x18, 0x18, 0x3, 0x3, 0x0, 0xc0,
    0x60, 0x18, 0xf, 0xf8,

    /* U+00C7 "Ç" */
    0x1f, 0x86, 0x19, 0x81, 0xb0, 0x3c, 0x7, 0x80,
    0x30, 0x6, 0x0, 0xc0, 0x18, 0x3, 0x1, 0xb0,
    0x36, 0x6, 0x61, 0x87, 0xc0, 0x20, 0x3, 0x0,
    0x60, 0x38, 0x0,

    /* U+00C8 "È" */
    0x70, 0x18, 0x6, 0x1, 0xf, 0xfe, 0x3, 0x1,
    0x80, 0xc0, 0x60, 0x30, 0x1f, 0xec, 0x6, 0x3,
    0x1, 0x80, 0xc0, 0x60, 0x3f, 0xe0,

    /* U+00C9 "É" */
    0x6, 0x3, 0x3, 0x3, 0xf, 0xfe, 0x3, 0x1,
    0x80, 0xc0, 0x60, 0x30, 0x1f, 0xec, 0x6, 0x3,
    0x1, 0x80, 0xc0, 0x60, 0x3f, 0xe0,

    /* U+00CA "Ê" */
    0x8, 0xe, 0xd, 0x80, 0xf, 0xfe, 0x3, 0x1,
    0x80, 0xc0, 0x60, 0x30, 0x1f, 0xec, 0x6, 0x3,
    0x1, 0x80, 0xc0, 0x60, 0x3f, 0xe0,

    /* U+00CB "Ë" */
    0x63, 0x0, 0x3f, 0xf8, 0xc, 0x6, 0x3, 0x1,
    0x80, 0xc0, 0x7f, 0xb0, 0x18, 0xc, 0x6, 0x3,
    0x1, 0x80, 0xff, 0x80,

    /* U+00CC "Ì" */
    0xc6, 0x23, 0x33, 0x33, 0x33, 0x33, 0x33, 0x33,
    0x33, 0x30,

    /* U+00CD "Í" */
    0x36, 0x48, 0xcc, 0xcc, 0xcc, 0xcc, 0xcc, 0xcc,
    0xcc, 0xc0,

    /* U+00CE "Î" */
    0x31, 0xec, 0xc0, 0x30, 0xc3, 0xc, 0x30, 0xc3,
    0xc, 0x30, 0xc3, 0xc, 0x30, 0xc3, 0x0,

    /* U+00CF "Ï" */
    0xcc, 0x3, 0xc, 0x30, 0xc3, 0xc, 0x30, 0xc3,
    0xc, 0x30, 0xc3, 0xc, 0x30,

    /* U+00D0 "Ð" */
    0x3f, 0x3, 0xc, 0x30, 0x63, 0x6, 0x30, 0x33,
    0x3, 0x30, 0x3f, 0xc3, 0x30, 0x33, 0x3, 0x30,
    0x33, 0x6, 0x30, 0x63, 0xc, 0x3f, 0x0,

    /* U+00D1 "Ñ" */
    0x19, 0x84, 0xe0, 0x0, 0x60, 0x3e, 0x7, 0xe0,
    0xfc, 0x1e, 0xc3, 0xd8, 0x79, 0x8f, 0x39, 0xe3,
    0x3c, 0x37, 0x86, 0xf0, 0x7e, 0xf, 0xc0, 0xf8,
    0xc,

    /* U+00D2 "Ò" */
    0x18, 0x1, 0x0, 0x30, 0x2, 0x1, 0xf0, 0x63,
    0x18, 0x33, 0x2, 0xc0, 0x78, 0xf, 0x1, 0xe0,
    0x3c, 0x7, 0x80, 0xf0, 0x1b, 0x2, 0x60, 0xc6,
    0x30, 0x7c, 0x0,

    /* U+00D3 "Ó" */
    0x3, 0x0, 0x60, 0x18, 0x2, 0x1, 0xf0, 0x63,
    0x18, 0x33, 0x2, 0xc0, 0x78, 0xf, 0x1, 0xe0,
    0x3c, 0x7, 0x80, 0xf0, 0x1b, 0x2, 0x60, 0xc6,
    0x30, 0x7c, 0x0,

    /* U+00D4 "Ô" */
    0x4, 0x1, 0xc0, 0x6c, 0x0, 0x1, 0xf0, 0x63,
    0x18, 0x33, 0x2, 0xc0, 0x78, 0xf, 0x1, 0xe0,
    0x3c, 0x7, 0x80, 0xf0, 0x1b, 0x2, 0x60, 0xc6,
    0x30, 0x7c, 0x0,

    /* U+00D5 "Õ" */
    0x1c, 0x86, 0x60, 0x0, 0xf, 0x83, 0x18, 0xc1,
    0x98, 0x16, 0x3, 0xc0, 0x78, 0xf, 0x1, 0xe0,
    0x3c, 0x7, 0x80, 0xd8, 0x13, 0x6, 0x31, 0x83,
    0xe0,

    /* U+00D6 "Ö" */
    0x19, 0x80, 0x0, 0x0, 0xf, 0x83, 0x18, 0xc1,
    0x98, 0x16, 0x3, 0xc0, 0x78, 0xf, 0x1, 0xe0,
    0x3c, 0x7, 0x80, 0xd8, 0x13, 0x6, 0x31, 0x83,
    0xe0,

    /* U+00D7 "×" */
    0x42, 0x66, 0x3c, 0x18, 0x3c, 0x66, 0xe7, 0x42,

    /* U+00D8 "Ø" */
    0x1f, 0x66, 0x39, 0x83, 0x30, 0xfc, 0x17, 0x86,
    0xf0, 0x9e, 0x33, 0xc4, 0x79, 0x8f, 0x21, 0xfc,
    0x27, 0xc, 0x63, 0x1f, 0xc6, 0x0,

    /* U+00D9 "Ù" */
    0x30, 0x6, 0x0, 0x80, 0x10, 0xc0, 0xf0, 0x3c,
    0xf, 0x3, 0xc0, 0xf0, 0x3c, 0xf, 0x3, 0xc0,
    0xf0, 0x3c, 0xf, 0x3, 0xc0, 0x98, 0x61, 0xe0,

    /* U+00DA "Ú" */
    0x3, 0x1, 0x80, 0x40, 0x20, 0xc0, 0xf0, 0x3c,
    0xf, 0x3, 0xc0, 0xf0, 0x3c, 0xf, 0x3, 0xc0,
    0xf0, 0x3c, 0xf, 0x3, 0xc0, 0x98, 0x61, 0xe0,

    /* U+00DB "Û" */
    0xc, 0x3, 0x1, 0x20, 0x0, 0xc0, 0xf0, 0x3c,
    0xf, 0x3, 0xc0, 0xf0, 0x3c, 0xf, 0x3, 0xc0,
    0xf0, 0x3c, 0xf, 0x3, 0xc0, 0x98, 0x61, 0xe0,

    /* U+00DC "Ü" */
    0x33, 0x0, 0x0, 0x3, 0x3, 0xc0, 0xf0, 0x3c,
    0xf, 0x3, 0xc0, 0xf0, 0x3c, 0xf, 0x3, 0xc0,
    0xf0, 0x3c, 0xf, 0x2, 0x61, 0x87, 0x80,

    /* U+00DD "Ý" */
    0x1, 0x80, 0x30, 0x2, 0x0, 0x60, 0xe0, 0x36,
    0x6, 0x70, 0x63, 0xc, 0x38, 0xc1, 0x98, 0x19,
    0x80, 0xf0, 0x6, 0x0, 0x60, 0x6, 0x0, 0x60,
    0x6, 0x0, 0x60, 0x6, 0x0,

    /* U+00DE "Þ" */
    0xc0, 0x60, 0x30, 0x18, 0xf, 0xe6, 0x1b, 0x7,
    0x83, 0xc1, 0xe0, 0xf0, 0xdf, 0xcc, 0x6, 0x3,
    0x0,

    /* U+00DF "ß" */
    0x3c, 0x19, 0xcc, 0x33, 0xc, 0xc7, 0x31, 0x8c,
    0xc3, 0x30, 0xce, 0x31, 0xec, 0x1f, 0x3, 0xc0,
    0xf4, 0x7d, 0xf0,

    /* U+00E0 "à" */
    0x30, 0x10, 0x8, 0x0, 0x3c, 0xe6, 0xc3, 0x3,
    0x3f, 0x63, 0xc3, 0xc3, 0xc3, 0xe7, 0x7f,

    /* U+00E1 "á" */
    0x6, 0xc, 0x8, 0x0, 0x3c, 0xe6, 0xc3, 0x3,
    0x3f, 0x63, 0xc3, 0xc3, 0xc3, 0xe7, 0x7f,

    /* U+00E2 "â" */
    0x18, 0x14, 0x22, 0x0, 0x3c, 0xe6, 0xc3, 0x3,
    0x3f, 0x63, 0xc3, 0xc3, 0xc3, 0xe7, 0x7f,

    /* U+00E3 "ã" */
    0x33, 0x4e, 0x0, 0x0, 0x3c, 0xe6, 0xc3, 0x3,
    0x3f, 0x63, 0xc3, 0xc3, 0xc3, 0xe7, 0x7f,

    /* U+00E4 "ä" */
    0x33, 0x0, 0x0, 0x0, 0x3c, 0xe6, 0xc3, 0x3,
    0x3f, 0x63, 0xc3, 0xc3, 0xc3, 0x67, 0x7f,

    /* U+00E5 "å" */
    0xc, 0x12, 0x12, 0x12, 0xc, 0x0, 0x3c, 0xe6,
    0xc3, 0x3, 0x3f, 0x63, 0xc3, 0xc3, 0xc3, 0x67,
    0x3f,

    /* U+00E6 "æ" */
    0x3e, 0xfc, 0x67, 0xc6, 0xc3, 0x83, 0x3, 0x3,
    0x3, 0x3, 0x7f, 0xff, 0xe3, 0x0, 0xc3, 0x0,
    0xc3, 0x80, 0xc7, 0xc2, 0x7c, 0x7e,

    /* U+00E7 "ç" */
    0x1e, 0x31, 0x98, 0x78, 0x3c, 0x6, 0x3, 0x1,
    0x80, 0x41, 0xb1, 0x8f, 0x81, 0x0, 0x60, 0x30,
    0x70,

    /* U+00E8 "è" */
    0x30, 0xc, 0x2, 0x0, 0x1, 0xe3, 0x19, 0x87,
    0x83, 0xc1, 0xff, 0xf0, 0x18, 0x6, 0x3, 0xc,
    0x78,

    /* U+00E9 "é" */
    0x6, 0x6, 0x2, 0x0, 0x1, 0xe3, 0x19, 0x87,
    0x83, 0xc1, 0xff, 0xf0, 0x18, 0x6, 0x3, 0xc,
    0x78,

    /* U+00EA "ê" */
    0xc, 0xb, 0x8, 0x80, 0x1, 0xe3, 0x19, 0x87,
    0x83, 0xc1, 0xff, 0xf0, 0x18, 0x6, 0x3, 0xc,
    0x78,

    /* U+00EB "ë" */
    0x33, 0x0, 0x0, 0x0, 0x1, 0xe3, 0x19, 0x87,
    0x83, 0xc1, 0xff, 0xf0, 0x18, 0x6, 0x3, 0x8c,
    0x78,

    /* U+00EC "ì" */
    0xc6, 0x30, 0x33, 0x33, 0x33, 0x33, 0x33, 0x30,

    /* U+00ED "í" */
    0x36, 0xc0, 0xcc, 0xcc, 0xcc, 0xcc, 0xcc, 0xc0,

    /* U+00EE "î" */
    0x31, 0xa8, 0x40, 0x30, 0xc3, 0xc, 0x30, 0xc3,
    0xc, 0x30, 0xc3, 0x0,

    /* U+00EF "ï" */
    0xcc, 0x0, 0x0, 0x30, 0xc3, 0xc, 0x30, 0xc3,
    0xc, 0x30, 0xc3, 0x0,

    /* U+00F0 "ð" */
    0x20, 0x3d, 0x83, 0x81, 0xc1, 0x30, 0x18, 0xf6,
    0xc7, 0xc1, 0xe0, 0xf0, 0x78, 0x3c, 0x1b, 0x19,
    0x8c, 0x7c,

    /* U+00F1 "ñ" */
    0x72, 0x4e, 0x0, 0x0, 0xde, 0xe7, 0xc3, 0xc3,
    0xc3, 0xc3, 0xc3, 0xc3, 0xc3, 0xc3, 0xc3,

    /* U+00F2 "ò" */
    0x30, 0x6, 0x0, 0xc0, 0x0, 0x1e, 0x1c, 0xe6,
    0x1b, 0x3, 0xc0, 0xf0, 0x3c, 0xf, 0x3, 0x61,
    0x98, 0xe1, 0xe0,

    /* U+00F3 "ó" */
    0x7, 0x1, 0x80, 0xc0, 0x0, 0x1e, 0x1c, 0xe6,
    0x1b, 0x3, 0xc0, 0xf0, 0x3c, 0xf, 0x3, 0x61,
    0x98, 0xe1, 0xe0,

    /* U+00F4 "ô" */
    0xc, 0x5, 0x83, 0x30, 0x0, 0x1e, 0x1c, 0xe6,
    0x1b, 0x3, 0xc0, 0xf0, 0x3c, 0xf, 0x3, 0x61,
    0x98, 0xe1, 0xe0,

    /* U+00F5 "õ" */
    0x39, 0x19, 0xc0, 0x0, 0x0, 0x1e, 0x1c, 0xe6,
    0x1b, 0x3, 0xc0, 0xf0, 0x3c, 0xf, 0x3, 0x61,
    0x98, 0xe1, 0xe0,

    /* U+00F6 "ö" */
    0x33, 0x0, 0x0, 0x0, 0x0, 0x1e, 0x1c, 0xe6,
    0x1b, 0x3, 0xc0, 0xf0, 0x3c, 0xf, 0x3, 0x61,
    0x98, 0xe1, 0xe0,

    /* U+00F7 "÷" */
    0x18, 0x0, 0x0, 0x1f, 0xf0, 0x0, 0x0, 0x0,
    0x30,

    /* U+00F8 "ø" */
    0x0, 0x80, 0x61, 0xf1, 0xce, 0x63, 0xb1, 0xbc,
    0x4f, 0x33, 0xc8, 0xf2, 0x37, 0x19, 0xce, 0x3e,
    0x18, 0x0,

    /* U+00F9 "ù" */
    0x30, 0x10, 0x8, 0x0, 0xc3, 0xc3, 0xc3, 0xc3,
    0xc3, 0xc3, 0xc3, 0xc3, 0xc3, 0xe7, 0x7f,

    /* U+00FA "ú" */
    0xc, 0x8, 0x18, 0x0, 0xc3, 0xc3, 0xc3, 0xc3,
    0xc3, 0xc3, 0xc3, 0xc3, 0xc3, 0xe7, 0x7f,

    /* U+00FB "û" */
    0x18, 0x3c, 0x0, 0x0, 0xc3, 0xc3, 0xc3, 0xc3,
    0xc3, 0xc3, 0xc3, 0xc3, 0xc3, 0xe7, 0x7f,

    /* U+00FC "ü" */
    0x66, 0x0, 0x0, 0x0, 0xc3, 0xc3, 0xc3, 0xc3,
    0xc3, 0xc3, 0xc3, 0xc3, 0xc3, 0xe7, 0x7f,

    /* U+00FD "ý" */
    0x7, 0x3, 0x3, 0x0, 0xc, 0x1b, 0xd, 0x84,
    0xc6, 0x33, 0x19, 0xd, 0x83, 0xc1, 0xc0, 0xe0,
    0x30, 0x10, 0x18, 0x8, 0x1c, 0x0,

    /* U+00FE "þ" */
    0xc0, 0x60, 0x30, 0x18, 0xd, 0xe7, 0x1b, 0xf,
    0x83, 0xc1, 0xe0, 0xf0, 0x78, 0x3c, 0x37, 0x1b,
    0x79, 0x80, 0xc0, 0x60, 0x30, 0x0,

    /* U+00FF "ÿ" */
    0x33, 0x0, 0x0, 0x0, 0x6, 0x1b, 0xd, 0x8c,
    0x46, 0x33, 0x19, 0x5, 0x83, 0xc1, 0xc0, 0x60,
    0x30, 0x10, 0x8, 0x8, 0x1c, 0x0,

    /* U+0100 "Ā" */
    0x1f, 0xc0, 0x0, 0x1, 0x80, 0xe, 0x0, 0x70,
    0x6, 0xc0, 0x36, 0x3, 0x30, 0x18, 0xc0, 0xc6,
    0xc, 0x30, 0x60, 0xc3, 0xfe, 0x30, 0x19, 0x80,
    0xd8, 0x6, 0xc0, 0x18,

    /* U+0101 "ā" */
    0x7f, 0x0, 0x0, 0x0, 0x3c, 0xe6, 0xc3, 0x3,
    0x3f, 0x63, 0xc3, 0xc3, 0xc3, 0x67, 0x7f,

    /* U+0102 "Ă" */
    0x19, 0x81, 0x98, 0xf, 0x0, 0x60, 0x6, 0x0,
    0xf0, 0xf, 0x0, 0x90, 0x19, 0x81, 0x98, 0x11,
    0x83, 0xc, 0x30, 0xc7, 0xfe, 0x60, 0x64, 0x2,
    0xc0, 0x3c, 0x3,

    /* U+0103 "ă" */
    0x63, 0x3e, 0x0, 0x0, 0x3c, 0x66, 0xc3, 0x3,
    0x3f, 0x63, 0xc3, 0xc3, 0xc3, 0x67, 0x7f,

    /* U+0104 "Ą" */
    0x6, 0x0, 0x38, 0x1, 0xc0, 0x1b, 0x0, 0xd8,
    0x4, 0xc0, 0x63, 0x3, 0x18, 0x30, 0xe1, 0x83,
    0xf, 0xf8, 0xc0, 0x66, 0x3, 0x30, 0x1b, 0x0,
    0x60, 0x6, 0x0, 0x60, 0x3, 0x0, 0xe,

    /* U+0105 "ą" */
    0x3c, 0xe6, 0xc3, 0x3, 0x3f, 0x63, 0xc3, 0xc3,
    0xc3, 0x67, 0x7f, 0x3, 0x6, 0x6, 0x7,

    /* U+0106 "Ć" */
    0x3, 0x0, 0x40, 0x10, 0x0, 0x1, 0xf0, 0x61,
    0x98, 0x13, 0x3, 0xc0, 0x78, 0x3, 0x0, 0x60,
    0xc, 0x1, 0x80, 0x30, 0x1a, 0x3, 0x60, 0x46,
    0x18, 0x7c, 0x0,

    /* U+0107 "ć" */
    0x6, 0x6, 0x2, 0x0, 0x1, 0xe3, 0x19, 0x87,
    0x83, 0xc0, 0x60, 0x30, 0x18, 0x4, 0x1b, 0x18,
    0xf8,

    /* U+0108 "Ĉ" */
    0x6, 0x1, 0x40, 0x64, 0x0, 0x1, 0xf0, 0x61,
    0x98, 0x13, 0x3, 0xc0, 0x78, 0x3, 0x0, 0x60,
    0xc, 0x1, 0x80, 0x30, 0x1a, 0x3, 0x60, 0x46,
    0x18, 0x7c, 0x0,

    /* U+0109 "ĉ" */
    0x18, 0x1a, 0x18, 0x80, 0x1, 0xe3, 0x19, 0x87,
    0x83, 0xc0, 0x60, 0x30, 0x18, 0x4, 0x1b, 0x18,
    0xf8,

    /* U+010A "Ċ" */
    0xc, 0x0, 0x0, 0x0, 0x7c, 0x31, 0x98, 0x34,
    0xf, 0x3, 0xc0, 0x30, 0xc, 0x3, 0x0, 0xc0,
    0x30, 0x34, 0xd, 0x83, 0x31, 0x87, 0xc0,

    /* U+010B "ċ" */
    0x18, 0x0, 0x0, 0x0, 0x1, 0xe3, 0x19, 0x87,
    0x83, 0xc0, 0x60, 0x30, 0x18, 0x4, 0x1b, 0x18,
    0xf8,

    /* U+010C "Č" */
    0x19, 0x1, 0x40, 0x18, 0x0, 0x1, 0xf0, 0x61,
    0x98, 0x13, 0x3, 0xc0, 0x78, 0x3, 0x0, 0x60,
    0xc, 0x1, 0x80, 0x30, 0x1a, 0x3, 0x60, 0x46,
    0x18, 0x7c, 0x0,

    /* U+010D "č" */
    0x26, 0xe, 0x2, 0x0, 0x1, 0xe3, 0x19, 0x87,
    0x83, 0xc0, 0x60, 0x30, 0x18, 0x4, 0x1b, 0x18,
    0xf8,

    /* U+010E "Ď" */
    0x62, 0xd, 0x1, 0xc0, 0x20, 0xfc, 0x30, 0xcc,
    0x1b, 0x6, 0xc0, 0xf0, 0x3c, 0xf, 0x3, 0xc0,
    0xf0, 0x3c, 0xf, 0x6, 0xc1, 0xb0, 0xcf, 0xc0,

    /* U+010F "ď" */
    0x1, 0xb0, 0x1b, 0x1, 0xa0, 0x1a, 0x3d, 0x86,
    0x38, 0x61, 0x8c, 0x18, 0xc1, 0x8c, 0x18, 0xc1,
    0x8c, 0x18, 0x61, 0x86, 0x38, 0x3f, 0x80,

    /* U+0110 "Đ" */
    0x3f, 0x3, 0xc, 0x30, 0x63, 0x6, 0x30, 0x33,
    0x3, 0x30, 0x3f, 0xc3, 0x30, 0x33, 0x3, 0x30,
    0x33, 0x6, 0x30, 0x63, 0xc, 0x3f, 0x0,

    /* U+0111 "đ" */
    0x1, 0x80, 0xfc, 0x6, 0x0, 0xc3, 0xd8, 0xc7,
    0x18, 0x66, 0xc, 0xc1, 0x98, 0x33, 0x6, 0x60,
    0xc6, 0x18, 0xc7, 0xf, 0xe0,

    /* U+0112 "Ē" */
    0x7f, 0x0, 0x0, 0x1f, 0xfc, 0x6, 0x3, 0x1,
    0x80, 0xc0, 0x60, 0x3f, 0xd8, 0xc, 0x6, 0x3,
    0x1, 0x80, 0xc0, 0x7f, 0xc0,

    /* U+0113 "ē" */
    0x7f, 0x0, 0x0, 0x0, 0x1, 0xe3, 0x19, 0x87,
    0x83, 0xc1, 0xff, 0xf0, 0x18, 0x6, 0x3, 0xc,
    0x78,

    /* U+0114 "Ĕ" */
    0x63, 0x1f, 0x0, 0x1f, 0xfc, 0x6, 0x3, 0x1,
    0x80, 0xc0, 0x60, 0x3f, 0xd8, 0xc, 0x6, 0x3,
    0x1, 0x80, 0xc0, 0x7f, 0xc0,

    /* U+0115 "ĕ" */
    0x63, 0x1f, 0x0, 0x0, 0x1, 0xe3, 0x19, 0x87,
    0x83, 0xc1, 0xff, 0xf0, 0x18, 0x6, 0x3, 0x8c,
    0x78,

    /* U+0116 "Ė" */
    0x18, 0x0, 0x3f, 0xf8, 0xc, 0x6, 0x3, 0x1,
    0x80, 0xc0, 0x7f, 0xb0, 0x18, 0xc, 0x6, 0x3,
    0x1, 0x80, 0xff, 0x80,

    /* U+0117 "ė" */
    0xc, 0x0, 0x0, 0x0, 0x0, 0x1f, 0xc, 0x66,
    0x1b, 0x3, 0xc0, 0xff, 0xfc, 0x3, 0x0, 0x60,
    0x1c, 0x71, 0xf0,

    /* U+0118 "Ę" */
    0xff, 0xe0, 0x30, 0x18, 0xc, 0x6, 0x3, 0x1,
    0xfe, 0xc0, 0x60, 0x30, 0x18, 0xc, 0x6, 0x3,
    0xfe, 0x6, 0x6, 0x3, 0x1, 0xc0,

    /* U+0119 "ę" */
    0x1e, 0x31, 0x98, 0x78, 0x3c, 0x1f, 0xff, 0x1,
    0x80, 0x60, 0x30, 0xc7, 0xc0, 0xc0, 0xc0, 0x60,
    0x38,

    /* U+011A "Ě" */
    0x62, 0x1b, 0x7, 0x1, 0xf, 0xfe, 0x3, 0x1,
    0x80, 0xc0, 0x60, 0x30, 0x1f, 0xec, 0x6, 0x3,
    0x1, 0x80, 0xc0, 0x60, 0x3f, 0xe0,

    /* U+011B "ě" */
    0x32, 0xe, 0x2, 0x0, 0x1, 0xe3, 0x19, 0x87,
    0x83, 0xc1, 0xff, 0xf0, 0x18, 0x6, 0x3, 0xc,
    0x78,

    /* U+011C "Ĝ" */
    0xc, 0x1, 0x40, 0x4c, 0x0, 0x1, 0xf0, 0x63,
    0x98, 0x33, 0x3, 0xc0, 0x18, 0x3, 0x0, 0x60,
    0xc, 0x3f, 0x80, 0xf0, 0x1b, 0x3, 0x60, 0x66,
    0x1c, 0x7e, 0x0,

    /* U+011D "ĝ" */
    0x8, 0xa, 0x8, 0x80, 0x3, 0xfb, 0x1d, 0x87,
    0x83, 0xc1, 0xe0, 0xf0, 0x78, 0x36, 0x1b, 0x1c,
    0xfe, 0x3, 0x41, 0xb1, 0x8f, 0x80,

    /* U+011E "Ğ" */
    0x31, 0x86, 0x30, 0x7c, 0x0, 0x1, 0xf0, 0x63,
    0x98, 0x33, 0x3, 0xc0, 0x18, 0x3, 0x0, 0x60,
    0xc, 0x3f, 0x80, 0xf0, 0x1b, 0x3, 0x60, 0x66,
    0x1c, 0x7e, 0x0,

    /* U+011F "ğ" */
    0x63, 0x1f, 0x0, 0x0, 0x3, 0xfb, 0x1d, 0x87,
    0x83, 0xc1, 0xe0, 0xf0, 0x78, 0x36, 0x1b, 0x1c,
    0xfe, 0x3, 0x1, 0xe1, 0x8f, 0x80,

    /* U+0120 "Ġ" */
    0xc, 0x0, 0x0, 0x0, 0xf, 0x83, 0x1c, 0xc1,
    0x98, 0x1e, 0x0, 0xc0, 0x18, 0x3, 0x0, 0x63,
    0xfc, 0x7, 0x80, 0xd8, 0x1b, 0x3, 0x30, 0xe3,
    0xf0,

    /* U+0121 "ġ" */
    0x18, 0x0, 0x0, 0x0, 0x3, 0xfb, 0x1d, 0x87,
    0x83, 0xc1, 0xe0, 0xf0, 0x78, 0x36, 0x1b, 0x1c,
    0xfe, 0x3, 0x41, 0xb1, 0x8f, 0x80,

    /* U+0122 "Ģ" */
    0x1f, 0x6, 0x39, 0x83, 0x30, 0x3c, 0x1, 0x80,
    0x30, 0x6, 0x0, 0xc3, 0xf8, 0xf, 0x1, 0xb0,
    0x36, 0x6, 0x61, 0xc7, 0xe0, 0x0, 0x6, 0x0,
    0xc0, 0x18, 0x2, 0x0,

    /* U+0123 "ģ" */
    0x8, 0x18, 0x18, 0x18, 0x0, 0x0, 0x3f, 0x67,
    0xc3, 0xc3, 0xc3, 0xc3, 0xc3, 0xc3, 0xc3, 0x67,
    0x3f, 0x3, 0x43, 0x66, 0x3c,

    /* U+0124 "Ĥ" */
    0x4, 0x1, 0xc0, 0x4c, 0x0, 0xc, 0x7, 0x80,
    0xf0, 0x1e, 0x3, 0xc0, 0x78, 0xf, 0x1, 0xff,
    0xfc, 0x7, 0x80, 0xf0, 0x1e, 0x3, 0xc0, 0x78,
    0xf, 0x1, 0x80,

    /* U+0125 "ĥ" */
    0x10, 0x38, 0x6c, 0x0, 0xc0, 0xc0, 0xc0, 0xc0,
    0xde, 0xe7, 0xc3, 0xc3, 0xc3, 0xc3, 0xc3, 0xc3,
    0xc3, 0xc3, 0xc3,

    /* U+0126 "Ħ" */
    0x60, 0x31, 0x80, 0xc6, 0x3, 0x18, 0xc, 0xff,
    0xfd, 0x80, 0xc6, 0x3, 0x1f, 0xfc, 0x60, 0x31,
    0x80, 0xc6, 0x3, 0x18, 0xc, 0x60, 0x31, 0x80,
    0xc6, 0x3, 0x0,

    /* U+0127 "ħ" */
    0x30, 0x3f, 0x3, 0x0, 0xc0, 0x37, 0x8e, 0x73,
    0xc, 0xc3, 0x30, 0xcc, 0x33, 0xc, 0xc3, 0x30,
    0xcc, 0x33, 0xc,

    /* U+0128 "Ĩ" */
    0x72, 0x4e, 0x0, 0x18, 0x18, 0x18, 0x18, 0x18,
    0x18, 0x18, 0x18, 0x18, 0x18, 0x18, 0x18, 0x18,
    0x18, 0x18,

    /* U+0129 "ĩ" */
    0x72, 0x4e, 0x0, 0x0, 0x18, 0x18, 0x18, 0x18,
    0x18, 0x18, 0x18, 0x18, 0x18, 0x18, 0x18,

    /* U+012A "Ī" */
    0xfe, 0x0, 0x1, 0x83, 0x6, 0xc, 0x18, 0x30,
    0x60, 0xc1, 0x83, 0x6, 0xc, 0x18, 0x30, 0x60,

    /* U+012B "ī" */
    0xfe, 0x0, 0x0, 0x3, 0x6, 0xc, 0x18, 0x30,
    0x60, 0xc1, 0x83, 0x6, 0xc, 0x0,

    /* U+012C "Ĭ" */
    0xcd, 0xe0, 0xc, 0x30, 0xc3, 0xc, 0x30, 0xc3,
    0xc, 0x30, 0xc3, 0xc, 0x30, 0xc0,

    /* U+012D "ĭ" */
    0xcf, 0x37, 0x80, 0x30, 0xc3, 0xc, 0x30, 0xc3,
    0xc, 0x30, 0xc3, 0x0,

    /* U+012E "Į" */
    0x6d, 0xb6, 0xdb, 0x6d, 0xb6, 0xdb, 0xdb, 0x80,

    /* U+012F "į" */
    0x30, 0x0, 0x33, 0x33, 0x33, 0x33, 0x33, 0x36,
    0xcc, 0x70,

    /* U+0130 "İ" */
    0xcf, 0xff, 0xff, 0xff, 0xc0,

    /* U+0131 "ı" */
    0xff, 0xff, 0xfc,

    /* U+0132 "Ĳ" */
    0xc0, 0x1e, 0x0, 0xf0, 0x7, 0x80, 0x3c, 0x1,
    0xe0, 0xf, 0x0, 0x78, 0x3, 0xc0, 0x1e, 0x0,
    0xf0, 0x7, 0x98, 0x3c, 0xc1, 0xe3, 0x1b, 0xf,
    0x80,

    /* U+0133 "ĳ" */
    0xc6, 0x0, 0x0, 0xc, 0x78, 0xf1, 0xe3, 0xc7,
    0x8f, 0x1e, 0x3c, 0x78, 0xf1, 0x83, 0x6, 0xc,
    0x70,

    /* U+0134 "Ĵ" */
    0x1, 0x0, 0x70, 0x19, 0x0, 0x0, 0x18, 0x3,
    0x0, 0x60, 0xc, 0x1, 0x80, 0x30, 0x6, 0x0,
    0xc0, 0x18, 0x3, 0x0, 0x66, 0xc, 0xc1, 0x8c,
    0x60, 0xf8, 0x0,

    /* U+0135 "ĵ" */
    0x31, 0xec, 0xc0, 0x30, 0xc3, 0xc, 0x30, 0xc3,
    0xc, 0x30, 0xc3, 0xc, 0x30, 0xce, 0x0,

    /* U+0136 "Ķ" */
    0xc0, 0xd8, 0x3b, 0xe, 0x63, 0x8c, 0x61, 0x98,
    0x36, 0x7, 0xe0, 0xec, 0x18, 0xc3, 0xc, 0x61,
    0xcc, 0x19, 0x81, 0xb0, 0x18, 0x60, 0xc, 0x1,
    0x80, 0x20, 0x0,

    /* U+0137 "ķ" */
    0xc0, 0x60, 0x30, 0x18, 0xc, 0x36, 0x33, 0x31,
    0xb0, 0xf8, 0x7c, 0x3b, 0x19, 0xcc, 0x66, 0x1b,
    0x6, 0x30, 0x18, 0xc, 0xc, 0x0, 0x0,

    /* U+0138 "ĸ" */
    0xc3, 0xe1, 0xb1, 0x99, 0x8d, 0x87, 0xc3, 0x61,
    0x98, 0xc6, 0x61, 0xb0, 0x60,

    /* U+0139 "Ĺ" */
    0x30, 0x30, 0x10, 0x10, 0xc, 0x6, 0x3, 0x1,
    0x80, 0xc0, 0x60, 0x30, 0x18, 0xc, 0x6, 0x3,
    0x1, 0x80, 0xc0, 0x60, 0x3f, 0xe0,

    /* U+013A "ĺ" */
    0x36, 0x4c, 0xc, 0xcc, 0xcc, 0xcc, 0xcc, 0xcc,
    0xcc, 0xcc,

    /* U+013B "Ļ" */
    0xc0, 0x60, 0x30, 0x18, 0xc, 0x6, 0x3, 0x1,
    0x80, 0xc0, 0x60, 0x30, 0x18, 0xc, 0x6, 0x3,
    0xfe, 0x0, 0x18, 0xc, 0x6, 0x2, 0x0,

    /* U+013C "ļ" */
    0x6d, 0xb6, 0xdb, 0x6d, 0xb6, 0xd8, 0x6d, 0xa0,

    /* U+013D "Ľ" */
    0xcc, 0x66, 0x33, 0x1b, 0xc, 0x6, 0x3, 0x1,
    0x80, 0xc0, 0x60, 0x30, 0x18, 0xc, 0x6, 0x3,
    0xfe,

    /* U+013E "ľ" */
    0xde, 0xf7, 0xac, 0x63, 0x18, 0xc6, 0x31, 0x8c,
    0x63, 0x0,

    /* U+013F "Ŀ" */
    0xc0, 0x60, 0x30, 0x18, 0xc, 0x6, 0x3, 0x1,
    0x98, 0xc0, 0x60, 0x30, 0x18, 0xc, 0x6, 0x3,
    0xfe,

    /* U+0140 "ŀ" */
    0xc6, 0x31, 0x8c, 0x63, 0x1b, 0xc6, 0x31, 0x8c,
    0x63, 0x0,

    /* U+0141 "Ł" */
    0x60, 0x18, 0x6, 0x1, 0x80, 0x60, 0x18, 0x7,
    0xc3, 0xc0, 0xe0, 0x18, 0x6, 0x1, 0x80, 0x60,
    0x18, 0x7, 0xfc,

    /* U+0142 "ł" */
    0x63, 0x18, 0xc6, 0x31, 0xfe, 0xe3, 0x18, 0xc6,
    0x31, 0x80,

    /* U+0143 "Ń" */
    0x3, 0x0, 0x60, 0x18, 0x6, 0xc, 0x7, 0xc0,
    0xfc, 0x1f, 0x83, 0xd8, 0x7b, 0xf, 0x31, 0xe7,
    0x3c, 0x67, 0x86, 0xf0, 0xde, 0xf, 0xc1, 0xf8,
    0x1f, 0x1, 0x80,

    /* U+0144 "ń" */
    0x4, 0x8, 0x18, 0x0, 0xde, 0xe7, 0xc3, 0xc3,
    0xc3, 0xc3, 0xc3, 0xc3, 0xc3, 0xc3, 0xc3,

    /* U+0145 "Ņ" */
    0xc0, 0xf8, 0x3e, 0xf, 0xc3, 0xd0, 0xf6, 0x3c,
    0x8f, 0x33, 0xc4, 0xf1, 0xbc, 0x2f, 0xf, 0xc1,
    0xf0, 0x7c, 0xc, 0x0, 0xc, 0x3, 0x0, 0xc0,
    0x20,

    /* U+0146 "ņ" */
    0xde, 0xe7, 0xc3, 0xc3, 0xc3, 0xc3, 0xc3, 0xc3,
    0xc3, 0xc3, 0xc3, 0x0, 0x18, 0x18, 0x18, 0x10,

    /* U+0147 "Ň" */
    0x11, 0x3, 0x60, 0x38, 0x2, 0xc, 0x7, 0xc0,
    0xfc, 0x1f, 0x83, 0xd8, 0x7b, 0xf, 0x31, 0xe7,
    0x3c, 0x67, 0x86, 0xf0, 0xde, 0xf, 0xc1, 0xf8,
    0x1f, 0x1, 0x80,

    /* U+0148 "ň" */
    0x24, 0x18, 0x8, 0x0, 0xde, 0xe7, 0xc3, 0xc3,
    0xc3, 0xc3, 0xc3, 0xc3, 0xc3, 0xc3, 0xc3,

    /* U+0149 "ŉ" */
    0x60, 0xc, 0x3, 0x0, 0x0, 0x3, 0x78, 0x71,
    0x8c, 0x19, 0x83, 0x30, 0x66, 0xc, 0xc1, 0x98,
    0x33, 0x6, 0x60, 0xcc, 0x18,

    /* U+014A "Ŋ" */
    0xc0, 0x7c, 0xf, 0xc1, 0xf8, 0x3d, 0x87, 0xb0,
    0xf3, 0x1e, 0x73, 0xc6, 0x78, 0x6f, 0xd, 0xe0,
    0xfc, 0x1f, 0x81, 0xf0, 0x18, 0x3, 0x0, 0x60,
    0xc, 0x7, 0x0,

    /* U+014B "ŋ" */
    0xde, 0x71, 0xb0, 0x78, 0x3c, 0x1e, 0xf, 0x7,
    0x83, 0xc1, 0xe0, 0xf0, 0x60, 0x30, 0x18, 0xc,
    0x3c,

    /* U+014C "Ō" */
    0x3f, 0x80, 0x0, 0x0, 0xf, 0x83, 0x18, 0xc1,
    0x98, 0x16, 0x3, 0xc0, 0x78, 0xf, 0x1, 0xe0,
    0x3c, 0x7, 0x80, 0xd8, 0x13, 0x6, 0x31, 0x83,
    0xe0,

    /* U+014D "ō" */
    0x7f, 0x0, 0x0, 0x0, 0x0, 0x1e, 0x1c, 0xe6,
    0x1b, 0x3, 0xc0, 0xf0, 0x3c, 0xf, 0x3, 0x61,
    0x98, 0xe1, 0xe0,

    /* U+014E "Ŏ" */
    0x19, 0x83, 0x30, 0x3c, 0x0, 0x1, 0xf0, 0x63,
    0x18, 0x33, 0x2, 0xc0, 0x78, 0xf, 0x1, 0xe0,
    0x3c, 0x7, 0x80, 0xf0, 0x1b, 0x2, 0x60, 0xc6,
    0x30, 0x7c, 0x0,

    /* U+014F "ŏ" */
    0x33, 0x7, 0x80, 0x0, 0x0, 0x1e, 0x1c, 0xe6,
    0x1b, 0x3, 0xc0, 0xf0, 0x3c, 0xf, 0x3, 0x61,
    0x98, 0xe1, 0xe0,

    /* U+0150 "Ő" */
    0x5, 0x81, 0xb0, 0x2c, 0x0, 0x1, 0xf0, 0x63,
    0x18, 0x33, 0x2, 0xc0, 0x78, 0xf, 0x1, 0xe0,
    0x3c, 0x7, 0x80, 0xf0, 0x1b, 0x2, 0x60, 0xc6,
    0x30, 0x7c, 0x0,

    /* U+0151 "ő" */
    0xd, 0x86, 0xc1, 0x20, 0x0, 0x1e, 0x1c, 0xe6,
    0x1b, 0x3, 0xc0, 0xf0, 0x3c, 0xf, 0x3, 0x61,
    0x98, 0xe1, 0xe0,

    /* U+0152 "Œ" */
    0x1f, 0xff, 0x98, 0xc0, 0x18, 0x60, 0x18, 0x30,
    0xc, 0x18, 0x6, 0xc, 0x3, 0x6, 0x1, 0x83,
    0xfe, 0xc1, 0x80, 0x60, 0xc0, 0x30, 0x60, 0x18,
    0x30, 0x6, 0x18, 0x1, 0x8c, 0x0, 0x7f, 0xfe,

    /* U+0153 "œ" */
    0x1e, 0x1e, 0x30, 0xf1, 0x98, 0x78, 0x78, 0x18,
    0x3c, 0xc, 0x1e, 0x7, 0xff, 0x3, 0x1, 0x81,
    0x80, 0x61, 0xe0, 0x30, 0xf0, 0x87, 0x8f, 0xc0,

    /* U+0154 "Ŕ" */
    0x7, 0x0, 0xc0, 0x30, 0xc, 0xf, 0xf1, 0x83,
    0x30, 0x36, 0x6, 0xc0, 0xd8, 0x1b, 0x3, 0x60,
    0xcf, 0xf1, 0x86, 0x30, 0xc6, 0xc, 0xc1, 0x98,
    0x1b, 0x3, 0x0,

    /* U+0155 "ŕ" */
    0x18, 0x42, 0x0, 0xfb, 0x8c, 0x30, 0xc3, 0xc,
    0x30, 0xc3, 0xc, 0x0,

    /* U+0156 "Ŗ" */
    0xff, 0x18, 0x33, 0x3, 0x60, 0x6c, 0xd, 0x81,
    0xb0, 0x36, 0xc, 0xff, 0x18, 0xc3, 0xc, 0x61,
    0xcc, 0x19, 0x81, 0xb0, 0x30, 0x0, 0x18, 0x3,
    0x0, 0x60, 0x8, 0x0,

    /* U+0157 "ŗ" */
    0x7d, 0xc6, 0x18, 0x61, 0x86, 0x18, 0x61, 0x86,
    0x0, 0x61, 0x86, 0x10,

    /* U+0158 "Ř" */
    0x63, 0x6, 0xc0, 0x70, 0x4, 0xf, 0xf1, 0x83,
    0x30, 0x36, 0x6, 0xc0, 0xd8, 0x1b, 0x3, 0x60,
    0xcf, 0xf1, 0x86, 0x30, 0xc6, 0xc, 0xc1, 0x98,
    0x1b, 0x3, 0x0,

    /* U+0159 "ř" */
    0xc9, 0xc2, 0x0, 0xfb, 0x8c, 0x30, 0xc3, 0xc,
    0x30, 0xc3, 0xc, 0x0,

    /* U+015A "Ś" */
    0x3, 0x1, 0x80, 0x40, 0x20, 0x3e, 0x18, 0x6c,
    0xf, 0x3, 0xc0, 0x38, 0x7, 0xc0, 0xfc, 0xf,
    0x80, 0x70, 0xf, 0x3, 0xc0, 0xd8, 0x61, 0xf0,

    /* U+015B "ś" */
    0x6, 0xc, 0x18, 0x0, 0x3c, 0x47, 0xc3, 0xc0,
    0xf8, 0x7e, 0xf, 0x3, 0xc3, 0x62, 0x3c,

    /* U+015C "Ŝ" */
    0x8, 0x7, 0x3, 0x20, 0x0, 0x3e, 0x18, 0x6c,
    0xf, 0x3, 0xc0, 0x38, 0x7, 0xc0, 0xfc, 0xf,
    0x80, 0x70, 0xf, 0x3, 0xc0, 0xd8, 0x61, 0xf0,

    /* U+015D "ŝ" */
    0x18, 0x34, 0x26, 0x0, 0x3c, 0x47, 0xc3, 0xc0,
    0xf8, 0x7e, 0xf, 0x3, 0xc3, 0x62, 0x3c,

    /* U+015E "Ş" */
    0x3e, 0x18, 0x6c, 0xf, 0x3, 0xc0, 0x38, 0x7,
    0xc0, 0xfc, 0xf, 0x80, 0x70, 0xf, 0x3, 0xc0,
    0xd8, 0x61, 0xf0, 0x30, 0x3, 0x0, 0xc0, 0xe0,

    /* U+015F "ş" */
    0x3c, 0x47, 0xc3, 0xc0, 0xf8, 0x7e, 0xf, 0x3,
    0xc3, 0x62, 0x3c, 0x8, 0x6, 0x6, 0x1c,

    /* U+0160 "Š" */
    0x23, 0x5, 0x80, 0xc0, 0x0, 0x3e, 0x18, 0x6c,
    0xf, 0x3, 0xc0, 0x38, 0x7, 0xc0, 0xfc, 0xf,
    0x80, 0x70, 0xf, 0x3, 0xc0, 0xd8, 0x61, 0xf0,

    /* U+0161 "š" */
    0x26, 0x1c, 0x8, 0x0, 0x3c, 0x47, 0xc3, 0xc0,
    0xf8, 0x7e, 0xf, 0x3, 0xc3, 0x62, 0x3c,

    /* U+0162 "Ţ" */
    0xff, 0xe1, 0x80, 0x30, 0x6, 0x0, 0xc0, 0x18,
    0x3, 0x0, 0x60, 0xc, 0x1, 0x80, 0x30, 0x6,
    0x0, 0xc0, 0x18, 0x3, 0x0, 0x60, 0x3, 0x0,
    0x60, 0x38, 0x0,

    /* U+0163 "ţ" */
    0x30, 0x60, 0xc7, 0xe3, 0x6, 0xc, 0x18, 0x30,
    0x60, 0xc1, 0xc3, 0xc3, 0x82, 0x3, 0x6, 0x18,

    /* U+0164 "Ť" */
    0x31, 0x2, 0x40, 0x38, 0x6, 0xf, 0xfe, 0x18,
    0x3, 0x0, 0x60, 0xc, 0x1, 0x80, 0x30, 0x6,
    0x0, 0xc0, 0x18, 0x3, 0x0, 0x60, 0xc, 0x1,
    0x80, 0x30, 0x0,

    /* U+0165 "ť" */
    0x6, 0xc, 0x19, 0xb3, 0x6, 0x3f, 0x18, 0x30,
    0x60, 0xc1, 0x83, 0x6, 0xc, 0x18, 0x1c,

    /* U+0166 "Ŧ" */
    0xff, 0xe1, 0x80, 0x30, 0x6, 0x0, 0xc0, 0x18,
    0x7, 0xe0, 0x60, 0xc, 0x1, 0x80, 0x30, 0x6,
    0x0, 0xc0, 0x18, 0x3, 0x0,

    /* U+0167 "ŧ" */
    0x30, 0xc3, 0x3f, 0x30, 0xc3, 0x3f, 0x30, 0xc3,
    0xc, 0x30, 0x70,

    /* U+0168 "Ũ" */
    0x39, 0x9, 0xc0, 0x3, 0x3, 0xc0, 0xf0, 0x3c,
    0xf, 0x3, 0xc0, 0xf0, 0x3c, 0xf, 0x3, 0xc0,
    0xf0, 0x3c, 0xf, 0x2, 0x61, 0x87, 0x80,

    /* U+0169 "ũ" */
    0x72, 0x4e, 0x0, 0x0, 0xc3, 0xc3, 0xc3, 0xc3,
    0xc3, 0xc3, 0xc3, 0xc3, 0xc3, 0xe7, 0x7f,

    /* U+016A "Ū" */
    0x3f, 0x80, 0x0, 0x3, 0x3, 0xc0, 0xf0, 0x3c,
    0xf, 0x3, 0xc0, 0xf0, 0x3c, 0xf, 0x3, 0xc0,
    0xf0, 0x3c, 0xf, 0x2, 0x61, 0x87, 0x80,

    /* U+016B "ū" */
    0x7f, 0x0, 0x0, 0x0, 0xc3, 0xc3, 0xc3, 0xc3,
    0xc3, 0xc3, 0xc3, 0xc3, 0xc3, 0xe7, 0x7f,

    /* U+016C "Ŭ" */
    0x33, 0x7, 0x80, 0x3, 0x3, 0xc0, 0xf0, 0x3c,
    0xf, 0x3, 0xc0, 0xf0, 0x3c, 0xf, 0x3, 0xc0,
    0xf0, 0x3c, 0xf, 0x2, 0x61, 0x87, 0x80,

    /* U+016D "ŭ" */
    0x66, 0x3c, 0x0, 0x0, 0xc3, 0xc3, 0xc3, 0xc3,
    0xc3, 0xc3, 0xc3, 0xc3, 0xc3, 0xe7, 0x7f,

    /* U+016E "Ů" */
    0xc, 0x4, 0x81, 0x20, 0x48, 0xc, 0x30, 0x3c,
    0xf, 0x3, 0xc0, 0xf0, 0x3c, 0xf, 0x3, 0xc0,
    0xf0, 0x3c, 0xf, 0x3, 0xc0, 0xf0, 0x26, 0x18,
    0x78,

    /* U+016F "ů" */
    0x18, 0x24, 0x24, 0x24, 0x18, 0x0, 0xc3, 0xc3,
    0xc3, 0xc3, 0xc3, 0xc3, 0xc3, 0xc3, 0xc3, 0xe7,
    0x7f,

    /* U+0170 "Ű" */
    0xd, 0x82, 0xc1, 0x20, 0x0, 0xc0, 0xf0, 0x3c,
    0xf, 0x3, 0xc0, 0xf0, 0x3c, 0xf, 0x3, 0xc0,
    0xf0, 0x3c, 0xf, 0x3, 0xc0, 0x98, 0x61, 0xe0,

    /* U+0171 "ű" */
    0x1b, 0x16, 0x34, 0x0, 0xc3, 0xc3, 0xc3, 0xc3,
    0xc3, 0xc3, 0xc3, 0xc3, 0xc3, 0xe7, 0x7f,

    /* U+0172 "Ų" */
    0xc0, 0xf0, 0x3c, 0xf, 0x3, 0xc0, 0xf0, 0x3c,
    0xf, 0x3, 0xc0, 0xf0, 0x3c, 0xf, 0x3, 0xc0,
    0xd8, 0x63, 0xf0, 0x38, 0xc, 0x3, 0x0, 0x70,

    /* U+0173 "ų" */
    0xc3, 0xc3, 0xc3, 0xc3, 0xc3, 0xc3, 0xc3, 0xc3,
    0xc3, 0x67, 0x3d, 0x3, 0x6, 0x6, 0x7,

    /* U+0174 "Ŵ" */
    0x1, 0x80, 0x1, 0x80, 0x2, 0x40, 0x6, 0x60,
    0xc1, 0x83, 0xc1, 0x83, 0xc1, 0x83, 0xc3, 0xc3,
    0x43, 0xc6, 0x62, 0x46, 0x66, 0x46, 0x66, 0x66,
    0x26, 0x64, 0x34, 0x2c, 0x3c, 0x3c, 0x3c, 0x3c,
    0x38, 0x38, 0x18, 0x18, 0x18, 0x18,

    /* U+0175 "ŵ" */
    0x3, 0x80, 0xd, 0x80, 0x0, 0x0, 0x0, 0x4,
    0x10, 0x4c, 0x71, 0x98, 0xe3, 0x31, 0x46, 0x26,
    0xc8, 0x6d, 0xb0, 0xd1, 0x60, 0xa2, 0x81, 0xc7,
    0x3, 0x6, 0x6, 0xc, 0x0,

    /* U+0176 "Ŷ" */
    0x6, 0x0, 0x60, 0x9, 0x1, 0x88, 0xe0, 0x36,
    0x6, 0x70, 0x63, 0xc, 0x38, 0xc1, 0x98, 0x19,
    0x80, 0xf0, 0x6, 0x0, 0x60, 0x6, 0x0, 0x60,
    0x6, 0x0, 0x60, 0x6, 0x0,

    /* U+0177 "ŷ" */
    0xc, 0xb, 0x0, 0x0, 0xc, 0x1b, 0xd, 0x84,
    0xc6, 0x33, 0x19, 0xd, 0x83, 0xc1, 0xc0, 0xe0,
    0x30, 0x10, 0x18, 0x8, 0x1c, 0x0,

    /* U+0178 "Ÿ" */
    0x19, 0x80, 0x0, 0xe0, 0x66, 0x6, 0x30, 0xc3,
    0xc, 0x19, 0x81, 0x98, 0xf, 0x0, 0xf0, 0x6,
    0x0, 0x60, 0x6, 0x0, 0x60, 0x6, 0x0, 0x60,
    0x6, 0x0,

    /* U+0179 "Ź" */
    0x3, 0x1, 0x80, 0x40, 0x30, 0xff, 0xc0, 0x70,
    0x18, 0xc, 0x3, 0x1, 0x80, 0xe0, 0x30, 0x18,
    0x6, 0x3, 0x0, 0xc0, 0x60, 0x38, 0xf, 0xfc,

    /* U+017A "ź" */
    0x6, 0xc, 0x18, 0x0, 0xff, 0x7, 0x6, 0xc,
    0xc, 0x18, 0x30, 0x30, 0x60, 0xe0, 0xff,

    /* U+017B "Ż" */
    0xc, 0x0, 0xf, 0xfc, 0x7, 0x1, 0x80, 0xc0,
    0x30, 0x18, 0xe, 0x3, 0x1, 0x80, 0x60, 0x30,
    0x1c, 0x6, 0x3, 0x0, 0xff, 0xc0,

    /* U+017C "ż" */
    0x18, 0x0, 0x0, 0x0, 0xff, 0x7, 0x6, 0xc,
    0x1c, 0x18, 0x30, 0x30, 0x60, 0xc0, 0xff,

    /* U+017D "Ž" */
    0x31, 0x4, 0x80, 0xe0, 0x10, 0xff, 0xc0, 0x70,
    0x18, 0xc, 0x3, 0x1, 0x80, 0xe0, 0x30, 0x18,
    0x6, 0x3, 0x0, 0xc0, 0x60, 0x38, 0xf, 0xfc,

    /* U+017E "ž" */
    0x26, 0x1c, 0x8, 0x0, 0xff, 0x7, 0x6, 0xc,
    0xc, 0x18, 0x30, 0x30, 0x60, 0xe0, 0xff,

    /* U+017F "ſ" */
    0x7f, 0x31, 0x8c, 0x63, 0x18, 0xc6, 0x31, 0x8c,
    0x63, 0x0,

    /* U+018F "Ə" */
    0x3f, 0x2, 0xc, 0x0, 0x60, 0x6, 0x0, 0x30,
    0x3, 0x0, 0x3f, 0xff, 0xc0, 0x3c, 0x3, 0xc0,
    0x34, 0x6, 0x60, 0x63, 0xc, 0x1f, 0x0,

    /* U+0192 "ƒ" */
    0xe, 0x30, 0x60, 0xc1, 0x8f, 0x86, 0xc, 0x18,
    0x30, 0x60, 0xc1, 0x83, 0x6, 0xc, 0x18, 0x30,
    0x67, 0x80,

    /* U+01A0 "Ơ" */
    0x0, 0x18, 0xf9, 0xcc, 0x7c, 0xc1, 0x86, 0x6,
    0x60, 0x33, 0x1, 0x98, 0xc, 0xc0, 0x66, 0x3,
    0x30, 0x19, 0x80, 0xc6, 0x4, 0x30, 0x60, 0xc6,
    0x3, 0xe0,

    /* U+01A1 "ơ" */
    0x0, 0x63, 0xcd, 0xcf, 0x30, 0xcc, 0xd, 0x81,
    0xb0, 0x36, 0x6, 0xc0, 0xcc, 0x31, 0x8e, 0xf,
    0x0,

    /* U+01AF "Ư" */
    0xc0, 0xcf, 0x3, 0x3c, 0xf, 0xb0, 0x3c, 0xc0,
    0xc3, 0x3, 0xc, 0xc, 0x30, 0x30, 0xc0, 0xc3,
    0x3, 0xc, 0xc, 0x30, 0x30, 0xc0, 0x81, 0x86,
    0x1, 0xe0, 0x0,

    /* U+01B0 "ư" */
    0x0, 0x3c, 0x33, 0xc3, 0x3c, 0x3e, 0xc3, 0xc,
    0x30, 0xc3, 0xc, 0x30, 0xc3, 0xc, 0x30, 0xe7,
    0x7, 0xf0,

    /* U+01F0 "ǰ" */
    0xcd, 0xe3, 0x0, 0x30, 0xc3, 0xc, 0x30, 0xc3,
    0xc, 0x30, 0xc3, 0xc, 0x30, 0xce, 0x0,

    /* U+01FA "Ǻ" */
    0x1, 0x80, 0x8, 0x0, 0x80, 0xe, 0x0, 0x50,
    0x3, 0x80, 0x1c, 0x0, 0xe0, 0x5, 0x0, 0x6c,
    0x3, 0x60, 0x11, 0x1, 0x8c, 0xc, 0x60, 0xc1,
    0x87, 0xfc, 0x20, 0x63, 0x1, 0x98, 0xc, 0x80,
    0x60,

    /* U+01FB "ǻ" */
    0x6, 0x4, 0x8, 0x1c, 0x14, 0x14, 0x3c, 0xe6,
    0xc3, 0x3, 0x3f, 0x63, 0xc3, 0xc3, 0xc3, 0xe7,
    0x7f,

    /* U+01FC "Ǽ" */
    0x0, 0x18, 0x0, 0x6, 0x0, 0x1, 0x80, 0x0,
    0x20, 0x0, 0x7, 0xfe, 0x1, 0xe0, 0x0, 0x3c,
    0x0, 0xd, 0x80, 0x3, 0xb0, 0x0, 0x66, 0x0,
    0x18, 0xc0, 0x3, 0x1f, 0xe0, 0xc3, 0x0, 0x18,
    0x60, 0x7, 0xfc, 0x1, 0x81, 0x80, 0x30, 0x30,
    0xc, 0x6, 0x1, 0x80, 0xff, 0x80,

    /* U+01FD "ǽ" */
    0x0, 0xc0, 0x1, 0x80, 0x3, 0x0, 0x0, 0x0,
    0x3e, 0xfc, 0x67, 0xc6, 0xc3, 0x83, 0x3, 0x3,
    0x3, 0x3, 0x7f, 0xff, 0xe3, 0x0, 0xc3, 0x0,
    0xc3, 0x80, 0xc7, 0xc2, 0x7c, 0x7e,

    /* U+01FE "Ǿ" */
    0x3, 0x0, 0x60, 0x18, 0x2, 0x0, 0x0, 0x3e,
    0xcc, 0x73, 0x6, 0x61, 0xf8, 0x2f, 0xd, 0xe1,
    0x3c, 0x67, 0x88, 0xf3, 0x1e, 0x43, 0xf8, 0x4e,
    0x18, 0xc6, 0x3f, 0x8c, 0x0,

    /* U+01FF "ǿ" */
    0x6, 0x3, 0x0, 0x80, 0x6, 0x1f, 0x1c, 0xe6,
    0x3b, 0x1b, 0xc4, 0xf3, 0x3c, 0x8f, 0x23, 0x71,
    0x9c, 0xe3, 0xe1, 0x80,

    /* U+0218 "Ș" */
    0x3e, 0x18, 0x6c, 0xf, 0x3, 0xc0, 0x38, 0x7,
    0xc0, 0xfc, 0xf, 0x80, 0x70, 0xf, 0x3, 0xc0,
    0xd8, 0x61, 0xf0, 0x0, 0xc, 0x3, 0x0, 0xc0,
    0x20,

    /* U+0219 "ș" */
    0x3c, 0x47, 0xc3, 0xc0, 0xf8, 0x7e, 0xf, 0x3,
    0xc3, 0x62, 0x3c, 0x0, 0xc, 0xc, 0xc, 0x18,

    /* U+021A "Ț" */
    0xff, 0xe1, 0x80, 0x30, 0x6, 0x0, 0xc0, 0x18,
    0x3, 0x0, 0x60, 0xc, 0x1, 0x80, 0x30, 0x6,
    0x0, 0xc0, 0x18, 0x3, 0x0, 0x0, 0xc, 0x1,
    0x80, 0x30, 0x4, 0x0,

    /* U+021B "ț" */
    0x30, 0xc3, 0x3f, 0x30, 0xc3, 0xc, 0x30, 0xc3,
    0xc, 0x30, 0x70, 0x6, 0x18, 0x61, 0x0,

    /* U+0237 "ȷ" */
    0x33, 0x33, 0x33, 0x33, 0x33, 0x33, 0x33, 0xe0,

    /* U+0259 "ə" */
    0x7c, 0x21, 0x80, 0xc0, 0x30, 0x1f, 0xff, 0x7,
    0x83, 0xc3, 0x31, 0x8f, 0x0,

    /* U+02BC "ʼ" */
    0x6d, 0xe4,

    /* U+02C6 "ˆ" */
    0x31, 0x4c, 0x80,

    /* U+02C7 "ˇ" */
    0x4c, 0xa3, 0x0,

    /* U+02C9 "ˉ" */
    0xfe,

    /* U+02D8 "˘" */
    0xcf, 0x37, 0x80,

    /* U+02D9 "˙" */
    0xc0,

    /* U+02DA "˚" */
    0x69, 0x96,

    /* U+02DB "˛" */
    0x6, 0xcc, 0x70,

    /* U+02DC "˜" */
    0x63, 0x38,

    /* U+02DD "˝" */
    0x66, 0x9b, 0x60,

    /* U+02F3 "˳" */
    0xf7, 0x80,

    /* U+0300 "̀" */
    0xc6, 0x20,

    /* U+0301 "́" */
    0x64, 0x80,

    /* U+0303 "̃" */
    0x63, 0x38,

    /* U+0309 "̉" */
    0xe3, 0x3c,

    /* U+030F "̏" */
    0x76,

    /* U+0323 "̣" */
    0xc0,

    /* U+060C "،" */
    0x2b, 0x7e,

    /* U+060D "؍" */
    0x4, 0x30, 0xc2, 0x18, 0x61, 0xc, 0x30, 0x86,
    0x18, 0x43, 0x8, 0x20,

    /* U+0610 "ؐ" */
    0xd, 0x66, 0x8f, 0xe8, 0x0,

    /* U+0611 "ؑ" */
    0x1c, 0x8a, 0x2d, 0xfa, 0x0,

    /* U+0612 "ؒ" */
    0x60, 0x9c, 0x31, 0x41, 0x81, 0x81, 0xc2, 0x7c,

    /* U+0615 "ؕ" */
    0x41, 0x5, 0x99, 0x47, 0xe0,

    /* U+061B "؛" */
    0x5b, 0x6c, 0x0, 0xd8,

    /* U+061F "؟" */
    0x3c, 0xfb, 0x96, 0xc, 0xc, 0xc, 0xc, 0x18,
    0x0, 0x0, 0xc1, 0x80,

    /* U+0621 "ء" */
    0x3c, 0xf9, 0x83, 0x6, 0x27, 0xde, 0x20,

    /* U+0622 "آ" */
    0x73, 0xce, 0x0, 0x18, 0x18, 0x18, 0x18, 0x18,
    0x18, 0x18, 0x18, 0x18, 0x18, 0x18, 0x18,

    /* U+0623 "أ" */
    0x78, 0x87, 0xc0, 0x66, 0x66, 0x66, 0x66, 0x66,
    0x66,

    /* U+0624 "ؤ" */
    0x18, 0x40, 0x80, 0xc2, 0x0, 0xe, 0x3e, 0xcd,
    0x8f, 0x1f, 0xf7, 0xe0, 0xc3, 0xe, 0x78, 0xc0,

    /* U+0625 "إ" */
    0x66, 0x66, 0x66, 0x66, 0x66, 0x66, 0x60, 0x68,
    0x9e, 0x80,

    /* U+0626 "ئ" */
    0x18, 0x2, 0x0, 0x20, 0x1, 0x80, 0x21, 0xf0,
    0x3f, 0x7, 0x4, 0x60, 0xc6, 0xc, 0x7e, 0xc3,
    0xfc, 0x3, 0xc0, 0x36, 0xe, 0x7f, 0xe1, 0xf8,

    /* U+0627 "ا" */
    0xff, 0xff, 0xff, 0xc0,

    /* U+0628 "ب" */
    0xc0, 0x3, 0xc0, 0x3, 0xc0, 0x3, 0xc0, 0x3,
    0xf0, 0x7, 0x7f, 0xfe, 0x1f, 0xfc, 0x0, 0x0,
    0x0, 0x0, 0x1, 0x80, 0x1, 0x80,

    /* U+0629 "ة" */
    0x64, 0x6e, 0x4, 0x0, 0x10, 0x18, 0x3c, 0x66,
    0xc3, 0xc3, 0xc3, 0xfe, 0x3c,

    /* U+062A "ت" */
    0x2, 0x40, 0x7, 0xe0, 0x2, 0x40, 0xc0, 0x3,
    0xc0, 0x3, 0xc0, 0x3, 0xc0, 0x3, 0xf0, 0x7,
    0x7f, 0xfe, 0x1f, 0xfc,

    /* U+062B "ث" */
    0x1, 0x80, 0x1, 0x80, 0x2, 0x40, 0x7, 0x60,
    0xc2, 0x3, 0xc0, 0x3, 0xc0, 0x3, 0xc0, 0x3,
    0xf0, 0x7, 0x7f, 0xfe, 0x1f, 0xfc,

    /* U+062C "ج" */
    0x38, 0xf, 0xc3, 0x9f, 0x0, 0xf0, 0xf8, 0x78,
    0x1c, 0x3, 0x0, 0xc3, 0x18, 0x63, 0x0, 0x60,
    0x7, 0x2, 0xff, 0xc7, 0xf0,

    /* U+062D "ح" */
    0x38, 0xf, 0xc3, 0x9f, 0x0, 0xf0, 0xf8, 0x78,
    0x1c, 0x3, 0x0, 0xc0, 0x18, 0x3, 0x0, 0x60,
    0x7, 0x2, 0xff, 0xc7, 0xf0,

    /* U+062E "خ" */
    0xc, 0x1, 0x80, 0x0, 0x0, 0x3, 0x80, 0xfc,
    0x39, 0xf0, 0xf, 0xf, 0x87, 0x81, 0xc0, 0x30,
    0xc, 0x1, 0x80, 0x30, 0x6, 0x0, 0x70, 0x2f,
    0xfc, 0x7f, 0x0,

    /* U+062F "د" */
    0x0, 0x38, 0x1c, 0xe, 0x7, 0x3, 0x3, 0x7,
    0xfe, 0xfc,

    /* U+0630 "ذ" */
    0x20, 0x70, 0x20, 0x0, 0x0, 0x38, 0x1c, 0xe,
    0x7, 0x3, 0x3, 0x7, 0xfe, 0xfc,

    /* U+0631 "ر" */
    0x18, 0x30, 0xc3, 0xc, 0x31, 0x8e, 0xf3, 0x80,

    /* U+0632 "ز" */
    0x18, 0x60, 0x0, 0x0, 0x60, 0xc3, 0xc, 0x30,
    0xc6, 0x3b, 0xce, 0x0,

    /* U+0633 "س" */
    0x0, 0x0, 0xc, 0x0, 0x6, 0x36, 0x6, 0x18,
    0xf0, 0xc, 0x63, 0xc0, 0x31, 0x8f, 0x0, 0xff,
    0xec, 0x3, 0xe7, 0x30, 0xc, 0x0, 0xe0, 0x70,
    0x1, 0xc3, 0x80, 0x3, 0xfc, 0x0, 0x7, 0xe0,
    0x0,

    /* U+0634 "ش" */
    0x0, 0x1, 0x0, 0x0, 0xe, 0x0, 0x0, 0x0,
    0x0, 0x1, 0xb0, 0x0, 0x4, 0x40, 0x0, 0x0,
    0x0, 0x0, 0x0, 0xc0, 0x0, 0x63, 0x60, 0x61,
    0x8f, 0x0, 0xc6, 0x3c, 0x3, 0x18, 0xf0, 0xf,
    0xfe, 0xc0, 0x3e, 0x73, 0x0, 0xc0, 0xe, 0x7,
    0x0, 0x1c, 0x38, 0x0, 0x3f, 0xc0, 0x0, 0x7e,
    0x0, 0x0,

    /* U+0635 "ص" */
    0x0, 0x0, 0x78, 0x0, 0x1, 0xf8, 0x0, 0x7,
    0x3a, 0x3, 0x18, 0x3c, 0x7, 0x60, 0x78, 0x6,
    0xc1, 0xf0, 0xf, 0xff, 0x60, 0x1f, 0xf8, 0xc0,
    0x30, 0x1, 0xc0, 0xe0, 0x1, 0xc3, 0x80, 0x1,
    0xfe, 0x0, 0x1, 0xf8, 0x0, 0x0,

    /* U+0636 "ض" */
    0x0, 0x0, 0x0, 0x0, 0x0, 0x60, 0x0, 0x0,
    0x80, 0x0, 0x0, 0x0, 0x0, 0x0, 0x0, 0x0,
    0xf, 0x0, 0x0, 0x3f, 0x0, 0x0, 0xe7, 0x40,
    0x63, 0x7, 0x80, 0xec, 0xf, 0x0, 0xd8, 0x3e,
    0x1, 0xff, 0xec, 0x3, 0xff, 0x18, 0x6, 0x0,
    0x38, 0x1c, 0x0, 0x38, 0x70, 0x0, 0x3f, 0xc0,
    0x0, 0x3f, 0x0, 0x0,

    /* U+0637 "ط" */
    0x18, 0x0, 0xc0, 0x6, 0x0, 0x30, 0x1, 0x80,
    0xc, 0xf0, 0x6f, 0xc3, 0xc7, 0x1c, 0x18, 0xc0,
    0xc6, 0xf, 0xff, 0xef, 0xfc, 0x0,

    /* U+0638 "ظ" */
    0x18, 0x0, 0xc6, 0x6, 0x30, 0x30, 0x1, 0x80,
    0xc, 0xf0, 0x6f, 0xc3, 0xc7, 0x1c, 0x18, 0xc0,
    0xc6, 0xf, 0xff, 0xef, 0xfc, 0x0,

    /* U+0639 "ع" */
    0xf, 0x3, 0xf0, 0xe2, 0x18, 0x3, 0x0, 0x70,
    0x7, 0xf1, 0xfe, 0x78, 0xc, 0x3, 0x0, 0x60,
    0xc, 0x1, 0x80, 0x1c, 0x13, 0xfe, 0x1f, 0x80,

    /* U+063A "غ" */
    0x6, 0x0, 0xc0, 0x0, 0x0, 0x0, 0xf0, 0x3f,
    0xe, 0x21, 0x80, 0x30, 0x7, 0x0, 0x7f, 0x1f,
    0xe7, 0x80, 0xc0, 0x30, 0x6, 0x0, 0xc0, 0x18,
    0x1, 0xc1, 0x3f, 0xe1, 0xf8,

    /* U+063D "ؽ" */
    0x10, 0x3, 0x0, 0x28, 0x0, 0x9f, 0x3, 0xf0,
    0x70, 0x46, 0xc, 0x60, 0xc7, 0xec, 0x3f, 0xc0,
    0x3c, 0x3, 0x60, 0xe7, 0xfe, 0x1f, 0x80,

    /* U+0640 "ـ" */
    0xff, 0xf0,

    /* U+0641 "ف" */
    0x0, 0x18, 0x0, 0x10, 0x0, 0x0, 0x0, 0x0,
    0x0, 0x3c, 0x0, 0x7e, 0x0, 0xe6, 0x0, 0xc3,
    0xc0, 0xc3, 0xc0, 0xff, 0xc0, 0x7f, 0xe0, 0x3,
    0x7f, 0xfe, 0x1f, 0xfc,

    /* U+0642 "ق" */
    0x2, 0x40, 0x36, 0x0, 0x40, 0x0, 0x1, 0xc0,
    0x3e, 0x46, 0x6c, 0x63, 0xc6, 0x3c, 0x7f, 0xc3,
    0xfc, 0x3, 0xe0, 0x37, 0xe, 0x7f, 0xc1, 0xf8,

    /* U+0643 "ك" */
    0x0, 0x6, 0x0, 0xc, 0x0, 0x18, 0xc, 0x30,
    0x30, 0x60, 0x70, 0xf0, 0x11, 0xe1, 0xc3, 0xc0,
    0x7, 0x80, 0xf, 0x80, 0x3b, 0xff, 0xe1, 0xff,
    0x80,

    /* U+0644 "ل" */
    0x0, 0x60, 0xc, 0x1, 0x80, 0x30, 0x6, 0x0,
    0xc0, 0x18, 0x3, 0x0, 0x6c, 0xf, 0x1, 0xe0,
    0x3c, 0x7, 0x80, 0xf0, 0x3b, 0x6, 0x7f, 0xc3,
    0xe0,

    /* U+0645 "م" */
    0x7, 0x3, 0xe1, 0x9c, 0x63, 0x78, 0xff, 0xfc,
    0x7b, 0x0, 0xc0, 0x30, 0xc, 0x3, 0x0, 0xc0,
    0x0,

    /* U+0646 "ن" */
    0x4, 0x0, 0x60, 0x4, 0x6, 0x6, 0xc0, 0x3c,
    0x3, 0xc0, 0x3c, 0x3, 0xc0, 0x3e, 0x7, 0x70,
    0xe3, 0xfc, 0x1f, 0x80,

    /* U+0647 "ه" */
    0x10, 0x18, 0x3c, 0x66, 0xc3, 0xc3, 0xc3, 0xfe,
    0x3c,

    /* U+0648 "و" */
    0x38, 0xfb, 0x36, 0x3c, 0x7f, 0xdf, 0x83, 0xc,
    0x39, 0xe3, 0x0,

    /* U+0649 "ى" */
    0x1, 0xf0, 0x3f, 0x7, 0x4, 0x60, 0xc6, 0xc,
    0x7e, 0xc3, 0xfc, 0x3, 0xc0, 0x36, 0xe, 0x7f,
    0xe1, 0xf8,

    /* U+064A "ي" */
    0x1, 0xf0, 0x3f, 0x7, 0x4, 0x60, 0xc6, 0xc,
    0x7e, 0xc3, 0xfc, 0x3, 0xc0, 0x36, 0xe, 0x7f,
    0xe1, 0xf8, 0x0, 0x0, 0x0, 0x1b, 0x0, 0x90,

    /* U+064B "ً" */
    0x7, 0x87, 0x80,

    /* U+064C "ٌ" */
    0x18, 0x9e, 0x57, 0x58, 0x80,

    /* U+064D "ٍ" */
    0x3c, 0x3c,

    /* U+064E "َ" */
    0x16, 0x80,

    /* U+064F "ُ" */
    0x75, 0x53, 0xe0,

    /* U+0650 "ِ" */
    0x7, 0x80,

    /* U+0651 "ّ" */
    0x2d, 0x76,

    /* U+0652 "ْ" */
    0x69, 0x96,

    /* U+0653 "ٓ" */
    0x66, 0x60,

    /* U+0654 "ٔ" */
    0x68, 0x9e, 0x80,

    /* U+0655 "ٕ" */
    0x68, 0x9e, 0x80,

    /* U+0656 "ٖ" */
    0xe0,

    /* U+0657 "ٗ" */
    0x34, 0xaa, 0xe0,

    /* U+0658 "٘" */
    0x99, 0x70,

    /* U+065A "ٚ" */
    0xaa, 0x40,

    /* U+065B "ٛ" */
    0x4a, 0xa0,

    /* U+0660 "٠" */
    0x4e, 0xf6,

    /* U+0661 "١" */
    0xc6, 0x66, 0x23, 0x33, 0x33, 0x33, 0x30,

    /* U+0662 "٢" */
    0xc1, 0xb0, 0xd8, 0x6e, 0x73, 0xf1, 0xf0, 0xc0,
    0x60, 0x30, 0x18, 0xc, 0x6, 0x3, 0x0,

    /* U+0663 "٣" */
    0xc3, 0x36, 0x33, 0x63, 0x37, 0x33, 0x3f, 0xe3,
    0xce, 0x30, 0x3, 0x0, 0x30, 0x3, 0x0, 0x30,
    0x3, 0x0, 0x30, 0x0,

    /* U+0664 "٤" */
    0x1c, 0x79, 0xc3, 0x7, 0x7, 0x8f, 0x30, 0xc1,
    0x83, 0x7, 0xf3, 0xe0,

    /* U+0665 "٥" */
    0x1c, 0x1f, 0x18, 0xcc, 0x6c, 0x1e, 0xf, 0x7,
    0x83, 0xe3, 0xbf, 0x8f, 0x80,

    /* U+0666 "٦" */
    0x1, 0xff, 0xf8, 0x30, 0x60, 0xc1, 0x83, 0x6,
    0xc, 0x18, 0x30, 0x60,

    /* U+0667 "٧" */
    0xc0, 0xb0, 0x36, 0x19, 0x86, 0x23, 0xc, 0xc3,
    0x20, 0x58, 0x1e, 0x7, 0x0, 0xc0, 0x30, 0xc,
    0x0,

    /* U+0668 "٨" */
    0xc, 0x3, 0x0, 0xc0, 0x70, 0x1e, 0x5, 0x83,
    0x20, 0xcc, 0x23, 0x18, 0x66, 0x1b, 0x3, 0xc0,
    0x80,

    /* U+0669 "٩" */
    0x38, 0xfb, 0x3e, 0x3c, 0x7f, 0xdf, 0x83, 0x6,
    0xc, 0x18, 0x30, 0x60,

    /* U+066A "٪" */
    0x1, 0x8f, 0x10, 0x60, 0x83, 0x4, 0x18, 0x20,
    0x41, 0x2, 0x38, 0x60, 0x0,

    /* U+066B "٫" */
    0x4, 0x30, 0x86, 0x10, 0xc2, 0x18, 0x43, 0x8,
    0x0,

    /* U+066C "٬" */
    0x6d, 0xac,

    /* U+066D "٭" */
    0x8, 0x4, 0x6, 0x1f, 0xf3, 0xe1, 0xe0, 0xf8,
    0x44, 0x40, 0x0,

    /* U+066E "ٮ" */
    0xc0, 0x3, 0xc0, 0x3, 0xc0, 0x3, 0xc0, 0x3,
    0xf0, 0x7, 0x7f, 0xfe, 0x1f, 0xfc,

    /* U+066F "ٯ" */
    0x1, 0xc0, 0x3e, 0x46, 0x6c, 0x63, 0xc6, 0x3c,
    0x7f, 0xc3, 0xfc, 0x3, 0xe0, 0x37, 0xe, 0x7f,
    0xc1, 0xf8,

    /* U+0670 "ٰ" */
    0xe0,

    /* U+0671 "ٱ" */
    0x18, 0x94, 0x7e, 0x0, 0xc3, 0xc, 0x30, 0xc3,
    0xc, 0x30, 0xc3, 0xc, 0x30,

    /* U+0674 "ٴ" */
    0x68, 0x9e, 0x0,

    /* U+0679 "ٹ" */
    0x2, 0x0, 0x2, 0x0, 0x2, 0xc0, 0x3, 0x20,
    0x2, 0x20, 0x7, 0xc0, 0xc0, 0x3, 0xc0, 0x3,
    0xc0, 0x3, 0xc0, 0x3, 0xf0, 0x7, 0x7f, 0xfe,
    0x1f, 0xfc,

    /* U+067C "ټ" */
    0x2, 0x40, 0x7, 0xe0, 0x2, 0x40, 0xc0, 0x3,
    0xc0, 0x3, 0xc0, 0x3, 0xc0, 0x3, 0xf0, 0x7,
    0x7f, 0xfe, 0x1f, 0xfc, 0x2, 0x40, 0x2, 0x40,
    0x1, 0x80,

    /* U+067E "پ" */
    0xc0, 0x3, 0xc0, 0x3, 0xc0, 0x3, 0xc0, 0x3,
    0xf0, 0x7, 0x7f, 0xfe, 0x1f, 0xfc, 0x0, 0x0,
    0x2, 0x0, 0x7, 0x60, 0x2, 0x0, 0x0, 0x80,
    0x1, 0x80,

    /* U+0681 "ځ" */
    0xc, 0x2, 0x0, 0x40, 0x6, 0x1, 0x0, 0x0,
    0xe, 0x3, 0xf0, 0xe7, 0xc0, 0x3c, 0x3e, 0x1e,
    0x7, 0x0, 0xc0, 0x30, 0x6, 0x0, 0xc0, 0x18,
    0x1, 0xc0, 0xbf, 0xf1, 0xfc,

    /* U+0685 "څ" */
    0xc, 0x1, 0x80, 0x48, 0x1f, 0x81, 0x20, 0x0,
    0xe, 0x3, 0xf0, 0xe7, 0xc0, 0x3c, 0x3e, 0x1e,
    0x7, 0x0, 0xc0, 0x30, 0x6, 0x0, 0xc0, 0x18,
    0x1, 0xc0, 0xbf, 0xf1, 0xfc,

    /* U+0686 "چ" */
    0x38, 0xf, 0xc3, 0x9f, 0x0, 0xf0, 0xf8, 0x78,
    0x1c, 0x3, 0x24, 0xc4, 0xd8, 0x3, 0xc, 0x60,
    0x7, 0x2, 0xff, 0xc7, 0xf0,

    /* U+0688 "ڈ" */
    0x20, 0x20, 0x2c, 0x32, 0x22, 0x7c, 0x0, 0x0,
    0x18, 0x1c, 0xe, 0x7, 0x3, 0x3, 0x7, 0xfe,
    0xfc,

    /* U+0689 "ډ" */
    0x0, 0x18, 0x1c, 0x6, 0x7, 0x3, 0x3, 0x7,
    0xfe, 0xfc, 0x24, 0x24, 0x18,

    /* U+0691 "ڑ" */
    0x20, 0x40, 0xb1, 0x92, 0x2f, 0x80, 0x0, 0x1c,
    0x18, 0x30, 0x60, 0xc1, 0x86, 0xc, 0x71, 0xc0,

    /* U+0693 "ړ" */
    0x0, 0x30, 0xc3, 0xc, 0x30, 0xc6, 0x3b, 0xee,
    0x49, 0x18,

    /* U+0695 "ڕ" */
    0x8, 0x70, 0xc3, 0xc, 0x30, 0xc6, 0x3b, 0xcc,
    0x0, 0x51, 0x42, 0x0,

    /* U+0696 "ږ" */
    0x18, 0x30, 0xd3, 0xed, 0x31, 0x8e, 0xf3, 0x80,
    0xf, 0x10,

    /* U+0698 "ژ" */
    0x10, 0x70, 0x43, 0x76, 0x40, 0x0, 0xc, 0xc,
    0x18, 0x30, 0x60, 0xc3, 0xe, 0x78, 0xe0,

    /* U+069A "ښ" */
    0x0, 0x1, 0x0, 0x0, 0xe, 0x0, 0x0, 0x10,
    0x0, 0x0, 0x0, 0x0, 0x0, 0xc, 0x0, 0x6,
    0x36, 0x6, 0x18, 0xf0, 0xc, 0x63, 0xc0, 0x31,
    0x8f, 0x0, 0xff, 0xec, 0x3, 0xe7, 0x30, 0xc,
    0x0, 0xe0, 0x70, 0x1, 0xc3, 0x87, 0x3, 0xfc,
    0x18, 0x7, 0xe0, 0x0,

    /* U+06A0 "ڠ" */
    0x6, 0x0, 0xc0, 0x24, 0xe, 0xc0, 0x80, 0x0,
    0x3, 0xc0, 0xfc, 0x38, 0x86, 0x0, 0xc0, 0x1c,
    0x1, 0xfc, 0x7f, 0x9e, 0x3, 0x0, 0xc0, 0x18,
    0x3, 0x0, 0x60, 0x7, 0x4, 0xff, 0x87, 0xe0,

    /* U+06A1 "ڡ" */
    0x0, 0x3c, 0x0, 0x7e, 0x0, 0xe6, 0x0, 0xc3,
    0xc0, 0xc3, 0xc0, 0xff, 0xc0, 0x7f, 0xe0, 0x3,
    0x7f, 0xfe, 0x1f, 0xfc,

    /* U+06A4 "ڤ" */
    0x0, 0x10, 0x0, 0x10, 0x0, 0x44, 0x0, 0xee,
    0x0, 0x44, 0x0, 0x0, 0x0, 0x3c, 0x0, 0x7e,
    0x0, 0xe6, 0x0, 0xc3, 0xc0, 0xc3, 0xc0, 0xff,
    0xc0, 0x7f, 0xe0, 0x3, 0x7f, 0xfe, 0x1f, 0xfc,

    /* U+06A9 "ک" */
    0x0, 0x1, 0x0, 0xf, 0x0, 0x3c, 0x0, 0xf0,
    0x0, 0xc0, 0x0, 0x60, 0x0, 0x38, 0xc0, 0x1c,
    0xc0, 0xc, 0xc0, 0x6, 0xc0, 0x6, 0xe0, 0xe,
    0x7f, 0xfc, 0x1f, 0xf8,

    /* U+06AA "ڪ" */
    0x0, 0x18, 0x0, 0x3e, 0x0, 0x3c, 0x0, 0x1c,
    0x0, 0xc, 0x0, 0x3, 0xff, 0xc0, 0xff, 0xfc,
    0x0, 0x3, 0x0, 0x0, 0xff, 0xff, 0xe7, 0xff,
    0xe0,

    /* U+06AB "ګ" */
    0x0, 0x1, 0x0, 0x7, 0x0, 0x3e, 0x0, 0xf9,
    0x0, 0xc9, 0x0, 0xe6, 0x0, 0x70, 0xc0, 0x18,
    0xc0, 0xc, 0xc0, 0x6, 0xc0, 0x6, 0xe0, 0xe,
    0x7f, 0xfc, 0x1f, 0xf8,

    /* U+06AC "ڬ" */
    0x1, 0x0, 0x3, 0xc, 0x0, 0x18, 0x0, 0x30,
    0x18, 0x60, 0x60, 0xc0, 0xe1, 0xe0, 0x23, 0xc3,
    0x87, 0x80, 0xf, 0x0, 0x1f, 0x0, 0x77, 0xff,
    0xc3, 0xff, 0x0,

    /* U+06AD "ڭ" */
    0x1, 0x0, 0x3, 0x0, 0x1, 0x0, 0x37, 0x30,
    0x24, 0x60, 0x0, 0xc0, 0x61, 0x81, 0x83, 0x3,
    0x87, 0x80, 0x8f, 0xe, 0x1e, 0x0, 0x3c, 0x0,
    0x7c, 0x1, 0xdf, 0xff, 0xf, 0xfc,

    /* U+06AF "گ" */
    0x0, 0x1, 0x0, 0xe, 0x0, 0x31, 0x0, 0x47,
    0x0, 0x3c, 0x0, 0x70, 0x0, 0x40, 0x0, 0x70,
    0x0, 0x38, 0xc0, 0x1c, 0xc0, 0xc, 0xc0, 0x6,
    0xc0, 0x6, 0xe0, 0xe, 0x7f, 0xfc, 0x1f, 0xf8,

    /* U+06B5 "ڵ" */
    0x12, 0x61, 0x8c, 0x31, 0x80, 0x30, 0x6, 0x0,
    0xc0, 0x18, 0x3, 0x0, 0x6c, 0xf, 0x1, 0xe0,
    0x3c, 0x7, 0x80, 0xf0, 0x3b, 0x6, 0x7f, 0xc3,
    0xe0,

    /* U+06BA "ں" */
    0x0, 0x6, 0x6, 0xc0, 0x3c, 0x3, 0xc0, 0x3c,
    0x3, 0xc0, 0x3e, 0x7, 0x70, 0xe3, 0xfc, 0x1f,
    0x80,

    /* U+06BC "ڼ" */
    0x4, 0x0, 0xe0, 0x4, 0x6, 0x6, 0xc0, 0x3c,
    0x3, 0xc0, 0x3c, 0x3, 0xc0, 0x3e, 0x7, 0x70,
    0xe3, 0xfc, 0x1f, 0x80, 0x90, 0x9, 0x0, 0x60,

    /* U+06BD "ڽ" */
    0x4, 0x0, 0x60, 0x1, 0x1, 0xb8, 0x9, 0x0,
    0x0, 0x60, 0x6c, 0x3, 0xc0, 0x3c, 0x3, 0xc0,
    0x3c, 0x3, 0xe0, 0x77, 0xe, 0x3f, 0xc1, 0xf8,

    /* U+06BE "ھ" */
    0x2, 0x0, 0x18, 0x3, 0xf0, 0x7f, 0xc3, 0x1b,
    0x18, 0xcc, 0xc6, 0x63, 0xe3, 0xff, 0xf7, 0x9f,
    0x0,

    /* U+06C0 "ۀ" */
    0x1c, 0x20, 0x20, 0x3c, 0x4, 0x78, 0x0, 0x0,
    0x38, 0x3c, 0x6e, 0xc3, 0xc3, 0xc3, 0xfe, 0x3c,

    /* U+06C1 "ہ" */
    0x10, 0x18, 0x3c, 0x66, 0xc3, 0xc3, 0xc3, 0xfe,
    0x3c,

    /* U+06C2 "ۂ" */
    0x18, 0x20, 0x20, 0x18, 0x20, 0x0, 0x10, 0x18,
    0x3c, 0x66, 0xc3, 0xc3, 0xc3, 0xfe, 0x3c,

    /* U+06C3 "ۃ" */
    0x64, 0x6e, 0x4, 0x0, 0x10, 0x18, 0x3c, 0x66,
    0xc3, 0xc3, 0xc3, 0xfe, 0x3c,

    /* U+06C6 "ۆ" */
    0x28, 0x60, 0x40, 0x0, 0x7, 0x1f, 0x66, 0xc7,
    0x8f, 0xfb, 0xf0, 0x61, 0x87, 0x3c, 0x60,

    /* U+06C7 "ۇ" */
    0x38, 0x50, 0xa0, 0x86, 0x0, 0xe, 0x3e, 0xcd,
    0x8f, 0x1f, 0xf7, 0xe0, 0xc3, 0xe, 0x78, 0xc0,

    /* U+06C8 "ۈ" */
    0x10, 0x20, 0x40, 0x0, 0x7, 0x1f, 0x66, 0xc7,
    0x8f, 0xfb, 0xf0, 0x61, 0x87, 0x3c, 0x60,

    /* U+06C9 "ۉ" */
    0x10, 0x60, 0xa0, 0x0, 0x7, 0x1f, 0x66, 0xc7,
    0x8f, 0xfb, 0xf0, 0x61, 0x87, 0x3c, 0x60,

    /* U+06CA "ۊ" */
    0x6c, 0xd8, 0x0, 0x3, 0x8f, 0xb3, 0x63, 0xc7,
    0xfd, 0xf8, 0x30, 0xc3, 0x9e, 0x30,

    /* U+06CB "ۋ" */
    0x0, 0x60, 0x42, 0x46, 0xc0, 0x0, 0x1c, 0x7d,
    0x9b, 0x1e, 0x3f, 0xef, 0xc1, 0x86, 0x1c, 0xf1,
    0x80,

    /* U+06CC "ی" */
    0x1, 0xf0, 0x3f, 0x7, 0x4, 0x60, 0xc6, 0xc,
    0x7e, 0xc3, 0xfc, 0x3, 0xc0, 0x36, 0xe, 0x7f,
    0xe1, 0xf8,

    /* U+06CD "ۍ" */
    0x0, 0x7c, 0x3, 0xf0, 0x1c, 0x3c, 0x60, 0xb1,
    0x80, 0xc7, 0xe3, 0xf, 0xcc, 0x3, 0x30, 0xc,
    0x60, 0xe1, 0xff, 0x81, 0xf8,

    /* U+06CE "ێ" */
    0x40, 0x5, 0x0, 0x30, 0x2, 0x1f, 0x3, 0xf0,
    0x70, 0x46, 0xc, 0x60, 0xc7, 0xec, 0x3f, 0xc0,
    0x3c, 0x3, 0x60, 0xe7, 0xfe, 0x1f, 0x80,

    /* U+06CF "ۏ" */
    0x0, 0x60, 0x40, 0x0, 0x7, 0x1f, 0x66, 0xc7,
    0x8f, 0xfb, 0xf0, 0x61, 0x87, 0x3c, 0x60,

    /* U+06D0 "ې" */
    0x1, 0xf0, 0x3f, 0x7, 0x4, 0x60, 0xc6, 0xc,
    0x7e, 0xc3, 0xfc, 0x3, 0xc0, 0x36, 0xe, 0x7f,
    0xe1, 0xf8, 0x0, 0x0, 0x60, 0x4, 0x0, 0x0,
    0xe, 0x0, 0x40,

    /* U+06D2 "ے" */
    0xc, 0x0, 0x1e, 0x0, 0x1b, 0x0, 0x31, 0x0,
    0x60, 0x0, 0xc0, 0x0, 0xe0, 0x1, 0x7f, 0xff,
    0x3f, 0xfe,

    /* U+06D3 "ۓ" */
    0x6, 0x0, 0x8, 0x0, 0x9, 0x0, 0xe, 0x0,
    0x8, 0x0, 0x0, 0x0, 0xe, 0x0, 0x1f, 0x0,
    0x1b, 0x0, 0x31, 0x0, 0x60, 0x0, 0xc0, 0x0,
    0xe0, 0x1, 0x7f, 0xff, 0x3f, 0xfe,

    /* U+06D4 "۔" */
    0xff,

    /* U+06D5 "ە" */
    0x10, 0x18, 0x3c, 0x66, 0xc3, 0xc3, 0xc3, 0xfe,
    0x3c,

    /* U+06DC "ۜ" */
    0x0, 0x30, 0xa6, 0x14, 0xc3, 0x68, 0x41, 0x18,
    0x1e, 0x0,

    /* U+06DD "۝" */
    0x1, 0xfe, 0x0, 0x7c, 0xf, 0x82, 0x60, 0x19,
    0x9, 0xff, 0xe4, 0x3c, 0x0, 0xf1, 0x80, 0x0,
    0x64, 0x0, 0x0, 0xb0, 0x0, 0x3, 0x80, 0x0,
    0x6, 0x0, 0x0, 0x18, 0x0, 0x0, 0x60, 0x0,
    0x1, 0x80, 0x0, 0x7, 0x0, 0x0, 0x34, 0x0,
    0x0, 0x98, 0x0, 0x6, 0x38, 0x0, 0x70, 0x90,
    0x2, 0x42, 0x7f, 0xf9, 0x7, 0x80, 0x78, 0x3,
    0x3, 0x0, 0x3, 0xf0, 0x0,

    /* U+06DE "۞" */
    0x0, 0x0, 0x0, 0x18, 0x0, 0x4, 0x80, 0xf,
    0xff, 0x81, 0x40, 0x90, 0x30, 0xa, 0x6, 0x0,
    0xc0, 0x80, 0x8, 0x30, 0xc1, 0x8a, 0x24, 0x29,
    0x44, 0x85, 0x18, 0x60, 0xc1, 0x0, 0x10, 0x30,
    0x6, 0x5, 0x3, 0x40, 0xff, 0xf8, 0x1, 0x20,
    0x0, 0x18, 0x0, 0x0, 0x0, 0x0,

    /* U+06E9 "۩" */
    0x8, 0xa, 0xa, 0x89, 0x29, 0x4a, 0x48, 0xa8,
    0x54, 0x2a, 0x15, 0xa, 0x89, 0x28, 0xf, 0xfc,

    /* U+06F0 "۰" */
    0x7b, 0xfc, 0xf3, 0xfd, 0xe0,

    /* U+06F1 "۱" */
    0xc6, 0x66, 0x23, 0x33, 0x33, 0x33, 0x30,

    /* U+06F2 "۲" */
    0xc1, 0xb0, 0xd8, 0x6e, 0x73, 0xf1, 0xf0, 0xc0,
    0x60, 0x30, 0x18, 0xc, 0x6, 0x3, 0x0,

    /* U+06F3 "۳" */
    0xc3, 0x36, 0x33, 0x63, 0x37, 0x33, 0x3f, 0xe3,
    0xce, 0x30, 0x3, 0x0, 0x30, 0x3, 0x0, 0x30,
    0x3, 0x0, 0x30, 0x0,

    /* U+06F4 "۴" */
    0xc3, 0x99, 0xe6, 0xc1, 0xe0, 0x38, 0xf, 0xf3,
    0x7c, 0xc0, 0x30, 0xc, 0x3, 0x0, 0xc0, 0x30,
    0x0,

    /* U+06F5 "۵" */
    0x8, 0x7, 0x1, 0xe0, 0xfc, 0x33, 0x18, 0x66,
    0x1b, 0x3, 0xc0, 0xf3, 0x3c, 0xcf, 0xff, 0x73,
    0x80,

    /* U+06F6 "۶" */
    0x3c, 0x7c, 0xe0, 0xc0, 0xc0, 0xe3, 0x7f, 0x1c,
    0x18, 0x30, 0x60, 0x60, 0xc0,

    /* U+06F7 "۷" */
    0xc0, 0xb0, 0x36, 0x19, 0x86, 0x23, 0xc, 0xc3,
    0x20, 0x58, 0x1e, 0x7, 0x0, 0xc0, 0x30, 0xc,
    0x0,

    /* U+06F8 "۸" */
    0xc, 0x3, 0x0, 0xc0, 0x70, 0x1e, 0x5, 0x83,
    0x20, 0xcc, 0x23, 0x18, 0x66, 0x1b, 0x3, 0xc0,
    0x80,

    /* U+06F9 "۹" */
    0x38, 0xfb, 0x3e, 0x3c, 0x7f, 0xdf, 0x83, 0x6,
    0xc, 0x18, 0x30, 0x60,

    /* U+0762 "ݢ" */
    0x0, 0x30, 0x0, 0x30, 0x0, 0x1, 0x0, 0xf,
    0x0, 0x3c, 0x0, 0xf0, 0x0, 0xc0, 0x0, 0x60,
    0x0, 0x38, 0xc0, 0x1c, 0xc0, 0xc, 0xc0, 0x6,
    0xc0, 0x6, 0xe0, 0xe, 0x7f, 0xfc, 0x1f, 0xf8,

    /* U+0763 "ݣ" */
    0x0, 0x10, 0x0, 0x30, 0x0, 0x10, 0x0, 0x6c,
    0x0, 0x4c, 0x0, 0x1, 0x0, 0xf, 0x0, 0x3c,
    0x0, 0xf0, 0x0, 0xc0, 0x0, 0x60, 0x0, 0x38,
    0xc0, 0x1c, 0xc0, 0xc, 0xc0, 0x6, 0xc0, 0x6,
    0xe0, 0xe, 0x7f, 0xfc, 0x1f, 0xf8,

    /* U+2000 " " */
    0x0,

    /* U+2001 " " */
    0x0,

    /* U+2002 " " */
    0x0,

    /* U+2003 " " */
    0x0,

    /* U+2004 " " */
    0x0,

    /* U+2005 " " */
    0x0,

    /* U+2006 " " */
    0x0,

    /* U+2007 " " */
    0x0,

    /* U+2008 " " */
    0x0,

    /* U+2009 " " */
    0x0,

    /* U+200A " " */
    0x0,

    /* U+200B "​" */
    0x0,

    /* U+200C "‌" */
    0x0,

    /* U+200D "‍" */
    0x0,

    /* U+200E "‎" */
    0x0,

    /* U+200F "‏" */
    0x0,

    /* U+2010 "‐" */
    0xfe,

    /* U+2011 "‑" */
    0xfe,

    /* U+2012 "‒" */
    0xfe,

    /* U+2013 "–" */
    0xff, 0xc0,

    /* U+2014 "—" */
    0xff, 0xf8,

    /* U+2015 "―" */
    0xff, 0xf8,

    /* U+2017 "‗" */
    0xff, 0x80, 0x0, 0x1f, 0xf0,

    /* U+2018 "‘" */
    0xf, 0x6c,

    /* U+2019 "’" */
    0x6d, 0xe4,

    /* U+201A "‚" */
    0x6d, 0xe0,

    /* U+201B "‛" */
    0xdb, 0x34,

    /* U+201C "“" */
    0x9, 0x3d, 0xb6, 0xd8,

    /* U+201D "”" */
    0x6d, 0xb6, 0xf2, 0x48,

    /* U+201E "„" */
    0x6d, 0xb6, 0xdb, 0xd8,

    /* U+2020 "†" */
    0xc, 0x3, 0x0, 0xc0, 0x30, 0xff, 0xc3, 0x0,
    0xc0, 0x30, 0xc, 0x3, 0x0, 0xc0, 0x30, 0xc,
    0x3, 0x0, 0xc0,

    /* U+2021 "‡" */
    0xc, 0x3, 0x0, 0xc0, 0x30, 0xff, 0xc3, 0x0,
    0xc0, 0x30, 0xc, 0x3, 0x0, 0xc0, 0x30, 0xc,
    0x3, 0xf, 0xfc, 0x30, 0xc, 0x3, 0x0, 0xc0,

    /* U+2022 "•" */
    0x6f, 0xf6,

    /* U+2025 "‥" */
    0xc6,

    /* U+2026 "…" */
    0xc6, 0x60,

    /* U+2027 "‧" */
    0xc0,

    /* U+202A "‪" */
    0x0,

    /* U+202B "‫" */
    0x0,

    /* U+202C "‬" */
    0x0,

    /* U+202D "‭" */
    0x0,

    /* U+202E "‮" */
    0x0,

    /* U+202F " " */
    0x0,

    /* U+2030 "‰" */
    0x78, 0x0, 0x33, 0x0, 0xc, 0xc4, 0x3, 0x33,
    0x0, 0xcc, 0x80, 0x33, 0x60, 0x7, 0x90, 0x0,
    0x8, 0x0, 0x6, 0xf3, 0x81, 0x77, 0x30, 0xd8,
    0xcc, 0x26, 0x33, 0x11, 0x8c, 0xc4, 0x73, 0x30,
    0xf, 0x38,

    /* U+2032 "′" */
    0xff, 0xc0,

    /* U+2033 "″" */
    0xff, 0xff, 0xf0,

    /* U+2039 "‹" */
    0x12, 0x6c, 0xc6, 0x21,

    /* U+203A "›" */
    0xc4, 0x63, 0x36, 0x4c,

    /* U+203C "‼" */
    0xc7, 0x8f, 0x1e, 0x3c, 0x78, 0xf1, 0xe3, 0xc6,
    0x0, 0x0, 0x0, 0x18, 0xc0,

    /* U+2044 "⁄" */
    0x3, 0x2, 0x4, 0xc, 0x8, 0x18, 0x30, 0x20,
    0x60, 0x40, 0x80, 0x80,

    /* U+2074 "⁴" */
    0x18, 0xe7, 0x96, 0xfc, 0x61, 0x80,

    /* U+207F "ⁿ" */
    0xbb, 0xfc, 0xf3, 0xcf, 0x3c, 0xc0,

    /* U+20A3 "₣" */
    0x3f, 0xe6, 0x0, 0xc0, 0x18, 0x3, 0x0, 0x60,
    0xc, 0x1, 0xfe, 0x30, 0x6, 0x0, 0xc0, 0x7f,
    0x3, 0x0, 0x60, 0xc, 0x0,

    /* U+20A4 "₤" */
    0xf, 0x6, 0x63, 0xc, 0xc3, 0x30, 0xc, 0x3,
    0x3, 0xf8, 0x30, 0x3f, 0x83, 0x0, 0xc0, 0x30,
    0x1c, 0xf, 0xfc,

    /* U+20A6 "₦" */
    0x30, 0x18, 0x70, 0x30, 0xe0, 0x61, 0xe0, 0xc3,
    0xc1, 0x86, 0xc3, 0x3f, 0xff, 0x99, 0x8c, 0x31,
    0x99, 0xff, 0xfc, 0xc3, 0x61, 0x83, 0xc3, 0x7,
    0x86, 0x7, 0xc, 0x6, 0x0,

    /* U+20A7 "₧" */
    0xfc, 0x6, 0x33, 0x30, 0x99, 0x86, 0xcc, 0x3f,
    0xe1, 0xb3, 0x9, 0x98, 0xcc, 0xfc, 0x66, 0x3,
    0x30, 0x19, 0x80, 0xcc, 0x6, 0x60, 0x33, 0x0,
    0xe0,

    /* U+20A8 "₨" */
    0xff, 0x0, 0x18, 0x30, 0x3, 0x3, 0x0, 0x60,
    0x60, 0xc, 0xc, 0xf9, 0x81, 0xb1, 0xb0, 0x3c,
    0x1e, 0xd, 0x83, 0xff, 0x3e, 0x18, 0x63, 0xfb,
    0xc, 0xf, 0xe0, 0x80, 0x3c, 0x1b, 0x7, 0x81,
    0x31, 0xb0, 0x33, 0xe0,

    /* U+20A9 "₩" */
    0xc3, 0xd, 0xc, 0x26, 0x31, 0x98, 0xc6, 0x67,
    0x9b, 0xff, 0xf2, 0x49, 0x9, 0x24, 0x34, 0xb3,
    0xff, 0xf3, 0xcf, 0x7, 0x38, 0x18, 0x60, 0x61,
    0x81, 0x86, 0x0,

    /* U+20AA "₪" */
    0xfe, 0x1e, 0x18, 0xf0, 0x67, 0x9b, 0x3c, 0xd9,
    0xe6, 0xcf, 0x36, 0x79, 0xb3, 0xcc, 0x1e, 0x61,
    0xb3, 0xfc,

    /* U+20AB "₫" */
    0x1, 0x80, 0xfc, 0x6, 0x0, 0xc3, 0xd8, 0xc7,
    0x18, 0x66, 0xc, 0xc1, 0x98, 0x33, 0x6, 0x60,
    0xc6, 0x18, 0xc7, 0xf, 0xe0, 0x0, 0x0, 0xf,
    0xf8,

    /* U+20AC "€" */
    0x7, 0x8c, 0x6, 0x6, 0x3, 0x1, 0x83, 0xf8,
    0x60, 0xfe, 0x18, 0xc, 0x6, 0x1, 0x80, 0xc0,
    0x1e,

    /* U+20B1 "₱" */
    0x3f, 0xc0, 0xc1, 0x83, 0x7, 0x3f, 0xff, 0x30,
    0x30, 0xc0, 0xcf, 0xff, 0xcc, 0x1c, 0x3f, 0xc0,
    0xc0, 0x3, 0x0, 0xc, 0x0, 0x30, 0x0, 0xc0,
    0x3, 0x0, 0x0,

    /* U+20B9 "₹" */
    0x7f, 0xc3, 0x80, 0x31, 0xff, 0x7f, 0xc0, 0xc0,
    0xe1, 0xf8, 0x60, 0xc, 0x1, 0x80, 0x30, 0x6,
    0x1, 0xc0,

    /* U+20BA "₺" */
    0x18, 0x3, 0x0, 0x7c, 0xf, 0x7, 0x81, 0xf2,
    0x27, 0xc1, 0xe3, 0xf8, 0x7b, 0xc, 0x61, 0x8c,
    0x61, 0x8c, 0x33, 0x7, 0xc0,

    /* U+20BC "₼" */
    0x6, 0x0, 0x60, 0x1f, 0x83, 0xfc, 0x76, 0xe6,
    0x66, 0xc6, 0x3c, 0x63, 0xc6, 0x3c, 0x63, 0xc6,
    0x30,

    /* U+20BD "₽" */
    0x3f, 0xc3, 0x6, 0x30, 0x33, 0x3, 0x30, 0x33,
    0x3, 0x30, 0x33, 0x6, 0xff, 0xc3, 0x0, 0x30,
    0xf, 0xe0, 0x30, 0x3, 0x0, 0x30, 0x0,

    /* U+2105 "℅" */
    0x70, 0x8, 0x80, 0x80, 0xc8, 0x8, 0x89, 0x7,
    0x30, 0x2, 0x0, 0x40, 0xc, 0xe0, 0x91, 0x19,
    0x13, 0x11, 0x21, 0x10, 0xe,

    /* U+2113 "ℓ" */
    0x1e, 0x13, 0x33, 0x33, 0x33, 0x33, 0x36, 0x36,
    0x3c, 0x38, 0xf0, 0x30, 0x30, 0x18, 0xc,

    /* U+2116 "№" */
    0xc0, 0xcf, 0xb8, 0x37, 0x7f, 0xd, 0x8f, 0xc3,
    0x63, 0xd8, 0xd8, 0xf6, 0x36, 0x3c, 0xcc, 0xfb,
    0x33, 0x0, 0xc6, 0xc0, 0x31, 0xb7, 0xfc, 0x3c,
    0x3, 0xf, 0x0, 0xc1, 0xc0, 0x30, 0x30, 0x0,

    /* U+2122 "™" */
    0xf4, 0x51, 0x34, 0x6d, 0x15, 0x45, 0x40,

    /* U+2126 "Ω" */
    0x1f, 0x6, 0x31, 0x83, 0x60, 0x3c, 0x7, 0x80,
    0xf0, 0x1e, 0x3, 0xc0, 0x78, 0xd, 0x1, 0x30,
    0x63, 0x19, 0xf7, 0xc0,

    /* U+212E "℮" */
    0x1e, 0x8, 0x64, 0xb, 0x3, 0xc0, 0xff, 0xfc,
    0x3, 0x0, 0x40, 0x8, 0x21, 0xf0,

    /* U+215B "⅛" */
    0x70, 0x7, 0x84, 0xc, 0x20, 0x62, 0x3, 0x30,
    0x19, 0x0, 0xdb, 0xc0, 0xb3, 0xd, 0x98, 0xc7,
    0x86, 0x66, 0x63, 0x33, 0x19, 0x80, 0x78,

    /* U+215C "⅜" */
    0x78, 0x1, 0x98, 0x0, 0x30, 0xc0, 0x63, 0x3,
    0x4, 0x1, 0x98, 0x33, 0x20, 0x3c, 0xde, 0x3,
    0x66, 0x4, 0xcc, 0x18, 0xf0, 0x23, 0x30, 0xc6,
    0x61, 0xc, 0xc0, 0xf, 0x0,

    /* U+215D "⅝" */
    0xfc, 0x1, 0x80, 0x43, 0x0, 0x87, 0xc3, 0x0,
    0xcc, 0x1, 0x90, 0x23, 0x60, 0x3c, 0x9e, 0x3,
    0x66, 0xc, 0xcc, 0x10, 0xf0, 0x63, 0x30, 0x86,
    0x61, 0xc, 0xc0, 0xf, 0x0,

    /* U+215E "⅞" */
    0xfc, 0x0, 0x31, 0x0, 0x8c, 0x6, 0x20, 0x11,
    0x80, 0xc4, 0x2, 0x30, 0x18, 0x9e, 0x6, 0xcc,
    0x13, 0x30, 0x87, 0x86, 0x33, 0x10, 0xcc, 0x43,
    0x30, 0x7, 0x80,

    /* U+2202 "∂" */
    0x7e, 0x10, 0xc0, 0x18, 0x6, 0x0, 0xc7, 0xb6,
    0x1f, 0x3, 0xc0, 0xf0, 0x3c, 0xf, 0x3, 0x61,
    0x98, 0xc1, 0xe0,

    /* U+2206 "∆" */
    0x3, 0x0, 0xc, 0x0, 0x78, 0x1, 0xe0, 0xc,
    0xc0, 0x33, 0x0, 0xc6, 0x6, 0x18, 0x18, 0x60,
    0xc0, 0xc3, 0x3, 0x1c, 0x6, 0x60, 0x19, 0xff,
    0xe0,

    /* U+220E "∎" */
    0xff, 0xff, 0xff, 0xff, 0xff, 0xff,

    /* U+220F "∏" */
    0xff, 0xf8, 0xf, 0x1, 0xe0, 0x3c, 0x7, 0x80,
    0xf0, 0x1e, 0x3, 0xc0, 0x78, 0xf, 0x1, 0xe0,
    0x3c, 0x7, 0x80, 0xf0, 0x1e, 0x3,

    /* U+2211 "∑" */
    0xff, 0xdc, 0x1, 0x80, 0x18, 0x1, 0x80, 0x18,
    0x1, 0x80, 0x38, 0x3, 0x0, 0xc0, 0x30, 0xc,
    0x3, 0x0, 0xc0, 0x38, 0x7, 0xff,

    /* U+2212 "−" */
    0xfe,

    /* U+2215 "∕" */
    0x2, 0x6, 0x6, 0x4, 0xc, 0x8, 0x8, 0x18,
    0x10, 0x30, 0x30, 0x20, 0x60, 0x40, 0xc0,

    /* U+221A "√" */
    0x0, 0x40, 0x18, 0x3, 0x0, 0xc0, 0x18, 0x3,
    0x0, 0xc7, 0x18, 0x22, 0x6, 0xc0, 0xd8, 0xe,
    0x1, 0xc0, 0x10, 0x0,

    /* U+221E "∞" */
    0x1e, 0xf, 0xc, 0x66, 0x31, 0x87, 0x83, 0x60,
    0xf0, 0x3c, 0xc, 0x7, 0x81, 0x80, 0xf0, 0x30,
    0x1e, 0xf, 0x3, 0x61, 0xe0, 0xcc, 0x66, 0x30,
    0x78, 0x3c, 0x0,

    /* U+222B "∫" */
    0x1e, 0x70, 0xc1, 0x83, 0x6, 0xc, 0x18, 0x30,
    0x60, 0xc1, 0x83, 0x6, 0xc, 0x18, 0x30, 0x63,
    0x80,

    /* U+2248 "≈" */
    0xf8, 0xc7, 0xc0, 0x4, 0xf, 0x8c, 0x7c,

    /* U+2260 "≠" */
    0x0, 0x2, 0x4, 0xff, 0x8, 0x18, 0x10, 0xff,
    0x60, 0x40,

    /* U+2264 "≤" */
    0x3, 0xf, 0x38, 0xe0, 0xf0, 0x1e, 0x7, 0x1,
    0x0, 0xff,

    /* U+2265 "≥" */
    0xc0, 0x78, 0x1e, 0x3, 0xf, 0x78, 0xe0, 0x0,
    0x0, 0xff,

    /* U+25CA "◊" */
    0xc, 0x7, 0x81, 0xe0, 0xcc, 0x33, 0x18, 0x66,
    0x9, 0x82, 0x61, 0x8c, 0xc3, 0x30, 0x78, 0xe,
    0x3, 0x0,

    /* U+25CC "◌" */
    0xc, 0x8, 0x44, 0x8, 0x0, 0x80, 0x60, 0x10,
    0x1, 0x2, 0x21, 0x3, 0x0,

    /* U+FB01 "ﬁ" */
    0x1f, 0x18, 0xc, 0x6, 0xf, 0xd9, 0x8c, 0xc6,
    0x63, 0x31, 0x98, 0xcc, 0x66, 0x33, 0x19, 0x8c,
    0xc6,

    /* U+FB02 "ﬂ" */
    0x1f, 0x98, 0xcc, 0x66, 0x3f, 0xd9, 0x8c, 0xc6,
    0x63, 0x31, 0x98, 0xcc, 0x66, 0x33, 0x19, 0x8c,
    0xc6,

    /* U+FB03 "ﬃ" */
    0x1c, 0x7c, 0x63, 0x88, 0xc6, 0x1, 0x8c, 0xf,
    0xfe, 0x66, 0x30, 0xcc, 0x61, 0x98, 0xc3, 0x31,
    0x86, 0x63, 0xc, 0xc6, 0x19, 0x8c, 0x33, 0x18,
    0x66, 0x30, 0xcc, 0x61, 0x80,

    /* U+FB04 "ﬄ" */
    0x1c, 0xfe, 0x63, 0xc, 0xc6, 0x19, 0x8c, 0x3f,
    0xfe, 0x66, 0x30, 0xcc, 0x61, 0x98, 0xc3, 0x31,
    0x86, 0x63, 0xc, 0xc6, 0x19, 0x8c, 0x33, 0x18,
    0x66, 0x30, 0xcc, 0x61, 0x80,

    /* U+FB50 "ﭐ" */
    0x18, 0x94, 0x7e, 0x0, 0xc3, 0xc, 0x30, 0xc3,
    0xc, 0x30, 0xc3, 0xc, 0x30,

    /* U+FB51 "ﭑ" */
    0x18, 0x9c, 0x5e, 0x0, 0xc3, 0xc, 0x30, 0xc3,
    0xc, 0x30, 0xc3, 0x7, 0x1c,

    /* U+FB56 "ﭖ" */
    0xc0, 0x3, 0xc0, 0x3, 0xc0, 0x3, 0xc0, 0x3,
    0xf0, 0x7, 0x7f, 0xfe, 0x1f, 0xfc, 0x0, 0x0,
    0x2, 0x0, 0x7, 0x60, 0x2, 0x0, 0x0, 0x80,
    0x1, 0x80,

    /* U+FB57 "ﭗ" */
    0xc0, 0x0, 0x30, 0x0, 0xcc, 0x0, 0x33, 0x0,
    0xc, 0xf0, 0x7, 0x1f, 0xff, 0x71, 0xff, 0x8c,
    0x0, 0x0, 0x2, 0x0, 0x1, 0xd8, 0x0, 0x20,
    0x0, 0x2, 0x0, 0x1, 0x80, 0x0,

    /* U+FB58 "ﭘ" */
    0x6, 0xc, 0x18, 0x30, 0x6f, 0x9e, 0x0, 0x49,
    0xf9, 0x21, 0x83, 0x0,

    /* U+FB59 "ﭙ" */
    0x6, 0x3, 0x1, 0x81, 0xc7, 0xfb, 0xcc, 0x0,
    0x80, 0xfc, 0x24, 0xc, 0x6, 0x0,

    /* U+FB66 "ﭦ" */
    0x2, 0x0, 0x2, 0x0, 0x2, 0xc0, 0x3, 0x20,
    0x2, 0x20, 0x7, 0xc0, 0xc0, 0x3, 0xc0, 0x3,
    0xc0, 0x3, 0xc0, 0x3, 0xf0, 0x7, 0x7f, 0xfe,
    0x1f, 0xfc,

    /* U+FB67 "ﭧ" */
    0x2, 0x0, 0x0, 0x80, 0x0, 0x2c, 0x0, 0xc,
    0x80, 0x2, 0x20, 0x1, 0xf0, 0xc, 0x0, 0x3,
    0x0, 0xc, 0xc0, 0x3, 0x30, 0x0, 0xcf, 0x0,
    0x71, 0xff, 0xf7, 0x1f, 0xf8, 0xc0,

    /* U+FB68 "ﭨ" */
    0x20, 0x40, 0x81, 0x73, 0x2f, 0x80, 0x0, 0xc,
    0x18, 0x30, 0x60, 0xdf, 0x3c, 0x0,

    /* U+FB69 "ﭩ" */
    0x40, 0x81, 0x73, 0x2f, 0x80, 0x0, 0xc, 0x18,
    0x30, 0xe7, 0xfe, 0x60,

    /* U+FB6A "ﭪ" */
    0x0, 0x10, 0x0, 0x10, 0x0, 0x44, 0x0, 0xee,
    0x0, 0x44, 0x0, 0x0, 0x0, 0x3c, 0x0, 0x7e,
    0x0, 0xe6, 0x0, 0xc3, 0xc0, 0xc3, 0xc0, 0xff,
    0xc0, 0x7f, 0xe0, 0x3, 0x7f, 0xfe, 0x1f, 0xfc,

    /* U+FB6B "ﭫ" */
    0x0, 0xc, 0x0, 0x3, 0x0, 0x0, 0x20, 0x1,
    0xdc, 0x0, 0x2, 0x0, 0x0, 0x0, 0x1, 0xe0,
    0x0, 0xfc, 0xc0, 0x73, 0xb0, 0x18, 0x6c, 0x6,
    0x1b, 0x80, 0xfc, 0x7f, 0xff, 0xc7, 0xfc, 0xf0,

    /* U+FB6C "ﭬ" */
    0xc, 0x2, 0x4, 0x87, 0xe1, 0x20, 0x0, 0x38,
    0x3e, 0x33, 0x18, 0xcc, 0x67, 0xf1, 0xf8, 0xf,
    0xfd, 0xfe,

    /* U+FB6D "ﭭ" */
    0x4, 0x1, 0x1, 0x0, 0x6c, 0x0, 0x0, 0x0,
    0xe0, 0x7c, 0x3b, 0x8c, 0x63, 0x18, 0x6c, 0xff,
    0xfe, 0xf0,

    /* U+FB7A "ﭺ" */
    0x38, 0xf, 0xc3, 0x9f, 0x0, 0xf0, 0xf8, 0x78,
    0x1c, 0x3, 0x24, 0xc4, 0xd8, 0x3, 0xc, 0x60,
    0x7, 0x2, 0xff, 0xc7, 0xf0,

    /* U+FB7B "ﭻ" */
    0x38, 0x3, 0xf0, 0x39, 0xe0, 0x87, 0xc0, 0xfe,
    0xf, 0xc0, 0xe7, 0xc, 0x3f, 0xe0, 0x7e, 0xd8,
    0x30, 0x81, 0x88, 0xe, 0x40, 0x38, 0x11, 0xff,
    0x83, 0xf8,

    /* U+FB7C "ﭼ" */
    0x1e, 0x1, 0xfc, 0xc, 0x7c, 0x0, 0x70, 0xf,
    0x3, 0xe3, 0xfc, 0x1f, 0x0, 0x0, 0x0, 0x4,
    0x3, 0x70, 0x9, 0x0, 0x30, 0x1, 0x80,

    /* U+FB7D "ﭽ" */
    0x1e, 0x0, 0xfe, 0x3, 0x1f, 0x0, 0xe, 0x0,
    0xf0, 0x1f, 0x8f, 0xe3, 0xfe, 0x7, 0x0, 0x0,
    0x2, 0x0, 0xdc, 0x0, 0x20, 0x2, 0x0, 0xc,
    0x0,

    /* U+FB88 "ﮈ" */
    0x20, 0x20, 0x2c, 0x32, 0x22, 0x7c, 0x0, 0x0,
    0x18, 0x1c, 0xe, 0x7, 0x3, 0x3, 0x7, 0xfe,
    0xfc,

    /* U+FB89 "ﮉ" */
    0x20, 0x8, 0x2, 0xc0, 0xc8, 0x22, 0x1f, 0x0,
    0x0, 0x0, 0xc, 0x3, 0x0, 0x60, 0x18, 0x2,
    0x0, 0xc0, 0x7b, 0xff, 0xf8, 0xc0,

    /* U+FB8A "ﮊ" */
    0x10, 0x70, 0x43, 0x76, 0x40, 0x0, 0xc, 0xc,
    0x18, 0x30, 0x60, 0xc3, 0xe, 0x78, 0xe0,

    /* U+FB8B "ﮋ" */
    0x10, 0x18, 0x4, 0x6e, 0x44, 0x0, 0x0, 0x18,
    0xc, 0xc, 0xf, 0xf, 0xc, 0x18, 0x38, 0xf0,
    0xe0,

    /* U+FB8C "ﮌ" */
    0x20, 0x40, 0xb1, 0x92, 0x2f, 0x80, 0x0, 0x1c,
    0x18, 0x30, 0x60, 0xc1, 0x86, 0xc, 0x71, 0xc0,

    /* U+FB8D "ﮍ" */
    0x20, 0x20, 0x2c, 0x32, 0x22, 0x7c, 0x0, 0x0,
    0x18, 0xc, 0xc, 0xf, 0xf, 0xc, 0x1c, 0x38,
    0xf0, 0xe0,

    /* U+FB8E "ﮎ" */
    0x0, 0x1, 0x0, 0xf, 0x0, 0x3c, 0x0, 0xf0,
    0x0, 0xc0, 0x0, 0x60, 0x0, 0x38, 0xc0, 0x1c,
    0xc0, 0xc, 0xc0, 0x6, 0xc0, 0x6, 0xe0, 0xe,
    0x7f, 0xfc, 0x1f, 0xf8,

    /* U+FB8F "ﮏ" */
    0x0, 0x1, 0x0, 0x1, 0xc0, 0x3, 0xc0, 0x3,
    0xc0, 0x0, 0xc0, 0x0, 0x1c, 0x0, 0x3, 0x83,
    0x0, 0x70, 0xc0, 0xe, 0x30, 0x1, 0x8c, 0x0,
    0x73, 0xc0, 0x1c, 0x7f, 0xfd, 0xc7, 0xfe, 0x30,

    /* U+FB90 "ﮐ" */
    0x1, 0x83, 0xc7, 0x8f, 0x6, 0x3, 0x80, 0x70,
    0x1c, 0x6, 0x1, 0x80, 0xc0, 0xef, 0xe7, 0xe0,

    /* U+FB91 "ﮑ" */
    0x0, 0x80, 0xf0, 0x78, 0x3c, 0x6, 0x0, 0xe0,
    0x7, 0x0, 0x70, 0x6, 0x0, 0x60, 0xc, 0x1,
    0xcf, 0xef, 0xf8, 0xc0,

    /* U+FB92 "ﮒ" */
    0x0, 0x1, 0x0, 0xe, 0x0, 0x31, 0x0, 0x47,
    0x0, 0x3c, 0x0, 0x70, 0x0, 0x40, 0x0, 0x70,
    0x0, 0x38, 0xc0, 0x1c, 0xc0, 0xc, 0xc0, 0x6,
    0xc0, 0x6, 0xe0, 0xe, 0x7f, 0xfc, 0x1f, 0xf8,

    /* U+FB93 "ﮓ" */
    0x0, 0x1, 0x0, 0x3, 0x80, 0x3, 0x10, 0x1,
    0x1c, 0x0, 0x3c, 0x0, 0x1c, 0x0, 0x6, 0x0,
    0x1, 0xc0, 0x0, 0x38, 0x30, 0x3, 0xc, 0x0,
    0x63, 0x0, 0x18, 0xc0, 0x3, 0x3c, 0x1, 0xc7,
    0xff, 0xdc, 0x7f, 0xe3,

    /* U+FB94 "ﮔ" */
    0x1, 0xe, 0x31, 0x47, 0x3e, 0x78, 0x60, 0x70,
    0x1c, 0xe, 0x6, 0x3, 0x3, 0x7, 0xfe, 0xfc,

    /* U+FB95 "ﮕ" */
    0x1, 0x1, 0xc0, 0xc4, 0x23, 0x83, 0xc0, 0xe0,
    0x10, 0x3, 0x0, 0x38, 0x1, 0x80, 0x18, 0x3,
    0x0, 0x30, 0xf, 0x3f, 0x7f, 0xc7,

    /* U+FB9E "ﮞ" */
    0x0, 0x6, 0x6, 0xc0, 0x3c, 0x3, 0xc0, 0x3c,
    0x3, 0xc0, 0x3e, 0x7, 0x70, 0xe3, 0xfc, 0x1f,
    0x80,

    /* U+FB9F "ﮟ" */
    0x0, 0x1, 0x81, 0x8c, 0x2, 0x30, 0xc, 0xc0,
    0x3f, 0x0, 0xfc, 0x3, 0x38, 0x1c, 0x70, 0xe0,
    0xff, 0x1, 0xf8, 0x0,

    /* U+FBA5 "ﮥ" */
    0x6, 0x2, 0x0, 0x80, 0x38, 0x2, 0x1, 0x83,
    0xc0, 0x0, 0x6, 0x7, 0x87, 0x63, 0x98, 0xc6,
    0x31, 0x8f, 0xf1, 0xef, 0x1, 0xc0,

    /* U+FBA7 "ﮧ" */
    0x1c, 0x1e, 0x19, 0x8c, 0xe4, 0x3e, 0xc,

    /* U+FBA8 "ﮨ" */
    0x18, 0xc6, 0x31, 0xff, 0xc0, 0x1, 0x8, 0x63,
    0x0,

    /* U+FBA9 "ﮩ" */
    0x0, 0x3, 0x83, 0xe3, 0xfc, 0xf1, 0xb8, 0x36,
    0x3, 0xc0, 0x78, 0x6, 0x0,

    /* U+FBAA "ﮪ" */
    0x2, 0x0, 0x18, 0x3, 0xf0, 0x7f, 0xc3, 0x1b,
    0x18, 0xcc, 0xc6, 0x63, 0xe3, 0xff, 0xf7, 0x9f,
    0x0,

    /* U+FBAB "ﮫ" */
    0x7, 0x0, 0xf8, 0xd, 0x81, 0x98, 0x19, 0x81,
    0xb0, 0x7f, 0x77, 0xef, 0x19, 0xc0, 0xd8, 0xd,
    0x80, 0x78, 0x3, 0x0,

    /* U+FBAC "ﮬ" */
    0x2, 0x0, 0x18, 0x3, 0xf0, 0x7f, 0xc3, 0x1b,
    0x18, 0xcc, 0xc6, 0x63, 0xe3, 0xff, 0xf7, 0x9f,
    0x0,

    /* U+FBAD "ﮭ" */
    0xe, 0x3, 0xe0, 0x6c, 0x19, 0x83, 0x30, 0x6c,
    0x3f, 0xbf, 0xef, 0x33, 0x83, 0x60, 0x6c, 0x7,
    0x80, 0x60,

    /* U+FBAE "ﮮ" */
    0xc, 0x0, 0x1e, 0x0, 0x1b, 0x0, 0x31, 0x0,
    0x60, 0x0, 0xc0, 0x0, 0xe0, 0x1, 0x7f, 0xff,
    0x3f, 0xfe,

    /* U+FBAF "ﮯ" */
    0x1f, 0xff, 0x3f, 0xff, 0x70, 0x0, 0xc0, 0x0,
    0xe0, 0x8, 0x7f, 0xf8, 0x1f, 0xf0,

    /* U+FBB0 "ﮰ" */
    0x6, 0x0, 0x8, 0x0, 0x9, 0x0, 0xe, 0x0,
    0x8, 0x0, 0x0, 0x0, 0xe, 0x0, 0x1f, 0x0,
    0x1b, 0x0, 0x31, 0x0, 0x60, 0x0, 0xc0, 0x0,
    0xe0, 0x1, 0x7f, 0xff, 0x3f, 0xfe,

    /* U+FBB1 "ﮱ" */
    0x6, 0x0, 0x8, 0x0, 0x9, 0x0, 0xe, 0x0,
    0x0, 0x0, 0x0, 0x0, 0x1f, 0xff, 0x3f, 0xff,
    0x70, 0x0, 0xc0, 0x0, 0xe0, 0x8, 0x7f, 0xf8,
    0x1f, 0xf0,

    /* U+FBBF "﮿" */
    0x69, 0x96,

    /* U+FBC0 "﯀" */
    0x41, 0x5, 0x99, 0x47, 0xe0,

    /* U+FBD3 "ﯓ" */
    0x1, 0x0, 0x3, 0x0, 0x1, 0x0, 0x37, 0x30,
    0x24, 0x60, 0x0, 0xc0, 0x61, 0x81, 0x83, 0x3,
    0x87, 0x80, 0x8f, 0xe, 0x1e, 0x0, 0x3c, 0x0,
    0x7c, 0x1, 0xdf, 0xff, 0xf, 0xfc,

    /* U+FBD4 "ﯔ" */
    0x1, 0x80, 0x0, 0x60, 0x0, 0x24, 0x0, 0x1b,
    0x98, 0x2, 0x46, 0x0, 0x1, 0x80, 0x18, 0x60,
    0xc, 0x18, 0x3, 0x86, 0x30, 0x11, 0x8c, 0x38,
    0x63, 0x0, 0x18, 0xc0, 0x6, 0x38, 0x3, 0xc7,
    0xff, 0xfc, 0x7f, 0xc7,

    /* U+FBD5 "ﯕ" */
    0x8, 0xc, 0x0, 0x6, 0xc2, 0x60, 0xc, 0x1e,
    0x3c, 0x78, 0x30, 0x1c, 0x3, 0x80, 0xe0, 0x30,
    0xc, 0x6, 0x7, 0x7f, 0x3f, 0x0,

    /* U+FBD6 "ﯖ" */
    0x8, 0x3, 0x80, 0x20, 0x1b, 0x2, 0x60, 0x1,
    0x1, 0xe0, 0xf0, 0x78, 0xc, 0x1, 0xc0, 0xe,
    0x0, 0xe0, 0xc, 0x0, 0xc0, 0x18, 0x3, 0x9f,
    0xdf, 0xf1, 0x80,

    /* U+FBD7 "ﯗ" */
    0x38, 0x50, 0xa0, 0x86, 0x0, 0xe, 0x3e, 0xcd,
    0x8f, 0x1f, 0xf7, 0xe0, 0xc3, 0xe, 0x78, 0xc0,

    /* U+FBD8 "ﯘ" */
    0x38, 0x28, 0x28, 0x10, 0x60, 0x0, 0x38, 0x7c,
    0xce, 0xc6, 0xc6, 0xff, 0x7f, 0x6, 0xc, 0x1c,
    0x78, 0x60,

    /* U+FBD9 "ﯙ" */
    0x28, 0x60, 0x40, 0x0, 0x7, 0x1f, 0x66, 0xc7,
    0x8f, 0xfb, 0xf0, 0x61, 0x87, 0x3c, 0x60,

    /* U+FBDA "ﯚ" */
    0x28, 0x30, 0x10, 0x0, 0x0, 0x38, 0x7c, 0xce,
    0xc6, 0xc6, 0xff, 0x7f, 0x6, 0xc, 0x1c, 0x78,
    0x60,

    /* U+FBDB "ﯛ" */
    0x10, 0x20, 0x40, 0x0, 0x7, 0x1f, 0x66, 0xc7,
    0x8f, 0xfb, 0xf0, 0x61, 0x87, 0x3c, 0x60,

    /* U+FBDC "ﯜ" */
    0x10, 0x10, 0x10, 0x0, 0x0, 0x38, 0x7c, 0xce,
    0xc6, 0xc6, 0xff, 0x7f, 0x6, 0xc, 0x1c, 0x78,
    0x60,

    /* U+FBDE "ﯞ" */
    0x0, 0x60, 0x42, 0x46, 0xc0, 0x0, 0x1c, 0x7d,
    0x9b, 0x1e, 0x3f, 0xef, 0xc1, 0x86, 0x1c, 0xf1,
    0x80,

    /* U+FBDF "ﯟ" */
    0x0, 0x30, 0x10, 0x48, 0x6c, 0x0, 0x0, 0x38,
    0x7c, 0xce, 0xc6, 0xc6, 0xff, 0x7f, 0x6, 0xc,
    0x1c, 0x78, 0x60,

    /* U+FBE2 "ﯢ" */
    0x10, 0x60, 0xa0, 0x0, 0x7, 0x1f, 0x66, 0xc7,
    0x8f, 0xfb, 0xf0, 0x61, 0x87, 0x3c, 0x60,

    /* U+FBE3 "ﯣ" */
    0x10, 0x30, 0x28, 0x0, 0x0, 0x38, 0x7c, 0xce,
    0xc6, 0xc6, 0xff, 0x7f, 0x6, 0xc, 0x1c, 0x78,
    0x60,

    /* U+FBE8 "ﯨ" */
    0x18, 0xc6, 0x31, 0xfb, 0xc0,

    /* U+FBE9 "ﯩ" */
    0x18, 0x30, 0x61, 0xcf, 0xfc, 0xc0,

    /* U+FBFC "ﯼ" */
    0x1, 0xf0, 0x3f, 0x7, 0x4, 0x60, 0xc6, 0xc,
    0x7e, 0xc3, 0xfc, 0x3, 0xc0, 0x36, 0xe, 0x7f,
    0xe1, 0xf8,

    /* U+FBFD "ﯽ" */
    0xc0, 0xc, 0x0, 0xc3, 0xfc, 0x3f, 0xc0, 0x3e,
    0x3, 0x70, 0xf7, 0xfe, 0x1f, 0x80,

    /* U+FBFE "ﯾ" */
    0x6, 0xc, 0x18, 0x30, 0x6f, 0x9e, 0x0, 0x1,
    0x99, 0x30,

    /* U+FBFF "ﯿ" */
    0x6, 0x3, 0x1, 0x81, 0xc7, 0xfb, 0xcc, 0x0,
    0x0, 0xcc, 0x26, 0x0,

    /* U+FD3E "﴾" */
    0x0, 0xc, 0x30, 0x41, 0x82, 0xc, 0x7e, 0x85,
    0x6a, 0xd4, 0x28, 0x5f, 0x8c, 0x8, 0x18, 0x10,
    0x30, 0x30, 0x0,

    /* U+FD3F "﴿" */
    0x1, 0x81, 0x81, 0x3, 0x2, 0x6, 0x3f, 0x42,
    0xb5, 0x6a, 0x14, 0x2f, 0xc6, 0x8, 0x30, 0x41,
    0x86, 0x0, 0x0,

    /* U+FDF2 "ﷲ" */
    0x0, 0x8, 0x0, 0x0, 0x10, 0x0, 0x0, 0x20,
    0x0, 0x0, 0x10, 0x0, 0x4, 0xa0, 0x0, 0x9,
    0xc0, 0xc0, 0x1c, 0x31, 0x80, 0x0, 0x63, 0x0,
    0x18, 0xc6, 0xc, 0x31, 0x8c, 0x78, 0x63, 0x1b,
    0xb0, 0xc6, 0x3e, 0x21, 0x8c, 0x78, 0x43, 0x18,
    0xf1, 0x86, 0x31, 0xff, 0x8c, 0x63, 0x7b, 0xff,
    0xc6, 0x3, 0xef, 0xc,

    /* U+FDFC "﷼" */
    0x0, 0x66, 0x0, 0x0, 0x6, 0x60, 0x0, 0x0,
    0x66, 0x0, 0x0, 0x6, 0x60, 0x0, 0x0, 0x66,
    0x0, 0x0, 0x6, 0x60, 0x0, 0x0, 0x66, 0xc,
    0x0, 0x6, 0x60, 0xc0, 0x0, 0x66, 0xc, 0x26,
    0x6, 0x60, 0xc3, 0xc0, 0x66, 0x1c, 0x3c, 0x6,
    0x7f, 0x83, 0xc0, 0x63, 0xf0, 0x3c, 0x6, 0x0,
    0x3, 0xc0, 0xe0, 0x10, 0x36, 0xc, 0x1b, 0x86,
    0x7f, 0xc1, 0x90, 0xe1, 0xf0, 0x0, 0x3c, 0x0,
    0x0, 0x3, 0x0,

    /* U+FE70 "ﹰ" */
    0x3c, 0x3c,

    /* U+FE71 "ﹱ" */
    0x19, 0x81, 0x98, 0x0, 0x0, 0x0, 0x0, 0x0,
    0x0, 0xff, 0xf0,

    /* U+FE72 "ﹲ" */
    0x18, 0x9e, 0x57, 0x58, 0x80,

    /* U+FE73 "ﹳ" */
    0xc3, 0xe, 0x1f, 0x3c,

    /* U+FE74 "ﹴ" */
    0x7, 0x87, 0x80,

    /* U+FE76 "ﹶ" */
    0x3c,

    /* U+FE77 "ﹷ" */
    0x0, 0xe4, 0x0, 0x0, 0x0, 0x0, 0x0, 0x0,
    0x3f, 0xfc,

    /* U+FE78 "ﹸ" */
    0x75, 0x53, 0xe0,

    /* U+FE79 "ﹹ" */
    0x38, 0xa2, 0x86, 0x60, 0x0, 0x0, 0x0, 0x0,
    0x3f, 0xfc,

    /* U+FE7A "ﹺ" */
    0x16, 0x80,

    /* U+FE7B "ﹻ" */
    0xff, 0xf0, 0x0, 0x19, 0x80,

    /* U+FE7C "ﹼ" */
    0x2d, 0x76,

    /* U+FE7D "ﹽ" */
    0x16, 0x5b, 0xf8, 0x0, 0x0, 0x0, 0x0, 0xf,
    0xff,

    /* U+FE7E "ﹾ" */
    0x69, 0x96,

    /* U+FE7F "ﹿ" */
    0x31, 0x24, 0x8c, 0x0, 0x0, 0x0, 0x0, 0xf,
    0xff,

    /* U+FE80 "ﺀ" */
    0x3c, 0xf9, 0x83, 0x6, 0x27, 0xde, 0x20,

    /* U+FE81 "ﺁ" */
    0x73, 0xce, 0x0, 0x18, 0x18, 0x18, 0x18, 0x18,
    0x18, 0x18, 0x18, 0x18, 0x18, 0x18, 0x18,

    /* U+FE82 "ﺂ" */
    0x33, 0x98, 0x1, 0x83, 0x6, 0xc, 0x18, 0x30,
    0x60, 0xc1, 0x83, 0x7, 0x87, 0x0,

    /* U+FE83 "ﺃ" */
    0x78, 0x87, 0xc0, 0x66, 0x66, 0x66, 0x66, 0x66,
    0x66,

    /* U+FE84 "ﺄ" */
    0x64, 0x24, 0xc8, 0x31, 0x8c, 0x63, 0x18, 0xc6,
    0x31, 0x8c, 0x38, 0xc0,

    /* U+FE85 "ﺅ" */
    0x18, 0x40, 0x80, 0xc2, 0x0, 0xe, 0x3e, 0xcd,
    0x8f, 0x1f, 0xf7, 0xe0, 0xc3, 0xe, 0x78, 0xc0,

    /* U+FE86 "ﺆ" */
    0x18, 0x20, 0x20, 0x18, 0x20, 0x0, 0x38, 0x7c,
    0xce, 0xc6, 0xc6, 0xff, 0x7f, 0x6, 0xc, 0x1c,
    0x78, 0x60,

    /* U+FE87 "ﺇ" */
    0x66, 0x66, 0x66, 0x66, 0x66, 0x66, 0x60, 0x68,
    0x9e, 0x80,

    /* U+FE88 "ﺈ" */
    0xcc, 0xcc, 0xcc, 0xcc, 0xcc, 0xcf, 0x70, 0x68,
    0x8e, 0x0,

    /* U+FE89 "ﺉ" */
    0x18, 0x2, 0x0, 0x20, 0x1, 0x80, 0x21, 0xf0,
    0x3f, 0x7, 0x4, 0x60, 0xc6, 0xc, 0x7e, 0xc3,
    0xfc, 0x3, 0xc0, 0x36, 0xe, 0x7f, 0xe1, 0xf8,

    /* U+FE8A "ﺊ" */
    0x18, 0x2, 0x0, 0x20, 0x3, 0x80, 0x0, 0x0,
    0x0, 0xc0, 0xc, 0x0, 0xc3, 0xfc, 0x3f, 0xc0,
    0x3e, 0x3, 0x70, 0xf7, 0xfe, 0x1f, 0x80,

    /* U+FE8B "ﺋ" */
    0x18, 0x82, 0x46, 0x20, 0x0, 0xc3, 0xc, 0x30,
    0xfe, 0xf8,

    /* U+FE8C "ﺌ" */
    0x1c, 0x20, 0x24, 0x38, 0x0, 0xc, 0xc, 0xc,
    0x1c, 0xff, 0xf3,

    /* U+FE8D "ﺍ" */
    0xff, 0xff, 0xff, 0xc0,

    /* U+FE8E "ﺎ" */
    0xcc, 0xcc, 0xcc, 0xcc, 0xcc, 0xcf, 0x70,

    /* U+FE8F "ﺏ" */
    0xc0, 0x3, 0xc0, 0x3, 0xc0, 0x3, 0xc0, 0x3,
    0xf0, 0x7, 0x7f, 0xfe, 0x1f, 0xfc, 0x0, 0x0,
    0x0, 0x0, 0x1, 0x80, 0x1, 0x80,

    /* U+FE90 "ﺐ" */
    0xc0, 0x0, 0x30, 0x0, 0xcc, 0x0, 0x33, 0x0,
    0xc, 0xf0, 0x7, 0x1f, 0xff, 0x71, 0xff, 0x8c,
    0x0, 0x0, 0x0, 0x0, 0x0, 0x60, 0x0, 0x18,
    0x0,

    /* U+FE91 "ﺑ" */
    0xc, 0x30, 0xc3, 0xf, 0xef, 0x0, 0x0, 0xc2,
    0x0,

    /* U+FE92 "ﺒ" */
    0x18, 0x30, 0x61, 0xcf, 0xfc, 0xc0, 0x0, 0x60,
    0xc0,

    /* U+FE93 "ﺓ" */
    0x64, 0x6e, 0x4, 0x0, 0x10, 0x18, 0x3c, 0x66,
    0xc3, 0xc3, 0xc3, 0xfe, 0x3c,

    /* U+FE94 "ﺔ" */
    0x0, 0xd, 0x81, 0x20, 0x0, 0x0, 0x1, 0x83,
    0xe1, 0xd8, 0xe6, 0x31, 0x8c, 0x63, 0xfc, 0x7b,
    0xc0, 0x70,

    /* U+FE95 "ﺕ" */
    0x2, 0x40, 0x7, 0xe0, 0x2, 0x40, 0xc0, 0x3,
    0xc0, 0x3, 0xc0, 0x3, 0xc0, 0x3, 0xf0, 0x7,
    0x7f, 0xfe, 0x1f, 0xfc,

    /* U+FE96 "ﺖ" */
    0x2, 0x40, 0x1, 0xf8, 0x0, 0x24, 0x3, 0x0,
    0x0, 0xc0, 0x3, 0x30, 0x0, 0xcc, 0x0, 0x33,
    0xc0, 0x1c, 0x7f, 0xfd, 0xc7, 0xfe, 0x30,

    /* U+FE97 "ﺗ" */
    0x43, 0xf4, 0x80, 0x0, 0x30, 0xc3, 0xc, 0x3f,
    0xbe,

    /* U+FE98 "ﺘ" */
    0x0, 0xf8, 0x90, 0x0, 0x0, 0x18, 0x18, 0x18,
    0x3c, 0xff, 0xe7,

    /* U+FE99 "ﺙ" */
    0x1, 0x80, 0x1, 0x80, 0x2, 0x40, 0x7, 0x60,
    0xc2, 0x3, 0xc0, 0x3, 0xc0, 0x3, 0xc0, 0x3,
    0xf0, 0x7, 0x7f, 0xfe, 0x1f, 0xfc,

    /* U+FE9A "ﺚ" */
    0x1, 0x80, 0x0, 0x60, 0x0, 0x24, 0x0, 0x1d,
    0x80, 0xc2, 0x0, 0x30, 0x0, 0xcc, 0x0, 0x33,
    0x0, 0xc, 0xf0, 0x7, 0x1f, 0xff, 0x71, 0xff,
    0x8c,

    /* U+FE9B "ﺛ" */
    0x0, 0xc0, 0x13, 0x4c, 0x0, 0x3, 0xc, 0x30,
    0xc3, 0xfb, 0xe0,

    /* U+FE9C "ﺜ" */
    0x20, 0x60, 0x0, 0xd8, 0x98, 0x0, 0x0, 0x18,
    0x18, 0x18, 0x3c, 0xff, 0xe7,

    /* U+FE9D "ﺝ" */
    0x38, 0xf, 0xc3, 0x9f, 0x0, 0xf0, 0xf8, 0x78,
    0x1c, 0x3, 0x0, 0xc3, 0x18, 0x63, 0x0, 0x60,
    0x7, 0x2, 0xff, 0xc7, 0xf0,

    /* U+FE9E "ﺞ" */
    0x38, 0x3, 0xf0, 0x39, 0xe0, 0x87, 0xc0, 0xfe,
    0xf, 0xc0, 0xe7, 0xc, 0x3f, 0xe0, 0x7e, 0x20,
    0x31, 0x1, 0x88, 0xe, 0x0, 0x38, 0x11, 0xff,
    0x83, 0xf8,

    /* U+FE9F "ﺟ" */
    0x1e, 0x1, 0xfc, 0xc, 0x7c, 0x0, 0x70, 0xf,
    0x3, 0xe3, 0xfc, 0x1f, 0x0, 0x0, 0x0, 0x0,
    0x0, 0xc0, 0x6, 0x0,

    /* U+FEA0 "ﺠ" */
    0x1e, 0x0, 0xfe, 0x3, 0x1f, 0x0, 0xe, 0x0,
    0xf0, 0x1f, 0x8f, 0xe3, 0xfe, 0x7, 0x0, 0x0,
    0x0, 0x0, 0x30, 0x0, 0xc0,

    /* U+FEA1 "ﺡ" */
    0x38, 0xf, 0xc3, 0x9f, 0x0, 0xf0, 0xf8, 0x78,
    0x1c, 0x3, 0x0, 0xc0, 0x18, 0x3, 0x0, 0x60,
    0x7, 0x2, 0xff, 0xc7, 0xf0,

    /* U+FEA2 "ﺢ" */
    0x38, 0x3, 0xf0, 0x39, 0xe0, 0x87, 0xc0, 0xfe,
    0xf, 0xc0, 0xe7, 0xc, 0x3f, 0xe0, 0x7e, 0x0,
    0x30, 0x1, 0x80, 0xe, 0x0, 0x38, 0x11, 0xff,
    0x83, 0xf8,

    /* U+FEA3 "ﺣ" */
    0x1e, 0x1, 0xfc, 0xc, 0x7c, 0x0, 0x70, 0xf,
    0x3, 0xe3, 0xfc, 0x1f, 0x0,

    /* U+FEA4 "ﺤ" */
    0x1e, 0x0, 0xfe, 0x3, 0x1f, 0x0, 0xe, 0x0,
    0xf0, 0x1f, 0x8f, 0xe3, 0xfe, 0x7,

    /* U+FEA5 "ﺥ" */
    0xc, 0x1, 0x80, 0x0, 0x0, 0x3, 0x80, 0xfc,
    0x39, 0xf0, 0xf, 0xf, 0x87, 0x81, 0xc0, 0x30,
    0xc, 0x1, 0x80, 0x30, 0x6, 0x0, 0x70, 0x2f,
    0xfc, 0x7f, 0x0,

    /* U+FEA6 "ﺦ" */
    0x8, 0x0, 0x40, 0x0, 0x0, 0x0, 0x3, 0x80,
    0x3f, 0x3, 0x9e, 0x8, 0x7c, 0xf, 0xe0, 0xfc,
    0xe, 0x70, 0xc3, 0xfe, 0x7, 0xe0, 0x3, 0x0,
    0x18, 0x0, 0xe0, 0x3, 0x81, 0x1f, 0xf8, 0x3f,
    0x80,

    /* U+FEA7 "ﺧ" */
    0x6, 0x0, 0x30, 0x0, 0x0, 0x0, 0x1, 0xe0,
    0x1f, 0xc0, 0xc7, 0xc0, 0x7, 0x0, 0xf0, 0x3e,
    0x3f, 0xc1, 0xf0, 0x0,

    /* U+FEA8 "ﺨ" */
    0x6, 0x0, 0x18, 0x0, 0x0, 0x0, 0x0, 0x1e,
    0x0, 0xfe, 0x3, 0x1f, 0x0, 0xe, 0x0, 0xf0,
    0x1f, 0x8f, 0xe3, 0xfe, 0x7,

    /* U+FEA9 "ﺩ" */
    0x0, 0x38, 0x1c, 0xe, 0x7, 0x3, 0x3, 0x7,
    0xfe, 0xfc,

    /* U+FEAA "ﺪ" */
    0x8, 0x3, 0x0, 0xc0, 0x18, 0x6, 0x0, 0x80,
    0x30, 0x1e, 0xfd, 0xfe, 0x30,

    /* U+FEAB "ﺫ" */
    0x20, 0x70, 0x20, 0x0, 0x0, 0x38, 0x1c, 0xe,
    0x7, 0x3, 0x3, 0x7, 0xfe, 0xfc,

    /* U+FEAC "ﺬ" */
    0x18, 0x6, 0x0, 0x0, 0x0, 0x8, 0x3, 0x0,
    0xc0, 0x18, 0x6, 0x0, 0x80, 0x30, 0x1e, 0xfd,
    0xfe, 0x30,

    /* U+FEAD "ﺭ" */
    0x18, 0x30, 0xc3, 0xc, 0x31, 0x8e, 0xf3, 0x80,

    /* U+FEAE "ﺮ" */
    0x0, 0x18, 0xc, 0xc, 0xf, 0xf, 0xc, 0x18,
    0x38, 0xf0, 0xe0,

    /* U+FEAF "ﺯ" */
    0x18, 0x60, 0x0, 0x0, 0x60, 0xc3, 0xc, 0x30,
    0xc6, 0x3b, 0xce, 0x0,

    /* U+FEB0 "ﺰ" */
    0x18, 0x18, 0x0, 0x0, 0x0, 0x18, 0xc, 0xc,
    0xf, 0xf, 0xc, 0x18, 0x38, 0xf0, 0xe0,

    /* U+FEB1 "ﺱ" */
    0x0, 0x0, 0xc, 0x0, 0x6, 0x36, 0x6, 0x18,
    0xf0, 0xc, 0x63, 0xc0, 0x31, 0x8f, 0x0, 0xff,
    0xec, 0x3, 0xe7, 0x30, 0xc, 0x0, 0xe0, 0x70,
    0x1, 0xc3, 0x80, 0x3, 0xfc, 0x0, 0x7, 0xe0,
    0x0,

    /* U+FEB2 "ﺲ" */
    0x0, 0x1, 0x8c, 0x60, 0x61, 0x8c, 0xc0, 0x31,
    0x8c, 0xc0, 0x31, 0x8c, 0xc0, 0x3f, 0xff, 0xc0,
    0x3e, 0x73, 0xc0, 0x30, 0x0, 0xe0, 0x70, 0x0,
    0x70, 0xe0, 0x0, 0x3f, 0xc0, 0x0, 0x1f, 0x80,
    0x0,

    /* U+FEB3 "ﺳ" */
    0x0, 0x3, 0x8, 0x63, 0x8, 0x63, 0xc, 0x63,
    0x1c, 0x63, 0xf7, 0xfe, 0xe7, 0x9e,

    /* U+FEB4 "ﺴ" */
    0x18, 0xc6, 0xc, 0x63, 0x6, 0x31, 0x83, 0x18,
    0xcf, 0xff, 0xff, 0x39, 0xcc,

    /* U+FEB5 "ﺵ" */
    0x0, 0x1, 0x0, 0x0, 0xe, 0x0, 0x0, 0x0,
    0x0, 0x1, 0xb0, 0x0, 0x4, 0x40, 0x0, 0x0,
    0x0, 0x0, 0x0, 0xc0, 0x0, 0x63, 0x60, 0x61,
    0x8f, 0x0, 0xc6, 0x3c, 0x3, 0x18, 0xf0, 0xf,
    0xfe, 0xc0, 0x3e, 0x73, 0x0, 0xc0, 0xe, 0x7,
    0x0, 0x1c, 0x38, 0x0, 0x3f, 0xc0, 0x0, 0x7e,
    0x0, 0x0,

    /* U+FEB6 "ﺶ" */
    0x0, 0x1, 0x0, 0x0, 0x3, 0x80, 0x0, 0x0,
    0x0, 0x0, 0x6, 0xc0, 0x0, 0x4, 0x40, 0x0,
    0x0, 0x0, 0x0, 0x0, 0x0, 0x0, 0x1, 0x8c,
    0x60, 0x61, 0x8c, 0xc0, 0x31, 0x8c, 0xc0, 0x31,
    0x8c, 0xc0, 0x3f, 0xff, 0xc0, 0x3e, 0x73, 0xc0,
    0x30, 0x0, 0xe0, 0x70, 0x0, 0x70, 0xe0, 0x0,
    0x3f, 0xc0, 0x0, 0x1f, 0x80, 0x0,

    /* U+FEB7 "ﺷ" */
    0x0, 0x40, 0x0, 0xe0, 0x0, 0x0, 0x1, 0xb0,
    0x1, 0x10, 0x0, 0x0, 0x0, 0x3, 0x8, 0x63,
    0x8, 0x63, 0xc, 0x63, 0x1c, 0x63, 0xf7, 0xfe,
    0xe7, 0x9e,

    /* U+FEB8 "ﺸ" */
    0x0, 0x80, 0x0, 0xe0, 0x0, 0x0, 0x0, 0x6c,
    0x0, 0x22, 0x0, 0x0, 0x0, 0x0, 0x0, 0x31,
    0x8c, 0x18, 0xc6, 0xc, 0x63, 0x6, 0x31, 0x9f,
    0xff, 0xfe, 0x73, 0x98,

    /* U+FEB9 "ﺹ" */
    0x0, 0x0, 0x78, 0x0, 0x1, 0xf8, 0x0, 0x7,
    0x3a, 0x3, 0x18, 0x3c, 0x7, 0x60, 0x78, 0x6,
    0xc1, 0xf0, 0xf, 0xff, 0x60, 0x1f, 0xf8, 0xc0,
    0x30, 0x1, 0xc0, 0xe0, 0x1, 0xc3, 0x80, 0x1,
    0xfe, 0x0, 0x1, 0xf8, 0x0, 0x0,

    /* U+FEBA "ﺺ" */
    0x0, 0x0, 0x78, 0x0, 0x0, 0x7e, 0x0, 0x0,
    0x73, 0x88, 0xc, 0x60, 0xcc, 0x7, 0x60, 0x66,
    0x1, 0xb0, 0x63, 0x0, 0xff, 0xff, 0x80, 0x7f,
    0xe7, 0xc0, 0x30, 0x0, 0x70, 0x38, 0x0, 0x1c,
    0x38, 0x0, 0x7, 0xf8, 0x0, 0x1, 0xf8, 0x0,
    0x0,

    /* U+FEBB "ﺻ" */
    0x0, 0x1c, 0x0, 0x7e, 0x18, 0xe7, 0x19, 0x83,
    0x19, 0x83, 0x3f, 0x7, 0xff, 0xfe, 0xe7, 0xf8,

    /* U+FEBC "ﺼ" */
    0x0, 0x1c, 0x0, 0x1f, 0x81, 0x8e, 0x70, 0x66,
    0xc, 0x19, 0x83, 0xf, 0xc1, 0x8f, 0xff, 0xff,
    0x9f, 0xe7,

    /* U+FEBD "ﺽ" */
    0x0, 0x0, 0x0, 0x0, 0x0, 0x60, 0x0, 0x0,
    0x80, 0x0, 0x0, 0x0, 0x0, 0x0, 0x0, 0x0,
    0xf, 0x0, 0x0, 0x3f, 0x0, 0x0, 0xe7, 0x40,
    0x63, 0x7, 0x80, 0xec, 0xf, 0x0, 0xd8, 0x3e,
    0x1, 0xff, 0xec, 0x3, 0xff, 0x18, 0x6, 0x0,
    0x38, 0x1c, 0x0, 0x38, 0x70, 0x0, 0x3f, 0xc0,
    0x0, 0x3f, 0x0, 0x0,

    /* U+FEBE "ﺾ" */
    0x0, 0x0, 0x0, 0x0, 0x0, 0x18, 0x0, 0x0,
    0x8, 0x0, 0x0, 0x0, 0x0, 0x0, 0x0, 0x0,
    0x0, 0x3, 0xc0, 0x0, 0x3, 0xf0, 0x0, 0x3,
    0x9c, 0x40, 0x63, 0x6, 0x60, 0x3b, 0x3, 0x30,
    0xd, 0x83, 0x18, 0x7, 0xff, 0xfc, 0x3, 0xff,
    0x3e, 0x1, 0x80, 0x3, 0x81, 0xc0, 0x0, 0xe1,
    0xc0, 0x0, 0x3f, 0xc0, 0x0, 0xf, 0xc0, 0x0,
    0x0,

    /* U+FEBF "ﺿ" */
    0x0, 0x10, 0x0, 0x18, 0x0, 0x10, 0x0, 0x0,
    0x0, 0x0, 0x0, 0x1c, 0x0, 0x7e, 0x18, 0xe7,
    0x19, 0x83, 0x19, 0x83, 0x3f, 0x7, 0xff, 0xfe,
    0xe7, 0xf8,

    /* U+FEC0 "ﻀ" */
    0x0, 0x10, 0x0, 0x6, 0x0, 0x1, 0x0, 0x0,
    0x0, 0x0, 0x0, 0x0, 0x7, 0x0, 0x7, 0xe0,
    0x63, 0x9c, 0x19, 0x83, 0x6, 0x60, 0xc3, 0xf0,
    0x63, 0xff, 0xff, 0xe7, 0xf9, 0xc0,

    /* U+FEC1 "ﻁ" */
    0x18, 0x0, 0xc0, 0x6, 0x0, 0x30, 0x1, 0x80,
    0xc, 0xf0, 0x6f, 0xc3, 0xc7, 0x1c, 0x18, 0xc0,
    0xc6, 0xf, 0xff, 0xef, 0xfc, 0x0,

    /* U+FEC2 "ﻂ" */
    0x18, 0x0, 0x30, 0x0, 0x60, 0x0, 0xc0, 0x1,
    0x80, 0x3, 0x3c, 0x6, 0xfc, 0xf, 0x1c, 0x1c,
    0x18, 0x30, 0x30, 0x60, 0xc7, 0xff, 0xff, 0xf8,
    0xe0,

    /* U+FEC3 "ﻃ" */
    0x18, 0x0, 0xc0, 0x6, 0x0, 0x30, 0x1, 0x80,
    0xc, 0xf0, 0x6f, 0xc3, 0xc7, 0x1c, 0x18, 0xc0,
    0xc6, 0xf, 0xff, 0xef, 0xfc, 0x0,

    /* U+FEC4 "ﻄ" */
    0x30, 0x0, 0xc0, 0x3, 0x0, 0xc, 0x0, 0x30,
    0x0, 0xcf, 0x3, 0x7e, 0xf, 0x1c, 0x38, 0x30,
    0xc0, 0xc3, 0x6, 0x3f, 0xff, 0xff, 0x1c,

    /* U+FEC5 "ﻅ" */
    0x18, 0x0, 0xc6, 0x6, 0x30, 0x30, 0x1, 0x80,
    0xc, 0xf0, 0x6f, 0xc3, 0xc7, 0x1c, 0x18, 0xc0,
    0xc6, 0xf, 0xff, 0xef, 0xfc, 0x0,

    /* U+FEC6 "ﻆ" */
    0x18, 0x0, 0x31, 0x80, 0x63, 0x0, 0xc0, 0x1,
    0x80, 0x3, 0x3c, 0x6, 0xfc, 0xf, 0x1c, 0x1c,
    0x18, 0x30, 0x30, 0x60, 0xc7, 0xff, 0xff, 0xf8,
    0xe0,

    /* U+FEC7 "ﻇ" */
    0x18, 0x0, 0xc6, 0x6, 0x30, 0x30, 0x1, 0x80,
    0xc, 0xf0, 0x6f, 0xc3, 0xc7, 0x1c, 0x18, 0xc0,
    0xc6, 0xf, 0xff, 0xef, 0xfc, 0x0,

    /* U+FEC8 "ﻈ" */
    0x30, 0x0, 0xc6, 0x3, 0x18, 0xc, 0x0, 0x30,
    0x0, 0xcf, 0x3, 0x7e, 0xf, 0x1c, 0x38, 0x30,
    0xc0, 0xc3, 0x6, 0x3f, 0xff, 0xff, 0x1c,

    /* U+FEC9 "ﻉ" */
    0xf, 0x3, 0xf0, 0xe2, 0x18, 0x3, 0x0, 0x70,
    0x7, 0xf1, 0xfe, 0x78, 0xc, 0x3, 0x0, 0x60,
    0xc, 0x1, 0x80, 0x1c, 0x13, 0xfe, 0x1f, 0x80,

    /* U+FECA "ﻊ" */
    0x3f, 0x8f, 0xf9, 0x83, 0x18, 0xc1, 0xb0, 0x1e,
    0x7, 0x81, 0xdf, 0x60, 0xf8, 0x3, 0x0, 0x60,
    0xc, 0x0, 0xe0, 0x9f, 0xf0, 0xfc,

    /* U+FECB "ﻋ" */
    0xf, 0x7, 0xe3, 0x88, 0xc0, 0x30, 0xc, 0x1,
    0xbf, 0xff, 0xfc, 0x0,

    /* U+FECC "ﻌ" */
    0x1f, 0xc3, 0xfe, 0x30, 0x61, 0x8c, 0xd, 0x80,
    0x70, 0xff, 0xff, 0x8f,

    /* U+FECD "ﻍ" */
    0x6, 0x0, 0xc0, 0x0, 0x0, 0x0, 0xf0, 0x3f,
    0xe, 0x21, 0x80, 0x30, 0x7, 0x0, 0x7f, 0x1f,
    0xe7, 0x80, 0xc0, 0x30, 0x6, 0x0, 0xc0, 0x18,
    0x1, 0xc1, 0x3f, 0xe1, 0xf8,

    /* U+FECE "ﻎ" */
    0x0, 0x1, 0x80, 0x10, 0x0, 0x0, 0x0, 0x7f,
    0x1f, 0xf3, 0x6, 0x31, 0x83, 0x60, 0x3c, 0xf,
    0x3, 0xbe, 0xc1, 0xf0, 0x6, 0x0, 0xc0, 0x18,
    0x1, 0xc1, 0x3f, 0xe1, 0xf8,

    /* U+FECF "ﻏ" */
    0x0, 0x1, 0x80, 0x60, 0x0, 0x0, 0x3, 0xc1,
    0xf8, 0xe2, 0x30, 0xc, 0x3, 0x0, 0x6f, 0xff,
    0xff, 0x0,

    /* U+FED0 "ﻐ" */
    0x2, 0x0, 0x70, 0x2, 0x0, 0x0, 0x0, 0x1,
    0xfc, 0x3f, 0xe3, 0x6, 0x18, 0xc0, 0xd8, 0x7,
    0xf, 0xff, 0xf8, 0xf0,

    /* U+FED1 "ﻑ" */
    0x0, 0x18, 0x0, 0x10, 0x0, 0x0, 0x0, 0x0,
    0x0, 0x3c, 0x0, 0x7e, 0x0, 0xe6, 0x0, 0xc3,
    0xc0, 0xc3, 0xc0, 0xff, 0xc0, 0x7f, 0xe0, 0x3,
    0x7f, 0xfe, 0x1f, 0xfc,

    /* U+FED2 "ﻒ" */
    0x0, 0xc, 0x0, 0x3, 0x0, 0x0, 0x0, 0x0,
    0x0, 0x0, 0x1e, 0x0, 0xf, 0xcc, 0x7, 0x3b,
    0x1, 0x86, 0xc0, 0x61, 0xb8, 0xf, 0xc7, 0xff,
    0xfc, 0x7f, 0xcf,

    /* U+FED3 "ﻓ" */
    0xc, 0x6, 0x0, 0x0, 0x0, 0xe0, 0xf8, 0xcc,
    0x63, 0x31, 0x9f, 0xc7, 0xe0, 0x3f, 0xf7, 0xf8,

    /* U+FED4 "ﻔ" */
    0x4, 0x1, 0x0, 0x0, 0x0, 0xe, 0x7, 0xc3,
    0xb8, 0xc6, 0x31, 0x86, 0xcf, 0xff, 0xef,

    /* U+FED5 "ﻕ" */
    0x2, 0x40, 0x36, 0x0, 0x40, 0x0, 0x1, 0xc0,
    0x3e, 0x46, 0x6c, 0x63, 0xc6, 0x3c, 0x7f, 0xc3,
    0xfc, 0x3, 0xe0, 0x37, 0xe, 0x7f, 0xc1, 0xf8,

    /* U+FED6 "ﻖ" */
    0x2, 0x40, 0x1b, 0x0, 0x10, 0x0, 0x0, 0x1c,
    0x1, 0xf0, 0x19, 0xc8, 0xc6, 0xc6, 0x36, 0x3f,
    0xf0, 0xff, 0x80, 0x6e, 0x3, 0x38, 0x71, 0xff,
    0x83, 0xf0,

    /* U+FED7 "ﻗ" */
    0x12, 0x1d, 0x80, 0x0, 0x0, 0xe0, 0xf8, 0xcc,
    0x63, 0x31, 0x9f, 0xc7, 0xe0, 0x3f, 0xf7, 0xf8,

    /* U+FED8 "ﻘ" */
    0x1b, 0x6, 0xc0, 0x0, 0x0, 0xe, 0x7, 0xc3,
    0xb8, 0xc6, 0x31, 0x86, 0xcf, 0xff, 0xef,

    /* U+FED9 "ﻙ" */
    0x0, 0x6, 0x0, 0xc, 0x0, 0x18, 0xc, 0x30,
    0x30, 0x60, 0x70, 0xf0, 0x11, 0xe1, 0xc3, 0xc0,
    0x7, 0x80, 0xf, 0x80, 0x3b, 0xff, 0xe1, 0xff,
    0x80,

    /* U+FEDA "ﻚ" */
    0x0, 0x6, 0x0, 0x1, 0x80, 0x0, 0x60, 0x6,
    0x18, 0x3, 0x6, 0x0, 0xe1, 0x8c, 0x4, 0x63,
    0xe, 0x18, 0xc0, 0x6, 0x30, 0x1, 0x8e, 0x0,
    0xf1, 0xff, 0xff, 0x1f, 0xf1, 0xc0,

    /* U+FEDB "ﻛ" */
    0x1, 0x83, 0xc7, 0x8f, 0x6, 0x3, 0x80, 0x70,
    0x1c, 0x6, 0x1, 0x80, 0xc0, 0xef, 0xe7, 0xe0,

    /* U+FEDC "ﻜ" */
    0x0, 0x80, 0xf0, 0x78, 0x3c, 0x6, 0x0, 0xe0,
    0x7, 0x0, 0x70, 0x6, 0x0, 0x60, 0xc, 0x1,
    0xcf, 0xef, 0xf8, 0xc0,

    /* U+FEDD "ﻝ" */
    0x0, 0x60, 0xc, 0x1, 0x80, 0x30, 0x6, 0x0,
    0xc0, 0x18, 0x3, 0x0, 0x6c, 0xf, 0x1, 0xe0,
    0x3c, 0x7, 0x80, 0xf0, 0x3b, 0x6, 0x7f, 0xc3,
    0xe0,

    /* U+FEDE "ﻞ" */
    0x0, 0x60, 0x3, 0x0, 0x18, 0x0, 0xc0, 0x6,
    0x0, 0x30, 0x1, 0x80, 0xc, 0x0, 0x63, 0x3,
    0x30, 0x19, 0x80, 0xfc, 0x7, 0xe0, 0x33, 0x3,
    0x8c, 0x18, 0x7f, 0xc0, 0xf8, 0x0,

    /* U+FEDF "ﻟ" */
    0x18, 0xc6, 0x31, 0x8c, 0x63, 0x18, 0xcf, 0xee,
    0x0,

    /* U+FEE0 "ﻠ" */
    0x18, 0x30, 0x60, 0xc1, 0x83, 0x6, 0xc, 0x18,
    0x30, 0xf7, 0xfe, 0x60,

    /* U+FEE1 "ﻡ" */
    0x7, 0x3, 0xe1, 0x9c, 0x63, 0x78, 0xff, 0xfc,
    0x7b, 0x0, 0xc0, 0x30, 0xc, 0x3, 0x0, 0xc0,
    0x0,

    /* U+FEE2 "ﻢ" */
    0x7, 0x0, 0xf8, 0x18, 0xc1, 0x8c, 0x78, 0xef,
    0xff, 0xc7, 0xbc, 0x0, 0xc0, 0xc, 0x0, 0xc0,
    0xc, 0x0, 0xc0, 0x0,

    /* U+FEE3 "ﻣ" */
    0x7, 0x3, 0xe1, 0x9c, 0xc3, 0x38, 0xfb, 0xfc,
    0x78,

    /* U+FEE4 "ﻤ" */
    0x7, 0x0, 0xf8, 0x19, 0xc3, 0xc, 0x38, 0xee,
    0xff, 0xc7, 0x30,

    /* U+FEE5 "ﻥ" */
    0x4, 0x0, 0x60, 0x4, 0x6, 0x6, 0xc0, 0x3c,
    0x3, 0xc0, 0x3c, 0x3, 0xc0, 0x3e, 0x7, 0x70,
    0xe3, 0xfc, 0x1f, 0x80,

    /* U+FEE6 "ﻦ" */
    0x0, 0x0, 0x18, 0x0, 0x40, 0x18, 0x18, 0xc0,
    0x23, 0x0, 0xcc, 0x3, 0xf0, 0xf, 0xc0, 0x33,
    0x81, 0xc7, 0xe, 0xf, 0xf0, 0x1f, 0x80,

    /* U+FEE7 "ﻧ" */
    0x23, 0x88, 0x0, 0xc, 0x63, 0x18, 0xfd, 0xe0,

    /* U+FEE8 "ﻨ" */
    0x10, 0x70, 0x40, 0x0, 0x3, 0x6, 0xc, 0x39,
    0xff, 0x98,

    /* U+FEE9 "ﻩ" */
    0x10, 0x18, 0x3c, 0x66, 0xc3, 0xc3, 0xc3, 0xfe,
    0x3c,

    /* U+FEEA "ﻪ" */
    0x6, 0xf, 0x87, 0x63, 0x98, 0xc6, 0x31, 0x8f,
    0xf1, 0xef, 0x1, 0xc0,

    /* U+FEEB "ﻫ" */
    0x2, 0x0, 0x18, 0x3, 0xf0, 0x7f, 0xc3, 0x1b,
    0x18, 0xcc, 0xc6, 0x63, 0xe3, 0xff, 0xf7, 0x9f,
    0x0,

    /* U+FEEC "ﻬ" */
    0xe, 0x3, 0xe0, 0x6c, 0x19, 0x83, 0x30, 0x6c,
    0x3f, 0xbf, 0xef, 0x33, 0x83, 0x60, 0x6c, 0x7,
    0x80, 0x60,

    /* U+FEED "ﻭ" */
    0x38, 0xfb, 0x36, 0x3c, 0x7f, 0xdf, 0x83, 0xc,
    0x39, 0xe3, 0x0,

    /* U+FEEE "ﻮ" */
    0x38, 0x7c, 0xce, 0xc6, 0xc6, 0xff, 0x7f, 0x6,
    0xc, 0x1c, 0x78, 0x60,

    /* U+FEEF "ﻯ" */
    0x1, 0xf0, 0x3f, 0x7, 0x4, 0x60, 0xc6, 0xc,
    0x7e, 0xc3, 0xfc, 0x3, 0xc0, 0x36, 0xe, 0x7f,
    0xe1, 0xf8,

    /* U+FEF0 "ﻰ" */
    0xc0, 0xc, 0x0, 0xc3, 0xfc, 0x3f, 0xc0, 0x3e,
    0x3, 0x70, 0xf7, 0xfe, 0x1f, 0x80,

    /* U+FEF1 "ﻱ" */
    0x1, 0xf0, 0x3f, 0x7, 0x4, 0x60, 0xc6, 0xc,
    0x7e, 0xc3, 0xfc, 0x3, 0xc0, 0x36, 0xe, 0x7f,
    0xe1, 0xf8, 0x0, 0x0, 0x0, 0x1b, 0x0, 0x90,

    /* U+FEF2 "ﻲ" */
    0xc0, 0xc, 0x0, 0xc3, 0xfc, 0x3f, 0xc0, 0x3e,
    0x3, 0x70, 0xf7, 0xfe, 0x1f, 0x80, 0x0, 0x9,
    0x1, 0xf8, 0x9, 0x0,

    /* U+FEF3 "ﻳ" */
    0x6, 0xc, 0x18, 0x30, 0x6f, 0x9e, 0x0, 0x1,
    0x99, 0x30,

    /* U+FEF4 "ﻴ" */
    0x6, 0x3, 0x1, 0x81, 0xc7, 0xfb, 0xcc, 0x0,
    0x0, 0xcc, 0x26, 0x0,

    /* U+FEF5 "ﻵ" */
    0x64, 0x26, 0x8, 0x0, 0x83, 0x60, 0xc8, 0x33,
    0xc, 0xc3, 0x10, 0xc6, 0x31, 0x8c, 0x23, 0x8,
    0xc2, 0x67, 0xf1, 0xf0,

    /* U+FEF6 "ﻶ" */
    0x64, 0x9, 0x80, 0x80, 0x2, 0xc, 0x60, 0xc2,
    0xc, 0x30, 0xc3, 0xc, 0x10, 0xc1, 0xc, 0x18,
    0xc0, 0x8c, 0x8, 0xc0, 0x9e, 0x7f, 0x77, 0xc3,

    /* U+FEF7 "ﻷ" */
    0x60, 0x20, 0x8, 0x3, 0xc0, 0xc0, 0x8, 0x36,
    0xc, 0x83, 0x30, 0xcc, 0x31, 0xc, 0x63, 0x18,
    0xc2, 0x30, 0x8c, 0x26, 0x7f, 0x1f, 0x80,

    /* U+FEF8 "ﻸ" */
    0x60, 0x8, 0x0, 0x80, 0xf, 0x0, 0xc0, 0x2,
    0xc, 0x60, 0xc2, 0xc, 0x30, 0xc3, 0xc, 0x10,
    0xc1, 0xc, 0x18, 0xc0, 0x8c, 0x8, 0xc0, 0x9e,
    0x7f, 0x77, 0xc3,

    /* U+FEF9 "ﻹ" */
    0x1, 0xa0, 0xd8, 0x64, 0x32, 0x19, 0xc, 0x46,
    0x23, 0x11, 0x88, 0xc6, 0xdf, 0xcf, 0xc0, 0x0,
    0xc0, 0x80, 0x40, 0x38, 0x0, 0x0,

    /* U+FEFA "ﻺ" */
    0x1, 0x98, 0x31, 0x86, 0x30, 0xc6, 0x18, 0x43,
    0xc, 0x61, 0x8c, 0x11, 0x82, 0x30, 0x6f, 0x7f,
    0x7f, 0x86, 0x0, 0xc, 0x2, 0x0, 0x40, 0xe,
    0x0, 0x0, 0x0,

    /* U+FEFB "ﻻ" */
    0x41, 0xe0, 0xd0, 0x6c, 0x36, 0x19, 0xc, 0xc6,
    0x63, 0x11, 0x88, 0xc4, 0xdf, 0xcf, 0x80,

    /* U+FEFC "ﻼ" */
    0x41, 0x98, 0x31, 0x6, 0x30, 0xc6, 0x18, 0x43,
    0x8, 0x61, 0x8c, 0x11, 0x82, 0x30, 0x4f, 0x7f,
    0x7f, 0x86,

    /* U+FEFF "﻿" */
    0x0,

    /* U+FFFC "￼" */
    0xee, 0xec, 0xf0, 0x0, 0x6, 0x0, 0x0, 0x80,
    0x0, 0x8, 0x0, 0x3, 0x0, 0x0, 0x43, 0x38,
    0x40, 0x94, 0x88, 0x92, 0x91, 0x32, 0x5e, 0x24,
    0x7a, 0x54, 0x40, 0x31, 0x18, 0x0, 0x2, 0x0,
    0x0, 0x0, 0x0, 0x4, 0x0, 0x1, 0x80, 0x0,
    0x3d, 0xdd, 0x9c,

    /* U+FFFD "�" */
    0x0, 0x0, 0x0, 0x0, 0x0, 0x0, 0x0, 0x0,
    0x0, 0x0, 0x0, 0x0, 0x0, 0x0, 0xc, 0x0,
    0x7, 0x80, 0x3, 0xf0, 0x1, 0xfe, 0x0, 0xff,
    0xc0, 0x70, 0x78, 0x3c, 0xcf, 0x1f, 0xf3, 0xef,
    0xf8, 0xff, 0xfc, 0x7e, 0x7f, 0x3f, 0xf, 0xff,
    0xc1, 0xf3, 0xe0, 0x3c, 0xf0, 0x7, 0xf8, 0x0,
    0xfc, 0x0, 0x1e, 0x0, 0x3, 0x0, 0x0, 0x0,
    0x0, 0x0, 0x0
};


/*---------------------
 *  GLYPH DESCRIPTION
 *--------------------*/

static const lv_font_fmt_txt_glyph_dsc_t glyph_dsc[] = {
    {.bitmap_index = 0, .adv_w = 0, .box_w = 0, .box_h = 0, .ofs_x = 0, .ofs_y = 0} /* id = 0 reserved */,
    {.bitmap_index = 0, .adv_w = 86, .box_w = 1, .box_h = 1, .ofs_x = 0, .ofs_y = 0},
    {.bitmap_index = 1, .adv_w = 87, .box_w = 2, .box_h = 14, .ofs_x = 1, .ofs_y = 0},
    {.bitmap_index = 5, .adv_w = 103, .box_w = 4, .box_h = 5, .ofs_x = 1, .ofs_y = 10},
    {.bitmap_index = 8, .adv_w = 197, .box_w = 11, .box_h = 15, .ofs_x = 1, .ofs_y = 0},
    {.bitmap_index = 29, .adv_w = 180, .box_w = 9, .box_h = 19, .ofs_x = 1, .ofs_y = -2},
    {.bitmap_index = 51, .adv_w = 234, .box_w = 13, .box_h = 15, .ofs_x = 1, .ofs_y = 0},
    {.bitmap_index = 76, .adv_w = 199, .box_w = 12, .box_h = 15, .ofs_x = 1, .ofs_y = 0},
    {.bitmap_index = 99, .adv_w = 56, .box_w = 2, .box_h = 5, .ofs_x = 1, .ofs_y = 10},
    {.bitmap_index = 101, .adv_w = 109, .box_w = 5, .box_h = 21, .ofs_x = 1, .ofs_y = -5},
    {.bitmap_index = 115, .adv_w = 109, .box_w = 5, .box_h = 21, .ofs_x = 1, .ofs_y = -5},
    {.bitmap_index = 129, .adv_w = 138, .box_w = 8, .box_h = 8, .ofs_x = 1, .ofs_y = 7},
    {.bitmap_index = 137, .adv_w = 172, .box_w = 8, .box_h = 8, .ofs_x = 1, .ofs_y = 1},
    {.bitmap_index = 145, .adv_w = 63, .box_w = 3, .box_h = 5, .ofs_x = 0, .ofs_y = -3},
    {.bitmap_index = 147, .adv_w = 149, .box_w = 7, .box_h = 1, .ofs_x = 1, .ofs_y = 5},
    {.bitmap_index = 148, .adv_w = 87, .box_w = 2, .box_h = 1, .ofs_x = 1, .ofs_y = 0},
    {.bitmap_index = 149, .adv_w = 132, .box_w = 8, .box_h = 16, .ofs_x = 0, .ofs_y = -1},
    {.bitmap_index = 165, .adv_w = 180, .box_w = 9, .box_h = 15, .ofs_x = 1, .ofs_y = 0},
    {.bitmap_index = 182, .adv_w = 180, .box_w = 6, .box_h = 15, .ofs_x = 1, .ofs_y = 0},
    {.bitmap_index = 194, .adv_w = 180, .box_w = 9, .box_h = 15, .ofs_x = 1, .ofs_y = 0},
    {.bitmap_index = 211, .adv_w = 180, .box_w = 9, .box_h = 15, .ofs_x = 1, .ofs_y = 0},
    {.bitmap_index = 228, .adv_w = 180, .box_w = 10, .box_h = 15, .ofs_x = 1, .ofs_y = 0},
    {.bitmap_index = 247, .adv_w = 180, .box_w = 9, .box_h = 15, .ofs_x = 2, .ofs_y = 0},
    {.bitmap_index = 264, .adv_w = 180, .box_w = 9, .box_h = 15, .ofs_x = 1, .ofs_y = 0},
    {.bitmap_index = 281, .adv_w = 180, .box_w = 10, .box_h = 15, .ofs_x = 1, .ofs_y = 0},
    {.bitmap_index = 300, .adv_w = 180, .box_w = 9, .box_h = 15, .ofs_x = 1, .ofs_y = 0},
    {.bitmap_index = 317, .adv_w = 180, .box_w = 9, .box_h = 15, .ofs_x = 1, .ofs_y = 0},
    {.bitmap_index = 334, .adv_w = 87, .box_w = 2, .box_h = 8, .ofs_x = 1, .ofs_y = 0},
    {.bitmap_index = 336, .adv_w = 68, .box_w = 3, .box_h = 13, .ofs_x = 0, .ofs_y = -2},
    {.bitmap_index = 341, .adv_w = 163, .box_w = 8, .box_h = 9, .ofs_x = 1, .ofs_y = 2},
    {.bitmap_index = 350, .adv_w = 176, .box_w = 8, .box_h = 5, .ofs_x = 1, .ofs_y = 3},
    {.bitmap_index = 355, .adv_w = 167, .box_w = 9, .box_h = 9, .ofs_x = 1, .ofs_y = 2},
    {.bitmap_index = 366, .adv_w = 151, .box_w = 8, .box_h = 15, .ofs_x = 1, .ofs_y = 0},
    {.bitmap_index = 381, .adv_w = 287, .box_w = 16, .box_h = 19, .ofs_x = 1, .ofs_y = -4},
    {.bitmap_index = 419, .adv_w = 209, .box_w = 13, .box_h = 15, .ofs_x = 0, .ofs_y = 0},
    {.bitmap_index = 444, .adv_w = 199, .box_w = 10, .box_h = 15, .ofs_x = 2, .ofs_y = 0},
    {.bitmap_index = 463, .adv_w = 208, .box_w = 11, .box_h = 15, .ofs_x = 1, .ofs_y = 0},
    {.bitmap_index = 484, .adv_w = 210, .box_w = 10, .box_h = 15, .ofs_x = 2, .ofs_y = 0},
    {.bitmap_index = 503, .adv_w = 182, .box_w = 9, .box_h = 15, .ofs_x = 2, .ofs_y = 0},
    {.bitmap_index = 520, .adv_w = 177, .box_w = 9, .box_h = 15, .ofs_x = 2, .ofs_y = 0},
    {.bitmap_index = 537, .adv_w = 218, .box_w = 11, .box_h = 15, .ofs_x = 1, .ofs_y = 0},
    {.bitmap_index = 558, .adv_w = 228, .box_w = 11, .box_h = 15, .ofs_x = 2, .ofs_y = 0},
    {.bitmap_index = 579, .adv_w = 87, .box_w = 2, .box_h = 15, .ofs_x = 2, .ofs_y = 0},
    {.bitmap_index = 583, .adv_w = 177, .box_w = 9, .box_h = 15, .ofs_x = 1, .ofs_y = 0},
    {.bitmap_index = 600, .adv_w = 201, .box_w = 11, .box_h = 15, .ofs_x = 2, .ofs_y = 0},
    {.bitmap_index = 621, .adv_w = 172, .box_w = 9, .box_h = 15, .ofs_x = 2, .ofs_y = 0},
    {.bitmap_index = 638, .adv_w = 279, .box_w = 14, .box_h = 15, .ofs_x = 2, .ofs_y = 0},
    {.bitmap_index = 665, .adv_w = 228, .box_w = 11, .box_h = 15, .ofs_x = 2, .ofs_y = 0},
    {.bitmap_index = 686, .adv_w = 220, .box_w = 11, .box_h = 15, .ofs_x = 1, .ofs_y = 0},
    {.bitmap_index = 707, .adv_w = 202, .box_w = 10, .box_h = 15, .ofs_x = 2, .ofs_y = 0},
    {.bitmap_index = 726, .adv_w = 220, .box_w = 11, .box_h = 17, .ofs_x = 1, .ofs_y = -2},
    {.bitmap_index = 750, .adv_w = 197, .box_w = 11, .box_h = 15, .ofs_x = 2, .ofs_y = 0},
    {.bitmap_index = 771, .adv_w = 190, .box_w = 10, .box_h = 15, .ofs_x = 1, .ofs_y = 0},
    {.bitmap_index = 790, .adv_w = 191, .box_w = 11, .box_h = 15, .ofs_x = 1, .ofs_y = 0},
    {.bitmap_index = 811, .adv_w = 208, .box_w = 10, .box_h = 15, .ofs_x = 1, .ofs_y = 0},
    {.bitmap_index = 830, .adv_w = 204, .box_w = 12, .box_h = 15, .ofs_x = 0, .ofs_y = 0},
    {.bitmap_index = 853, .adv_w = 284, .box_w = 16, .box_h = 15, .ofs_x = 1, .ofs_y = 0},
    {.bitmap_index = 883, .adv_w = 201, .box_w = 11, .box_h = 15, .ofs_x = 1, .ofs_y = 0},
    {.bitmap_index = 904, .adv_w = 192, .box_w = 12, .box_h = 15, .ofs_x = 0, .ofs_y = 0},
    {.bitmap_index = 927, .adv_w = 192, .box_w = 10, .box_h = 15, .ofs_x = 1, .ofs_y = 0},
    {.bitmap_index = 946, .adv_w = 85, .box_w = 4, .box_h = 19, .ofs_x = 2, .ofs_y = -3},
    {.bitmap_index = 956, .adv_w = 131, .box_w = 8, .box_h = 16, .ofs_x = 0, .ofs_y = -1},
    {.bitmap_index = 972, .adv_w = 85, .box_w = 4, .box_h = 19, .ofs_x = 1, .ofs_y = -3},
    {.bitmap_index = 982, .adv_w = 134, .box_w = 7, .box_h = 8, .ofs_x = 1, .ofs_y = 7},
    {.bitmap_index = 989, .adv_w = 144, .box_w = 9, .box_h = 1, .ofs_x = 1, .ofs_y = -1},
    {.bitmap_index = 991, .adv_w = 99, .box_w = 4, .box_h = 3, .ofs_x = 1, .ofs_y = 12},
    {.bitmap_index = 993, .adv_w = 174, .box_w = 8, .box_h = 11, .ofs_x = 1, .ofs_y = 0},
    {.bitmap_index = 1004, .adv_w = 180, .box_w = 9, .box_h = 15, .ofs_x = 1, .ofs_y = 0},
    {.bitmap_index = 1021, .adv_w = 168, .box_w = 9, .box_h = 11, .ofs_x = 1, .ofs_y = 0},
    {.bitmap_index = 1034, .adv_w = 180, .box_w = 9, .box_h = 15, .ofs_x = 1, .ofs_y = 0},
    {.bitmap_index = 1051, .adv_w = 170, .box_w = 9, .box_h = 11, .ofs_x = 1, .ofs_y = 0},
    {.bitmap_index = 1064, .adv_w = 111, .box_w = 7, .box_h = 15, .ofs_x = 1, .ofs_y = 0},
    {.bitmap_index = 1078, .adv_w = 180, .box_w = 9, .box_h = 15, .ofs_x = 1, .ofs_y = -4},
    {.bitmap_index = 1095, .adv_w = 176, .box_w = 8, .box_h = 15, .ofs_x = 1, .ofs_y = 0},
    {.bitmap_index = 1110, .adv_w = 78, .box_w = 2, .box_h = 15, .ofs_x = 1, .ofs_y = 0},
    {.bitmap_index = 1114, .adv_w = 77, .box_w = 4, .box_h = 19, .ofs_x = -1, .ofs_y = -4},
    {.bitmap_index = 1124, .adv_w = 162, .box_w = 9, .box_h = 15, .ofs_x = 1, .ofs_y = 0},
    {.bitmap_index = 1141, .adv_w = 78, .box_w = 2, .box_h = 15, .ofs_x = 2, .ofs_y = 0},
    {.bitmap_index = 1145, .adv_w = 281, .box_w = 14, .box_h = 11, .ofs_x = 1, .ofs_y = 0},
    {.bitmap_index = 1165, .adv_w = 177, .box_w = 8, .box_h = 11, .ofs_x = 1, .ofs_y = 0},
    {.bitmap_index = 1176, .adv_w = 183, .box_w = 10, .box_h = 11, .ofs_x = 1, .ofs_y = 0},
    {.bitmap_index = 1190, .adv_w = 180, .box_w = 9, .box_h = 15, .ofs_x = 1, .ofs_y = -4},
    {.bitmap_index = 1207, .adv_w = 182, .box_w = 9, .box_h = 15, .ofs_x = 1, .ofs_y = -4},
    {.bitmap_index = 1224, .adv_w = 108, .box_w = 5, .box_h = 11, .ofs_x = 1, .ofs_y = 0},
    {.bitmap_index = 1231, .adv_w = 165, .box_w = 8, .box_h = 11, .ofs_x = 1, .ofs_y = 0},
    {.bitmap_index = 1242, .adv_w = 105, .box_w = 6, .box_h = 14, .ofs_x = 1, .ofs_y = 0},
    {.bitmap_index = 1253, .adv_w = 176, .box_w = 8, .box_h = 11, .ofs_x = 1, .ofs_y = 0},
    {.bitmap_index = 1264, .adv_w = 155, .box_w = 9, .box_h = 11, .ofs_x = 0, .ofs_y = 0},
    {.bitmap_index = 1277, .adv_w = 240, .box_w = 15, .box_h = 11, .ofs_x = 0, .ofs_y = 0},
    {.bitmap_index = 1298, .adv_w = 159, .box_w = 9, .box_h = 11, .ofs_x = 0, .ofs_y = 0},
    {.bitmap_index = 1311, .adv_w = 151, .box_w = 9, .box_h = 15, .ofs_x = 0, .ofs_y = -4},
    {.bitmap_index = 1328, .adv_w = 159, .box_w = 8, .box_h = 11, .ofs_x = 1, .ofs_y = 0},
    {.bitmap_index = 1339, .adv_w = 108, .box_w = 6, .box_h = 19, .ofs_x = 1, .ofs_y = -3},
    {.bitmap_index = 1354, .adv_w = 78, .box_w = 2, .box_h = 17, .ofs_x = 2, .ofs_y = -2},
    {.bitmap_index = 1359, .adv_w = 108, .box_w = 6, .box_h = 19, .ofs_x = 0, .ofs_y = -3},
    {.bitmap_index = 1374, .adv_w = 218, .box_w = 11, .box_h = 4, .ofs_x = 1, .ofs_y = 4},
    {.bitmap_index = 1380, .adv_w = 86, .box_w = 1, .box_h = 1, .ofs_x = 0, .ofs_y = 0},
    {.bitmap_index = 1381, .adv_w = 78, .box_w = 2, .box_h = 13, .ofs_x = 1, .ofs_y = -2},
    {.bitmap_index = 1385, .adv_w = 175, .box_w = 9, .box_h = 15, .ofs_x = 1, .ofs_y = -2},
    {.bitmap_index = 1402, .adv_w = 186, .box_w = 10, .box_h = 15, .ofs_x = 1, .ofs_y = 0},
    {.bitmap_index = 1421, .adv_w = 228, .box_w = 12, .box_h = 12, .ofs_x = 1, .ofs_y = 0},
    {.bitmap_index = 1439, .adv_w = 168, .box_w = 10, .box_h = 15, .ofs_x = 0, .ofs_y = 0},
    {.bitmap_index = 1458, .adv_w = 77, .box_w = 2, .box_h = 17, .ofs_x = 1, .ofs_y = -2},
    {.bitmap_index = 1463, .adv_w = 196, .box_w = 10, .box_h = 19, .ofs_x = 1, .ofs_y = -4},
    {.bitmap_index = 1487, .adv_w = 134, .box_w = 6, .box_h = 1, .ofs_x = 1, .ofs_y = 13},
    {.bitmap_index = 1488, .adv_w = 251, .box_w = 14, .box_h = 15, .ofs_x = 1, .ofs_y = 0},
    {.bitmap_index = 1515, .adv_w = 143, .box_w = 6, .box_h = 7, .ofs_x = 1, .ofs_y = 7},
    {.bitmap_index = 1521, .adv_w = 143, .box_w = 7, .box_h = 9, .ofs_x = 1, .ofs_y = 0},
    {.bitmap_index = 1529, .adv_w = 177, .box_w = 9, .box_h = 4, .ofs_x = 1, .ofs_y = 4},
    {.bitmap_index = 1534, .adv_w = 88, .box_w = 7, .box_h = 1, .ofs_x = 1, .ofs_y = 5},
    {.bitmap_index = 1535, .adv_w = 252, .box_w = 14, .box_h = 15, .ofs_x = 1, .ofs_y = 0},
    {.bitmap_index = 1562, .adv_w = 147, .box_w = 7, .box_h = 1, .ofs_x = 1, .ofs_y = 13},
    {.bitmap_index = 1563, .adv_w = 120, .box_w = 5, .box_h = 5, .ofs_x = 1, .ofs_y = 10},
    {.bitmap_index = 1567, .adv_w = 171, .box_w = 9, .box_h = 13, .ofs_x = 1, .ofs_y = 0},
    {.bitmap_index = 1582, .adv_w = 117, .box_w = 6, .box_h = 7, .ofs_x = 1, .ofs_y = 7},
    {.bitmap_index = 1588, .adv_w = 117, .box_w = 6, .box_h = 7, .ofs_x = 1, .ofs_y = 7},
    {.bitmap_index = 1594, .adv_w = 100, .box_w = 4, .box_h = 3, .ofs_x = 1, .ofs_y = 12},
    {.bitmap_index = 1596, .adv_w = 181, .box_w = 8, .box_h = 15, .ofs_x = 2, .ofs_y = -4},
    {.bitmap_index = 1611, .adv_w = 157, .box_w = 8, .box_h = 15, .ofs_x = 0, .ofs_y = 0},
    {.bitmap_index = 1626, .adv_w = 84, .box_w = 2, .box_h = 1, .ofs_x = 1, .ofs_y = 7},
    {.bitmap_index = 1627, .adv_w = 79, .box_w = 4, .box_h = 5, .ofs_x = 1, .ofs_y = -4},
    {.bitmap_index = 1630, .adv_w = 117, .box_w = 3, .box_h = 8, .ofs_x = 2, .ofs_y = 7},
    {.bitmap_index = 1633, .adv_w = 146, .box_w = 7, .box_h = 7, .ofs_x = 1, .ofs_y = 7},
    {.bitmap_index = 1640, .adv_w = 143, .box_w = 7, .box_h = 9, .ofs_x = 1, .ofs_y = 0},
    {.bitmap_index = 1648, .adv_w = 234, .box_w = 13, .box_h = 15, .ofs_x = 1, .ofs_y = 0},
    {.bitmap_index = 1673, .adv_w = 248, .box_w = 14, .box_h = 15, .ofs_x = 1, .ofs_y = 0},
    {.bitmap_index = 1700, .adv_w = 249, .box_w = 13, .box_h = 15, .ofs_x = 1, .ofs_y = 0},
    {.bitmap_index = 1725, .adv_w = 152, .box_w = 8, .box_h = 15, .ofs_x = 1, .ofs_y = -4},
    {.bitmap_index = 1740, .adv_w = 209, .box_w = 13, .box_h = 19, .ofs_x = 0, .ofs_y = 0},
    {.bitmap_index = 1771, .adv_w = 209, .box_w = 13, .box_h = 19, .ofs_x = 0, .ofs_y = 0},
    {.bitmap_index = 1802, .adv_w = 209, .box_w = 13, .box_h = 19, .ofs_x = 0, .ofs_y = 0},
    {.bitmap_index = 1833, .adv_w = 209, .box_w = 13, .box_h = 18, .ofs_x = 0, .ofs_y = 0},
    {.bitmap_index = 1863, .adv_w = 209, .box_w = 12, .box_h = 17, .ofs_x = 0, .ofs_y = 0},
    {.bitmap_index = 1889, .adv_w = 209, .box_w = 12, .box_h = 19, .ofs_x = 0, .ofs_y = 0},
    {.bitmap_index = 1918, .adv_w = 299, .box_w = 19, .box_h = 15, .ofs_x = -1, .ofs_y = 0},
    {.bitmap_index = 1954, .adv_w = 208, .box_w = 11, .box_h = 19, .ofs_x = 1, .ofs_y = -4},
    {.bitmap_index = 1981, .adv_w = 182, .box_w = 9, .box_h = 19, .ofs_x = 2, .ofs_y = 0},
    {.bitmap_index = 2003, .adv_w = 182, .box_w = 9, .box_h = 19, .ofs_x = 2, .ofs_y = 0},
    {.bitmap_index = 2025, .adv_w = 182, .box_w = 9, .box_h = 19, .ofs_x = 2, .ofs_y = 0},
    {.bitmap_index = 2047, .adv_w = 182, .box_w = 9, .box_h = 17, .ofs_x = 2, .ofs_y = 0},
    {.bitmap_index = 2067, .adv_w = 87, .box_w = 4, .box_h = 19, .ofs_x = 0, .ofs_y = 0},
    {.bitmap_index = 2077, .adv_w = 87, .box_w = 4, .box_h = 19, .ofs_x = 2, .ofs_y = 0},
    {.bitmap_index = 2087, .adv_w = 87, .box_w = 6, .box_h = 19, .ofs_x = 0, .ofs_y = 0},
    {.bitmap_index = 2102, .adv_w = 87, .box_w = 6, .box_h = 17, .ofs_x = 0, .ofs_y = 0},
    {.bitmap_index = 2115, .adv_w = 215, .box_w = 12, .box_h = 15, .ofs_x = 1, .ofs_y = 0},
    {.bitmap_index = 2138, .adv_w = 228, .box_w = 11, .box_h = 18, .ofs_x = 2, .ofs_y = 0},
    {.bitmap_index = 2163, .adv_w = 220, .box_w = 11, .box_h = 19, .ofs_x = 1, .ofs_y = 0},
    {.bitmap_index = 2190, .adv_w = 220, .box_w = 11, .box_h = 19, .ofs_x = 1, .ofs_y = 0},
    {.bitmap_index = 2217, .adv_w = 220, .box_w = 11, .box_h = 19, .ofs_x = 1, .ofs_y = 0},
    {.bitmap_index = 2244, .adv_w = 220, .box_w = 11, .box_h = 18, .ofs_x = 1, .ofs_y = 0},
    {.bitmap_index = 2269, .adv_w = 220, .box_w = 11, .box_h = 18, .ofs_x = 1, .ofs_y = 0},
    {.bitmap_index = 2294, .adv_w = 161, .box_w = 8, .box_h = 8, .ofs_x = 1, .ofs_y = 1},
    {.bitmap_index = 2302, .adv_w = 220, .box_w = 11, .box_h = 16, .ofs_x = 1, .ofs_y = -1},
    {.bitmap_index = 2324, .adv_w = 208, .box_w = 10, .box_h = 19, .ofs_x = 1, .ofs_y = 0},
    {.bitmap_index = 2348, .adv_w = 208, .box_w = 10, .box_h = 19, .ofs_x = 1, .ofs_y = 0},
    {.bitmap_index = 2372, .adv_w = 208, .box_w = 10, .box_h = 19, .ofs_x = 1, .ofs_y = 0},
    {.bitmap_index = 2396, .adv_w = 208, .box_w = 10, .box_h = 18, .ofs_x = 1, .ofs_y = 0},
    {.bitmap_index = 2419, .adv_w = 192, .box_w = 12, .box_h = 19, .ofs_x = 0, .ofs_y = 0},
    {.bitmap_index = 2448, .adv_w = 189, .box_w = 9, .box_h = 15, .ofs_x = 2, .ofs_y = 0},
    {.bitmap_index = 2465, .adv_w = 190, .box_w = 10, .box_h = 15, .ofs_x = 1, .ofs_y = 0},
    {.bitmap_index = 2484, .adv_w = 174, .box_w = 8, .box_h = 15, .ofs_x = 1, .ofs_y = 0},
    {.bitmap_index = 2499, .adv_w = 174, .box_w = 8, .box_h = 15, .ofs_x = 1, .ofs_y = 0},
    {.bitmap_index = 2514, .adv_w = 174, .box_w = 8, .box_h = 15, .ofs_x = 1, .ofs_y = 0},
    {.bitmap_index = 2529, .adv_w = 174, .box_w = 8, .box_h = 15, .ofs_x = 1, .ofs_y = 0},
    {.bitmap_index = 2544, .adv_w = 174, .box_w = 8, .box_h = 15, .ofs_x = 1, .ofs_y = 0},
    {.bitmap_index = 2559, .adv_w = 174, .box_w = 8, .box_h = 17, .ofs_x = 1, .ofs_y = 0},
    {.bitmap_index = 2576, .adv_w = 270, .box_w = 16, .box_h = 11, .ofs_x = 1, .ofs_y = 0},
    {.bitmap_index = 2598, .adv_w = 168, .box_w = 9, .box_h = 15, .ofs_x = 1, .ofs_y = -4},
    {.bitmap_index = 2615, .adv_w = 170, .box_w = 9, .box_h = 15, .ofs_x = 1, .ofs_y = 0},
    {.bitmap_index = 2632, .adv_w = 170, .box_w = 9, .box_h = 15, .ofs_x = 1, .ofs_y = 0},
    {.bitmap_index = 2649, .adv_w = 170, .box_w = 9, .box_h = 15, .ofs_x = 1, .ofs_y = 0},
    {.bitmap_index = 2666, .adv_w = 170, .box_w = 9, .box_h = 15, .ofs_x = 1, .ofs_y = 0},
    {.bitmap_index = 2683, .adv_w = 79, .box_w = 4, .box_h = 15, .ofs_x = 0, .ofs_y = 0},
    {.bitmap_index = 2691, .adv_w = 79, .box_w = 4, .box_h = 15, .ofs_x = 2, .ofs_y = 0},
    {.bitmap_index = 2699, .adv_w = 79, .box_w = 6, .box_h = 15, .ofs_x = 0, .ofs_y = 0},
    {.bitmap_index = 2711, .adv_w = 79, .box_w = 6, .box_h = 15, .ofs_x = -1, .ofs_y = 0},
    {.bitmap_index = 2723, .adv_w = 188, .box_w = 9, .box_h = 16, .ofs_x = 1, .ofs_y = 0},
    {.bitmap_index = 2741, .adv_w = 177, .box_w = 8, .box_h = 15, .ofs_x = 1, .ofs_y = 0},
    {.bitmap_index = 2756, .adv_w = 183, .box_w = 10, .box_h = 15, .ofs_x = 1, .ofs_y = 0},
    {.bitmap_index = 2775, .adv_w = 183, .box_w = 10, .box_h = 15, .ofs_x = 1, .ofs_y = 0},
    {.bitmap_index = 2794, .adv_w = 183, .box_w = 10, .box_h = 15, .ofs_x = 1, .ofs_y = 0},
    {.bitmap_index = 2813, .adv_w = 183, .box_w = 10, .box_h = 15, .ofs_x = 1, .ofs_y = 0},
    {.bitmap_index = 2832, .adv_w = 183, .box_w = 10, .box_h = 15, .ofs_x = 1, .ofs_y = 0},
    {.bitmap_index = 2851, .adv_w = 182, .box_w = 9, .box_h = 8, .ofs_x = 1, .ofs_y = 1},
    {.bitmap_index = 2860, .adv_w = 181, .box_w = 10, .box_h = 14, .ofs_x = 1, .ofs_y = -1},
    {.bitmap_index = 2878, .adv_w = 176, .box_w = 8, .box_h = 15, .ofs_x = 1, .ofs_y = 0},
    {.bitmap_index = 2893, .adv_w = 176, .box_w = 8, .box_h = 15, .ofs_x = 1, .ofs_y = 0},
    {.bitmap_index = 2908, .adv_w = 176, .box_w = 8, .box_h = 15, .ofs_x = 1, .ofs_y = 0},
    {.bitmap_index = 2923, .adv_w = 176, .box_w = 8, .box_h = 15, .ofs_x = 1, .ofs_y = 0},
    {.bitmap_index = 2938, .adv_w = 151, .box_w = 9, .box_h = 19, .ofs_x = 0, .ofs_y = -4},
    {.bitmap_index = 2960, .adv_w = 184, .box_w = 9, .box_h = 19, .ofs_x = 1, .ofs_y = -4},
    {.bitmap_index = 2982, .adv_w = 151, .box_w = 9, .box_h = 19, .ofs_x = 0, .ofs_y = -4},
    {.bitmap_index = 3004, .adv_w = 209, .box_w = 13, .box_h = 17, .ofs_x = 0, .ofs_y = 0},
    {.bitmap_index = 3032, .adv_w = 174, .box_w = 8, .box_h = 15, .ofs_x = 1, .ofs_y = 0},
    {.bitmap_index = 3047, .adv_w = 209, .box_w = 12, .box_h = 18, .ofs_x = 1, .ofs_y = 0},
    {.bitmap_index = 3074, .adv_w = 174, .box_w = 8, .box_h = 15, .ofs_x = 1, .ofs_y = 0},
    {.bitmap_index = 3089, .adv_w = 209, .box_w = 13, .box_h = 19, .ofs_x = 0, .ofs_y = -4},
    {.bitmap_index = 3120, .adv_w = 174, .box_w = 8, .box_h = 15, .ofs_x = 1, .ofs_y = -4},
    {.bitmap_index = 3135, .adv_w = 208, .box_w = 11, .box_h = 19, .ofs_x = 1, .ofs_y = 0},
    {.bitmap_index = 3162, .adv_w = 168, .box_w = 9, .box_h = 15, .ofs_x = 1, .ofs_y = 0},
    {.bitmap_index = 3179, .adv_w = 208, .box_w = 11, .box_h = 19, .ofs_x = 1, .ofs_y = 0},
    {.bitmap_index = 3206, .adv_w = 168, .box_w = 9, .box_h = 15, .ofs_x = 1, .ofs_y = 0},
    {.bitmap_index = 3223, .adv_w = 208, .box_w = 10, .box_h = 18, .ofs_x = 1, .ofs_y = 0},
    {.bitmap_index = 3246, .adv_w = 168, .box_w = 9, .box_h = 15, .ofs_x = 1, .ofs_y = 0},
    {.bitmap_index = 3263, .adv_w = 208, .box_w = 11, .box_h = 19, .ofs_x = 1, .ofs_y = 0},
    {.bitmap_index = 3290, .adv_w = 168, .box_w = 9, .box_h = 15, .ofs_x = 1, .ofs_y = 0},
    {.bitmap_index = 3307, .adv_w = 210, .box_w = 10, .box_h = 19, .ofs_x = 2, .ofs_y = 0},
    {.bitmap_index = 3331, .adv_w = 204, .box_w = 12, .box_h = 15, .ofs_x = 1, .ofs_y = 0},
    {.bitmap_index = 3354, .adv_w = 215, .box_w = 12, .box_h = 15, .ofs_x = 1, .ofs_y = 0},
    {.bitmap_index = 3377, .adv_w = 191, .box_w = 11, .box_h = 15, .ofs_x = 1, .ofs_y = 0},
    {.bitmap_index = 3398, .adv_w = 182, .box_w = 9, .box_h = 18, .ofs_x = 2, .ofs_y = 0},
    {.bitmap_index = 3419, .adv_w = 170, .box_w = 9, .box_h = 15, .ofs_x = 1, .ofs_y = 0},
    {.bitmap_index = 3436, .adv_w = 182, .box_w = 9, .box_h = 18, .ofs_x = 2, .ofs_y = 0},
    {.bitmap_index = 3457, .adv_w = 170, .box_w = 9, .box_h = 15, .ofs_x = 1, .ofs_y = 0},
    {.bitmap_index = 3474, .adv_w = 182, .box_w = 9, .box_h = 17, .ofs_x = 2, .ofs_y = 0},
    {.bitmap_index = 3494, .adv_w = 170, .box_w = 10, .box_h = 15, .ofs_x = 1, .ofs_y = 0},
    {.bitmap_index = 3513, .adv_w = 182, .box_w = 9, .box_h = 19, .ofs_x = 2, .ofs_y = -4},
    {.bitmap_index = 3535, .adv_w = 170, .box_w = 9, .box_h = 15, .ofs_x = 1, .ofs_y = -4},
    {.bitmap_index = 3552, .adv_w = 182, .box_w = 9, .box_h = 19, .ofs_x = 2, .ofs_y = 0},
    {.bitmap_index = 3574, .adv_w = 170, .box_w = 9, .box_h = 15, .ofs_x = 1, .ofs_y = 0},
    {.bitmap_index = 3591, .adv_w = 218, .box_w = 11, .box_h = 19, .ofs_x = 1, .ofs_y = 0},
    {.bitmap_index = 3618, .adv_w = 180, .box_w = 9, .box_h = 19, .ofs_x = 1, .ofs_y = -4},
    {.bitmap_index = 3640, .adv_w = 218, .box_w = 11, .box_h = 19, .ofs_x = 1, .ofs_y = 0},
    {.bitmap_index = 3667, .adv_w = 180, .box_w = 9, .box_h = 19, .ofs_x = 1, .ofs_y = -4},
    {.bitmap_index = 3689, .adv_w = 218, .box_w = 11, .box_h = 18, .ofs_x = 1, .ofs_y = 0},
    {.bitmap_index = 3714, .adv_w = 180, .box_w = 9, .box_h = 19, .ofs_x = 1, .ofs_y = -4},
    {.bitmap_index = 3736, .adv_w = 218, .box_w = 11, .box_h = 20, .ofs_x = 1, .ofs_y = -5},
    {.bitmap_index = 3764, .adv_w = 180, .box_w = 8, .box_h = 21, .ofs_x = 1, .ofs_y = -4},
    {.bitmap_index = 3785, .adv_w = 228, .box_w = 11, .box_h = 19, .ofs_x = 2, .ofs_y = 0},
    {.bitmap_index = 3812, .adv_w = 176, .box_w = 8, .box_h = 19, .ofs_x = 1, .ofs_y = 0},
    {.bitmap_index = 3831, .adv_w = 224, .box_w = 14, .box_h = 15, .ofs_x = 1, .ofs_y = 0},
    {.bitmap_index = 3858, .adv_w = 181, .box_w = 10, .box_h = 15, .ofs_x = 1, .ofs_y = 0},
    {.bitmap_index = 3877, .adv_w = 87, .box_w = 8, .box_h = 18, .ofs_x = -1, .ofs_y = 0},
    {.bitmap_index = 3895, .adv_w = 79, .box_w = 8, .box_h = 15, .ofs_x = -1, .ofs_y = 0},
    {.bitmap_index = 3910, .adv_w = 87, .box_w = 7, .box_h = 18, .ofs_x = 0, .ofs_y = 0},
    {.bitmap_index = 3926, .adv_w = 79, .box_w = 7, .box_h = 15, .ofs_x = -1, .ofs_y = 0},
    {.bitmap_index = 3940, .adv_w = 87, .box_w = 6, .box_h = 18, .ofs_x = 0, .ofs_y = 0},
    {.bitmap_index = 3954, .adv_w = 79, .box_w = 6, .box_h = 15, .ofs_x = 0, .ofs_y = 0},
    {.bitmap_index = 3966, .adv_w = 87, .box_w = 3, .box_h = 19, .ofs_x = 1, .ofs_y = -4},
    {.bitmap_index = 3974, .adv_w = 78, .box_w = 4, .box_h = 19, .ofs_x = 0, .ofs_y = -4},
    {.bitmap_index = 3984, .adv_w = 87, .box_w = 2, .box_h = 17, .ofs_x = 2, .ofs_y = 0},
    {.bitmap_index = 3989, .adv_w = 79, .box_w = 2, .box_h = 11, .ofs_x = 2, .ofs_y = 0},
    {.bitmap_index = 3992, .adv_w = 264, .box_w = 13, .box_h = 15, .ofs_x = 2, .ofs_y = 0},
    {.bitmap_index = 4017, .adv_w = 154, .box_w = 7, .box_h = 19, .ofs_x = 1, .ofs_y = -4},
    {.bitmap_index = 4034, .adv_w = 177, .box_w = 11, .box_h = 19, .ofs_x = 1, .ofs_y = 0},
    {.bitmap_index = 4061, .adv_w = 81, .box_w = 6, .box_h = 19, .ofs_x = 0, .ofs_y = -4},
    {.bitmap_index = 4076, .adv_w = 201, .box_w = 11, .box_h = 19, .ofs_x = 2, .ofs_y = -4},
    {.bitmap_index = 4103, .adv_w = 162, .box_w = 9, .box_h = 20, .ofs_x = 1, .ofs_y = -5},
    {.bitmap_index = 4126, .adv_w = 178, .box_w = 9, .box_h = 11, .ofs_x = 2, .ofs_y = 0},
    {.bitmap_index = 4139, .adv_w = 172, .box_w = 9, .box_h = 19, .ofs_x = 2, .ofs_y = 0},
    {.bitmap_index = 4161, .adv_w = 78, .box_w = 4, .box_h = 20, .ofs_x = 2, .ofs_y = 0},
    {.bitmap_index = 4171, .adv_w = 172, .box_w = 9, .box_h = 20, .ofs_x = 2, .ofs_y = -5},
    {.bitmap_index = 4194, .adv_w = 78, .box_w = 3, .box_h = 20, .ofs_x = 1, .ofs_y = -5},
    {.bitmap_index = 4202, .adv_w = 172, .box_w = 9, .box_h = 15, .ofs_x = 2, .ofs_y = 0},
    {.bitmap_index = 4219, .adv_w = 101, .box_w = 5, .box_h = 15, .ofs_x = 2, .ofs_y = 0},
    {.bitmap_index = 4229, .adv_w = 172, .box_w = 9, .box_h = 15, .ofs_x = 2, .ofs_y = 0},
    {.bitmap_index = 4246, .adv_w = 112, .box_w = 5, .box_h = 15, .ofs_x = 2, .ofs_y = 0},
    {.bitmap_index = 4256, .adv_w = 172, .box_w = 10, .box_h = 15, .ofs_x = 1, .ofs_y = 0},
    {.bitmap_index = 4275, .adv_w = 87, .box_w = 5, .box_h = 15, .ofs_x = 1, .ofs_y = 0},
    {.bitmap_index = 4285, .adv_w = 228, .box_w = 11, .box_h = 19, .ofs_x = 2, .ofs_y = 0},
    {.bitmap_index = 4312, .adv_w = 177, .box_w = 8, .box_h = 15, .ofs_x = 1, .ofs_y = 0},
    {.bitmap_index = 4327, .adv_w = 228, .box_w = 10, .box_h = 20, .ofs_x = 2, .ofs_y = -5},
    {.bitmap_index = 4352, .adv_w = 177, .box_w = 8, .box_h = 16, .ofs_x = 1, .ofs_y = -5},
    {.bitmap_index = 4368, .adv_w = 228, .box_w = 11, .box_h = 19, .ofs_x = 2, .ofs_y = 0},
    {.bitmap_index = 4395, .adv_w = 177, .box_w = 8, .box_h = 15, .ofs_x = 1, .ofs_y = 0},
    {.bitmap_index = 4410, .adv_w = 177, .box_w = 11, .box_h = 15, .ofs_x = 0, .ofs_y = 0},
    {.bitmap_index = 4431, .adv_w = 222, .box_w = 11, .box_h = 19, .ofs_x = 2, .ofs_y = -4},
    {.bitmap_index = 4458, .adv_w = 181, .box_w = 9, .box_h = 15, .ofs_x = 1, .ofs_y = -4},
    {.bitmap_index = 4475, .adv_w = 220, .box_w = 11, .box_h = 18, .ofs_x = 1, .ofs_y = 0},
    {.bitmap_index = 4500, .adv_w = 183, .box_w = 10, .box_h = 15, .ofs_x = 1, .ofs_y = 0},
    {.bitmap_index = 4519, .adv_w = 220, .box_w = 11, .box_h = 19, .ofs_x = 1, .ofs_y = 0},
    {.bitmap_index = 4546, .adv_w = 183, .box_w = 10, .box_h = 15, .ofs_x = 1, .ofs_y = 0},
    {.bitmap_index = 4565, .adv_w = 220, .box_w = 11, .box_h = 19, .ofs_x = 1, .ofs_y = 0},
    {.bitmap_index = 4592, .adv_w = 183, .box_w = 10, .box_h = 15, .ofs_x = 1, .ofs_y = 0},
    {.bitmap_index = 4611, .adv_w = 305, .box_w = 17, .box_h = 15, .ofs_x = 1, .ofs_y = 0},
    {.bitmap_index = 4643, .adv_w = 291, .box_w = 17, .box_h = 11, .ofs_x = 1, .ofs_y = 0},
    {.bitmap_index = 4667, .adv_w = 197, .box_w = 11, .box_h = 19, .ofs_x = 2, .ofs_y = 0},
    {.bitmap_index = 4694, .adv_w = 108, .box_w = 6, .box_h = 15, .ofs_x = 1, .ofs_y = 0},
    {.bitmap_index = 4706, .adv_w = 197, .box_w = 11, .box_h = 20, .ofs_x = 2, .ofs_y = -5},
    {.bitmap_index = 4734, .adv_w = 108, .box_w = 6, .box_h = 16, .ofs_x = 0, .ofs_y = -5},
    {.bitmap_index = 4746, .adv_w = 197, .box_w = 11, .box_h = 19, .ofs_x = 2, .ofs_y = 0},
    {.bitmap_index = 4773, .adv_w = 108, .box_w = 6, .box_h = 15, .ofs_x = 1, .ofs_y = 0},
    {.bitmap_index = 4785, .adv_w = 190, .box_w = 10, .box_h = 19, .ofs_x = 1, .ofs_y = 0},
    {.bitmap_index = 4809, .adv_w = 165, .box_w = 8, .box_h = 15, .ofs_x = 1, .ofs_y = 0},
    {.bitmap_index = 4824, .adv_w = 190, .box_w = 10, .box_h = 19, .ofs_x = 1, .ofs_y = 0},
    {.bitmap_index = 4848, .adv_w = 165, .box_w = 8, .box_h = 15, .ofs_x = 1, .ofs_y = 0},
    {.bitmap_index = 4863, .adv_w = 190, .box_w = 10, .box_h = 19, .ofs_x = 1, .ofs_y = -4},
    {.bitmap_index = 4887, .adv_w = 165, .box_w = 8, .box_h = 15, .ofs_x = 1, .ofs_y = -4},
    {.bitmap_index = 4902, .adv_w = 190, .box_w = 10, .box_h = 19, .ofs_x = 1, .ofs_y = 0},
    {.bitmap_index = 4926, .adv_w = 165, .box_w = 8, .box_h = 15, .ofs_x = 1, .ofs_y = 0},
    {.bitmap_index = 4941, .adv_w = 191, .box_w = 11, .box_h = 19, .ofs_x = 1, .ofs_y = -4},
    {.bitmap_index = 4968, .adv_w = 105, .box_w = 7, .box_h = 18, .ofs_x = 1, .ofs_y = -4},
    {.bitmap_index = 4984, .adv_w = 191, .box_w = 11, .box_h = 19, .ofs_x = 1, .ofs_y = 0},
    {.bitmap_index = 5011, .adv_w = 111, .box_w = 7, .box_h = 17, .ofs_x = 1, .ofs_y = 0},
    {.bitmap_index = 5026, .adv_w = 191, .box_w = 11, .box_h = 15, .ofs_x = 1, .ofs_y = 0},
    {.bitmap_index = 5047, .adv_w = 105, .box_w = 6, .box_h = 14, .ofs_x = 0, .ofs_y = 0},
    {.bitmap_index = 5058, .adv_w = 208, .box_w = 10, .box_h = 18, .ofs_x = 1, .ofs_y = 0},
    {.bitmap_index = 5081, .adv_w = 176, .box_w = 8, .box_h = 15, .ofs_x = 1, .ofs_y = 0},
    {.bitmap_index = 5096, .adv_w = 208, .box_w = 10, .box_h = 18, .ofs_x = 1, .ofs_y = 0},
    {.bitmap_index = 5119, .adv_w = 176, .box_w = 8, .box_h = 15, .ofs_x = 1, .ofs_y = 0},
    {.bitmap_index = 5134, .adv_w = 208, .box_w = 10, .box_h = 18, .ofs_x = 1, .ofs_y = 0},
    {.bitmap_index = 5157, .adv_w = 176, .box_w = 8, .box_h = 15, .ofs_x = 1, .ofs_y = 0},
    {.bitmap_index = 5172, .adv_w = 208, .box_w = 10, .box_h = 20, .ofs_x = 1, .ofs_y = 0},
    {.bitmap_index = 5197, .adv_w = 176, .box_w = 8, .box_h = 17, .ofs_x = 1, .ofs_y = 0},
    {.bitmap_index = 5214, .adv_w = 208, .box_w = 10, .box_h = 19, .ofs_x = 1, .ofs_y = 0},
    {.bitmap_index = 5238, .adv_w = 176, .box_w = 8, .box_h = 15, .ofs_x = 1, .ofs_y = 0},
    {.bitmap_index = 5253, .adv_w = 208, .box_w = 10, .box_h = 19, .ofs_x = 1, .ofs_y = -4},
    {.bitmap_index = 5277, .adv_w = 176, .box_w = 8, .box_h = 15, .ofs_x = 1, .ofs_y = -4},
    {.bitmap_index = 5292, .adv_w = 284, .box_w = 16, .box_h = 19, .ofs_x = 1, .ofs_y = 0},
    {.bitmap_index = 5330, .adv_w = 240, .box_w = 15, .box_h = 15, .ofs_x = 0, .ofs_y = 0},
    {.bitmap_index = 5359, .adv_w = 192, .box_w = 12, .box_h = 19, .ofs_x = 0, .ofs_y = 0},
    {.bitmap_index = 5388, .adv_w = 151, .box_w = 9, .box_h = 19, .ofs_x = 0, .ofs_y = -4},
    {.bitmap_index = 5410, .adv_w = 192, .box_w = 12, .box_h = 17, .ofs_x = 0, .ofs_y = 0},
    {.bitmap_index = 5436, .adv_w = 192, .box_w = 10, .box_h = 19, .ofs_x = 1, .ofs_y = 0},
    {.bitmap_index = 5460, .adv_w = 159, .box_w = 8, .box_h = 15, .ofs_x = 1, .ofs_y = 0},
    {.bitmap_index = 5475, .adv_w = 192, .box_w = 10, .box_h = 17, .ofs_x = 1, .ofs_y = 0},
    {.bitmap_index = 5497, .adv_w = 159, .box_w = 8, .box_h = 15, .ofs_x = 1, .ofs_y = 0},
    {.bitmap_index = 5512, .adv_w = 192, .box_w = 10, .box_h = 19, .ofs_x = 1, .ofs_y = 0},
    {.bitmap_index = 5536, .adv_w = 159, .box_w = 8, .box_h = 15, .ofs_x = 1, .ofs_y = 0},
    {.bitmap_index = 5551, .adv_w = 79, .box_w = 5, .box_h = 15, .ofs_x = 2, .ofs_y = 0},
    {.bitmap_index = 5561, .adv_w = 221, .box_w = 12, .box_h = 15, .ofs_x = 1, .ofs_y = 0},
    {.bitmap_index = 5584, .adv_w = 109, .box_w = 7, .box_h = 20, .ofs_x = 0, .ofs_y = -4},
    {.bitmap_index = 5602, .adv_w = 220, .box_w = 13, .box_h = 16, .ofs_x = 1, .ofs_y = 0},
    {.bitmap_index = 5628, .adv_w = 183, .box_w = 11, .box_h = 12, .ofs_x = 1, .ofs_y = 0},
    {.bitmap_index = 5645, .adv_w = 223, .box_w = 14, .box_h = 15, .ofs_x = 1, .ofs_y = 0},
    {.bitmap_index = 5672, .adv_w = 198, .box_w = 12, .box_h = 12, .ofs_x = 1, .ofs_y = 0},
    {.bitmap_index = 5690, .adv_w = 81, .box_w = 6, .box_h = 19, .ofs_x = 0, .ofs_y = -4},
    {.bitmap_index = 5705, .adv_w = 209, .box_w = 13, .box_h = 20, .ofs_x = 0, .ofs_y = 0},
    {.bitmap_index = 5738, .adv_w = 174, .box_w = 8, .box_h = 17, .ofs_x = 1, .ofs_y = 0},
    {.bitmap_index = 5755, .adv_w = 299, .box_w = 19, .box_h = 19, .ofs_x = -1, .ofs_y = 0},
    {.bitmap_index = 5801, .adv_w = 270, .box_w = 16, .box_h = 15, .ofs_x = 1, .ofs_y = 0},
    {.bitmap_index = 5831, .adv_w = 220, .box_w = 11, .box_h = 21, .ofs_x = 1, .ofs_y = -1},
    {.bitmap_index = 5860, .adv_w = 181, .box_w = 10, .box_h = 16, .ofs_x = 1, .ofs_y = -1},
    {.bitmap_index = 5880, .adv_w = 190, .box_w = 10, .box_h = 20, .ofs_x = 1, .ofs_y = -5},
    {.bitmap_index = 5905, .adv_w = 165, .box_w = 8, .box_h = 16, .ofs_x = 1, .ofs_y = -5},
    {.bitmap_index = 5921, .adv_w = 191, .box_w = 11, .box_h = 20, .ofs_x = 1, .ofs_y = -5},
    {.bitmap_index = 5949, .adv_w = 105, .box_w = 6, .box_h = 19, .ofs_x = 1, .ofs_y = -5},
    {.bitmap_index = 5964, .adv_w = 81, .box_w = 4, .box_h = 15, .ofs_x = 0, .ofs_y = -4},
    {.bitmap_index = 5972, .adv_w = 169, .box_w = 9, .box_h = 11, .ofs_x = 1, .ofs_y = 0},
    {.bitmap_index = 5985, .adv_w = 64, .box_w = 3, .box_h = 5, .ofs_x = 0, .ofs_y = 10},
    {.bitmap_index = 5987, .adv_w = 151, .box_w = 6, .box_h = 3, .ofs_x = 2, .ofs_y = 13},
    {.bitmap_index = 5990, .adv_w = 142, .box_w = 6, .box_h = 3, .ofs_x = 1, .ofs_y = 12},
    {.bitmap_index = 5993, .adv_w = 147, .box_w = 7, .box_h = 1, .ofs_x = 1, .ofs_y = 13},
    {.bitmap_index = 5994, .adv_w = 137, .box_w = 6, .box_h = 3, .ofs_x = 1, .ofs_y = 12},
    {.bitmap_index = 5997, .adv_w = 78, .box_w = 2, .box_h = 1, .ofs_x = 1, .ofs_y = 13},
    {.bitmap_index = 5998, .adv_w = 107, .box_w = 4, .box_h = 4, .ofs_x = 1, .ofs_y = 12},
    {.bitmap_index = 6000, .adv_w = 87, .box_w = 4, .box_h = 5, .ofs_x = 1, .ofs_y = -4},
    {.bitmap_index = 6003, .adv_w = 151, .box_w = 7, .box_h = 2, .ofs_x = 1, .ofs_y = 13},
    {.bitmap_index = 6005, .adv_w = 119, .box_w = 7, .box_h = 3, .ofs_x = 1, .ofs_y = 12},
    {.bitmap_index = 6008, .adv_w = 94, .box_w = 3, .box_h = 3, .ofs_x = 1, .ofs_y = -4},
    {.bitmap_index = 6010, .adv_w = 0, .box_w = 4, .box_h = 3, .ofs_x = -8, .ofs_y = 12},
    {.bitmap_index = 6012, .adv_w = 0, .box_w = 4, .box_h = 3, .ofs_x = -6, .ofs_y = 12},
    {.bitmap_index = 6014, .adv_w = 0, .box_w = 7, .box_h = 2, .ofs_x = -9, .ofs_y = 13},
    {.bitmap_index = 6016, .adv_w = 0, .box_w = 4, .box_h = 4, .ofs_x = -7, .ofs_y = 13},
    {.bitmap_index = 6018, .adv_w = 0, .box_w = 8, .box_h = 1, .ofs_x = -10, .ofs_y = 13},
    {.bitmap_index = 6019, .adv_w = 0, .box_w = 2, .box_h = 1, .ofs_x = -7, .ofs_y = -3},
    {.bitmap_index = 6020, .adv_w = 87, .box_w = 3, .box_h = 5, .ofs_x = 1, .ofs_y = 0},
    {.bitmap_index = 6022, .adv_w = 131, .box_w = 6, .box_h = 16, .ofs_x = 1, .ofs_y = -2},
    {.bitmap_index = 6034, .adv_w = 0, .box_w = 7, .box_h = 5, .ofs_x = 2, .ofs_y = 12},
    {.bitmap_index = 6039, .adv_w = 0, .box_w = 6, .box_h = 6, .ofs_x = 1, .ofs_y = 12},
    {.bitmap_index = 6044, .adv_w = 0, .box_w = 8, .box_h = 8, .ofs_x = 1, .ofs_y = 10},
    {.bitmap_index = 6052, .adv_w = 0, .box_w = 6, .box_h = 6, .ofs_x = 2, .ofs_y = 13},
    {.bitmap_index = 6057, .adv_w = 87, .box_w = 3, .box_h = 10, .ofs_x = 1, .ofs_y = 0},
    {.bitmap_index = 6061, .adv_w = 136, .box_w = 7, .box_h = 13, .ofs_x = 1, .ofs_y = 0},
    {.bitmap_index = 6073, .adv_w = 130, .box_w = 7, .box_h = 8, .ofs_x = 0, .ofs_y = 0},
    {.bitmap_index = 6080, .adv_w = 74, .box_w = 8, .box_h = 15, .ofs_x = -2, .ofs_y = 0},
    {.bitmap_index = 6095, .adv_w = 74, .box_w = 4, .box_h = 18, .ofs_x = 1, .ofs_y = 0},
    {.bitmap_index = 6104, .adv_w = 142, .box_w = 7, .box_h = 18, .ofs_x = 1, .ofs_y = -5},
    {.bitmap_index = 6120, .adv_w = 74, .box_w = 4, .box_h = 19, .ofs_x = 1, .ofs_y = -6},
    {.bitmap_index = 6130, .adv_w = 226, .box_w = 12, .box_h = 16, .ofs_x = 1, .ofs_y = -5},
    {.bitmap_index = 6154, .adv_w = 74, .box_w = 2, .box_h = 13, .ofs_x = 1, .ofs_y = 0},
    {.bitmap_index = 6158, .adv_w = 280, .box_w = 16, .box_h = 11, .ofs_x = 1, .ofs_y = -4},
    {.bitmap_index = 6180, .adv_w = 149, .box_w = 8, .box_h = 13, .ofs_x = 1, .ofs_y = 0},
    {.bitmap_index = 6193, .adv_w = 280, .box_w = 16, .box_h = 10, .ofs_x = 1, .ofs_y = 0},
    {.bitmap_index = 6213, .adv_w = 280, .box_w = 16, .box_h = 11, .ofs_x = 1, .ofs_y = 0},
    {.bitmap_index = 6235, .adv_w = 214, .box_w = 11, .box_h = 15, .ofs_x = 1, .ofs_y = -7},
    {.bitmap_index = 6256, .adv_w = 214, .box_w = 11, .box_h = 15, .ofs_x = 1, .ofs_y = -7},
    {.bitmap_index = 6277, .adv_w = 214, .box_w = 11, .box_h = 19, .ofs_x = 1, .ofs_y = -7},
    {.bitmap_index = 6304, .adv_w = 153, .box_w = 8, .box_h = 10, .ofs_x = 1, .ofs_y = 0},
    {.bitmap_index = 6314, .adv_w = 153, .box_w = 8, .box_h = 14, .ofs_x = 1, .ofs_y = 0},
    {.bitmap_index = 6328, .adv_w = 110, .box_w = 6, .box_h = 10, .ofs_x = 0, .ofs_y = -5},
    {.bitmap_index = 6336, .adv_w = 110, .box_w = 6, .box_h = 15, .ofs_x = 0, .ofs_y = -5},
    {.bitmap_index = 6348, .adv_w = 378, .box_w = 22, .box_h = 12, .ofs_x = 1, .ofs_y = -5},
    {.bitmap_index = 6381, .adv_w = 378, .box_w = 22, .box_h = 18, .ofs_x = 1, .ofs_y = -5},
    {.bitmap_index = 6431, .adv_w = 399, .box_w = 23, .box_h = 13, .ofs_x = 1, .ofs_y = -5},
    {.bitmap_index = 6469, .adv_w = 399, .box_w = 23, .box_h = 18, .ofs_x = 1, .ofs_y = -5},
    {.bitmap_index = 6521, .adv_w = 237, .box_w = 13, .box_h = 13, .ofs_x = 1, .ofs_y = 0},
    {.bitmap_index = 6543, .adv_w = 237, .box_w = 13, .box_h = 13, .ofs_x = 1, .ofs_y = 0},
    {.bitmap_index = 6565, .adv_w = 198, .box_w = 11, .box_h = 17, .ofs_x = 1, .ofs_y = -7},
    {.bitmap_index = 6589, .adv_w = 198, .box_w = 11, .box_h = 21, .ofs_x = 1, .ofs_y = -7},
    {.bitmap_index = 6618, .adv_w = 226, .box_w = 12, .box_h = 15, .ofs_x = 1, .ofs_y = -5},
    {.bitmap_index = 6641, .adv_w = 88, .box_w = 6, .box_h = 2, .ofs_x = 0, .ofs_y = 0},
    {.bitmap_index = 6643, .adv_w = 277, .box_w = 16, .box_h = 14, .ofs_x = 1, .ofs_y = 0},
    {.bitmap_index = 6671, .adv_w = 222, .box_w = 12, .box_h = 16, .ofs_x = 1, .ofs_y = -4},
    {.bitmap_index = 6695, .adv_w = 282, .box_w = 15, .box_h = 13, .ofs_x = 1, .ofs_y = 0},
    {.bitmap_index = 6720, .adv_w = 205, .box_w = 11, .box_h = 18, .ofs_x = 1, .ofs_y = -5},
    {.bitmap_index = 6745, .adv_w = 190, .box_w = 10, .box_h = 13, .ofs_x = 1, .ofs_y = -6},
    {.bitmap_index = 6762, .adv_w = 217, .box_w = 12, .box_h = 13, .ofs_x = 1, .ofs_y = -4},
    {.bitmap_index = 6782, .adv_w = 149, .box_w = 8, .box_h = 9, .ofs_x = 1, .ofs_y = 0},
    {.bitmap_index = 6791, .adv_w = 142, .box_w = 7, .box_h = 12, .ofs_x = 1, .ofs_y = -5},
    {.bitmap_index = 6802, .adv_w = 226, .box_w = 12, .box_h = 12, .ofs_x = 1, .ofs_y = -5},
    {.bitmap_index = 6820, .adv_w = 226, .box_w = 12, .box_h = 16, .ofs_x = 1, .ofs_y = -9},
    {.bitmap_index = 6844, .adv_w = 0, .box_w = 4, .box_h = 5, .ofs_x = 1, .ofs_y = 10},
    {.bitmap_index = 6847, .adv_w = 0, .box_w = 6, .box_h = 6, .ofs_x = 0, .ofs_y = 8},
    {.bitmap_index = 6852, .adv_w = 0, .box_w = 4, .box_h = 4, .ofs_x = 1, .ofs_y = -6},
    {.bitmap_index = 6854, .adv_w = 0, .box_w = 4, .box_h = 3, .ofs_x = 1, .ofs_y = 11},
    {.bitmap_index = 6856, .adv_w = 0, .box_w = 4, .box_h = 5, .ofs_x = 0, .ofs_y = 9},
    {.bitmap_index = 6859, .adv_w = 0, .box_w = 4, .box_h = 3, .ofs_x = 1, .ofs_y = -5},
    {.bitmap_index = 6861, .adv_w = 0, .box_w = 5, .box_h = 3, .ofs_x = 1, .ofs_y = 10},
    {.bitmap_index = 6863, .adv_w = 0, .box_w = 4, .box_h = 4, .ofs_x = 1, .ofs_y = 10},
    {.bitmap_index = 6865, .adv_w = 0, .box_w = 6, .box_h = 2, .ofs_x = 0, .ofs_y = 11},
    {.bitmap_index = 6867, .adv_w = 0, .box_w = 4, .box_h = 5, .ofs_x = 1, .ofs_y = 9},
    {.bitmap_index = 6870, .adv_w = 0, .box_w = 4, .box_h = 5, .ofs_x = 1, .ofs_y = -6},
    {.bitmap_index = 6873, .adv_w = 0, .box_w = 1, .box_h = 3, .ofs_x = 1, .ofs_y = -4},
    {.bitmap_index = 6874, .adv_w = 0, .box_w = 4, .box_h = 5, .ofs_x = 1, .ofs_y = 10},
    {.bitmap_index = 6877, .adv_w = 0, .box_w = 4, .box_h = 3, .ofs_x = 1, .ofs_y = 10},
    {.bitmap_index = 6879, .adv_w = 0, .box_w = 4, .box_h = 3, .ofs_x = 4, .ofs_y = 14},
    {.bitmap_index = 6881, .adv_w = 0, .box_w = 4, .box_h = 3, .ofs_x = 4, .ofs_y = 14},
    {.bitmap_index = 6883, .adv_w = 120, .box_w = 4, .box_h = 4, .ofs_x = 2, .ofs_y = 3},
    {.bitmap_index = 6885, .adv_w = 92, .box_w = 4, .box_h = 13, .ofs_x = 1, .ofs_y = 0},
    {.bitmap_index = 6892, .adv_w = 168, .box_w = 9, .box_h = 13, .ofs_x = 1, .ofs_y = 0},
    {.bitmap_index = 6907, .adv_w = 211, .box_w = 12, .box_h = 13, .ofs_x = 1, .ofs_y = 0},
    {.bitmap_index = 6927, .adv_w = 148, .box_w = 7, .box_h = 13, .ofs_x = 1, .ofs_y = 0},
    {.bitmap_index = 6939, .adv_w = 169, .box_w = 9, .box_h = 11, .ofs_x = 1, .ofs_y = 0},
    {.bitmap_index = 6952, .adv_w = 157, .box_w = 7, .box_h = 13, .ofs_x = 1, .ofs_y = 0},
    {.bitmap_index = 6964, .adv_w = 188, .box_w = 10, .box_h = 13, .ofs_x = 1, .ofs_y = 0},
    {.bitmap_index = 6981, .adv_w = 188, .box_w = 10, .box_h = 13, .ofs_x = 1, .ofs_y = 0},
    {.bitmap_index = 6998, .adv_w = 154, .box_w = 7, .box_h = 13, .ofs_x = 1, .ofs_y = 0},
    {.bitmap_index = 7010, .adv_w = 157, .box_w = 7, .box_h = 14, .ofs_x = 1, .ofs_y = 0},
    {.bitmap_index = 7023, .adv_w = 135, .box_w = 6, .box_h = 11, .ofs_x = 1, .ofs_y = -4},
    {.bitmap_index = 7032, .adv_w = 83, .box_w = 3, .box_h = 5, .ofs_x = 1, .ofs_y = -3},
    {.bitmap_index = 7034, .adv_w = 205, .box_w = 9, .box_h = 9, .ofs_x = 2, .ofs_y = 3},
    {.bitmap_index = 7045, .adv_w = 280, .box_w = 16, .box_h = 7, .ofs_x = 1, .ofs_y = 0},
    {.bitmap_index = 7059, .adv_w = 222, .box_w = 12, .box_h = 12, .ofs_x = 1, .ofs_y = -4},
    {.bitmap_index = 7077, .adv_w = 0, .box_w = 1, .box_h = 3, .ofs_x = 1, .ofs_y = 11},
    {.bitmap_index = 7078, .adv_w = 74, .box_w = 6, .box_h = 17, .ofs_x = -1, .ofs_y = 0},
    {.bitmap_index = 7091, .adv_w = 87, .box_w = 4, .box_h = 5, .ofs_x = 1, .ofs_y = 11},
    {.bitmap_index = 7094, .adv_w = 280, .box_w = 16, .box_h = 13, .ofs_x = 1, .ofs_y = 0},
    {.bitmap_index = 7120, .adv_w = 280, .box_w = 16, .box_h = 13, .ofs_x = 1, .ofs_y = -3},
    {.bitmap_index = 7146, .adv_w = 280, .box_w = 16, .box_h = 13, .ofs_x = 1, .ofs_y = -6},
    {.bitmap_index = 7172, .adv_w = 214, .box_w = 11, .box_h = 21, .ofs_x = 1, .ofs_y = -7},
    {.bitmap_index = 7201, .adv_w = 214, .box_w = 11, .box_h = 21, .ofs_x = 1, .ofs_y = -7},
    {.bitmap_index = 7230, .adv_w = 214, .box_w = 11, .box_h = 15, .ofs_x = 1, .ofs_y = -7},
    {.bitmap_index = 7251, .adv_w = 153, .box_w = 8, .box_h = 17, .ofs_x = 0, .ofs_y = 0},
    {.bitmap_index = 7268, .adv_w = 153, .box_w = 8, .box_h = 13, .ofs_x = 0, .ofs_y = -3},
    {.bitmap_index = 7281, .adv_w = 110, .box_w = 7, .box_h = 18, .ofs_x = 0, .ofs_y = -5},
    {.bitmap_index = 7297, .adv_w = 110, .box_w = 6, .box_h = 13, .ofs_x = 0, .ofs_y = -7},
    {.bitmap_index = 7307, .adv_w = 110, .box_w = 6, .box_h = 15, .ofs_x = 0, .ofs_y = -9},
    {.bitmap_index = 7319, .adv_w = 110, .box_w = 6, .box_h = 13, .ofs_x = 0, .ofs_y = -8},
    {.bitmap_index = 7329, .adv_w = 110, .box_w = 7, .box_h = 17, .ofs_x = 0, .ofs_y = -5},
    {.bitmap_index = 7344, .adv_w = 378, .box_w = 22, .box_h = 16, .ofs_x = 1, .ofs_y = -5},
    {.bitmap_index = 7388, .adv_w = 198, .box_w = 11, .box_h = 23, .ofs_x = 1, .ofs_y = -7},
    {.bitmap_index = 7420, .adv_w = 277, .box_w = 16, .box_h = 10, .ofs_x = 1, .ofs_y = 0},
    {.bitmap_index = 7440, .adv_w = 277, .box_w = 16, .box_h = 16, .ofs_x = 1, .ofs_y = 0},
    {.bitmap_index = 7472, .adv_w = 280, .box_w = 16, .box_h = 14, .ofs_x = 1, .ofs_y = 0},
    {.bitmap_index = 7500, .adv_w = 314, .box_w = 18, .box_h = 11, .ofs_x = 1, .ofs_y = 0},
    {.bitmap_index = 7525, .adv_w = 280, .box_w = 16, .box_h = 14, .ofs_x = 1, .ofs_y = 0},
    {.bitmap_index = 7553, .adv_w = 282, .box_w = 15, .box_h = 14, .ofs_x = 1, .ofs_y = 0},
    {.bitmap_index = 7580, .adv_w = 282, .box_w = 15, .box_h = 16, .ofs_x = 1, .ofs_y = 0},
    {.bitmap_index = 7610, .adv_w = 280, .box_w = 16, .box_h = 16, .ofs_x = 1, .ofs_y = 0},
    {.bitmap_index = 7642, .adv_w = 205, .box_w = 11, .box_h = 18, .ofs_x = 1, .ofs_y = -5},
    {.bitmap_index = 7667, .adv_w = 217, .box_w = 12, .box_h = 11, .ofs_x = 1, .ofs_y = -4},
    {.bitmap_index = 7684, .adv_w = 217, .box_w = 12, .box_h = 16, .ofs_x = 1, .ofs_y = -7},
    {.bitmap_index = 7708, .adv_w = 217, .box_w = 12, .box_h = 16, .ofs_x = 1, .ofs_y = -4},
    {.bitmap_index = 7732, .adv_w = 241, .box_w = 13, .box_h = 10, .ofs_x = 1, .ofs_y = 0},
    {.bitmap_index = 7749, .adv_w = 149, .box_w = 8, .box_h = 16, .ofs_x = 1, .ofs_y = 0},
    {.bitmap_index = 7765, .adv_w = 149, .box_w = 8, .box_h = 9, .ofs_x = 1, .ofs_y = 0},
    {.bitmap_index = 7774, .adv_w = 149, .box_w = 8, .box_h = 15, .ofs_x = 1, .ofs_y = 0},
    {.bitmap_index = 7789, .adv_w = 149, .box_w = 8, .box_h = 13, .ofs_x = 1, .ofs_y = 0},
    {.bitmap_index = 7802, .adv_w = 142, .box_w = 7, .box_h = 17, .ofs_x = 1, .ofs_y = -5},
    {.bitmap_index = 7817, .adv_w = 142, .box_w = 7, .box_h = 18, .ofs_x = 1, .ofs_y = -5},
    {.bitmap_index = 7833, .adv_w = 142, .box_w = 7, .box_h = 17, .ofs_x = 1, .ofs_y = -5},
    {.bitmap_index = 7848, .adv_w = 142, .box_w = 7, .box_h = 17, .ofs_x = 1, .ofs_y = -5},
    {.bitmap_index = 7863, .adv_w = 142, .box_w = 7, .box_h = 16, .ofs_x = 1, .ofs_y = -5},
    {.bitmap_index = 7877, .adv_w = 142, .box_w = 7, .box_h = 19, .ofs_x = 1, .ofs_y = -5},
    {.bitmap_index = 7894, .adv_w = 226, .box_w = 12, .box_h = 12, .ofs_x = 1, .ofs_y = -5},
    {.bitmap_index = 7912, .adv_w = 252, .box_w = 14, .box_h = 12, .ofs_x = 1, .ofs_y = -5},
    {.bitmap_index = 7933, .adv_w = 226, .box_w = 12, .box_h = 15, .ofs_x = 1, .ofs_y = -5},
    {.bitmap_index = 7956, .adv_w = 142, .box_w = 7, .box_h = 17, .ofs_x = 1, .ofs_y = -5},
    {.bitmap_index = 7971, .adv_w = 226, .box_w = 12, .box_h = 18, .ofs_x = 1, .ofs_y = -11},
    {.bitmap_index = 7998, .adv_w = 284, .box_w = 16, .box_h = 9, .ofs_x = 1, .ofs_y = 0},
    {.bitmap_index = 8016, .adv_w = 284, .box_w = 16, .box_h = 15, .ofs_x = 1, .ofs_y = 0},
    {.bitmap_index = 8046, .adv_w = 96, .box_w = 4, .box_h = 2, .ofs_x = 1, .ofs_y = 0},
    {.bitmap_index = 8047, .adv_w = 149, .box_w = 8, .box_h = 9, .ofs_x = 1, .ofs_y = 0},
    {.bitmap_index = 8056, .adv_w = 0, .box_w = 11, .box_h = 7, .ofs_x = -2, .ofs_y = 10},
    {.bitmap_index = 8066, .adv_w = 386, .box_w = 22, .box_h = 22, .ofs_x = 1, .ofs_y = -5},
    {.bitmap_index = 8127, .adv_w = 315, .box_w = 19, .box_h = 19, .ofs_x = 1, .ofs_y = -4},
    {.bitmap_index = 8173, .adv_w = 187, .box_w = 9, .box_h = 14, .ofs_x = 1, .ofs_y = -2},
    {.bitmap_index = 8189, .adv_w = 135, .box_w = 6, .box_h = 6, .ofs_x = 1, .ofs_y = 2},
    {.bitmap_index = 8194, .adv_w = 92, .box_w = 4, .box_h = 13, .ofs_x = 1, .ofs_y = 0},
    {.bitmap_index = 8201, .adv_w = 168, .box_w = 9, .box_h = 13, .ofs_x = 1, .ofs_y = 0},
    {.bitmap_index = 8216, .adv_w = 211, .box_w = 12, .box_h = 13, .ofs_x = 1, .ofs_y = 0},
    {.bitmap_index = 8236, .adv_w = 183, .box_w = 10, .box_h = 13, .ofs_x = 1, .ofs_y = 0},
    {.bitmap_index = 8253, .adv_w = 189, .box_w = 10, .box_h = 13, .ofs_x = 1, .ofs_y = 0},
    {.bitmap_index = 8270, .adv_w = 156, .box_w = 8, .box_h = 13, .ofs_x = 1, .ofs_y = 0},
    {.bitmap_index = 8283, .adv_w = 188, .box_w = 10, .box_h = 13, .ofs_x = 1, .ofs_y = 0},
    {.bitmap_index = 8300, .adv_w = 188, .box_w = 10, .box_h = 13, .ofs_x = 1, .ofs_y = 0},
    {.bitmap_index = 8317, .adv_w = 154, .box_w = 7, .box_h = 13, .ofs_x = 1, .ofs_y = 0},
    {.bitmap_index = 8329, .adv_w = 280, .box_w = 16, .box_h = 16, .ofs_x = 1, .ofs_y = 0},
    {.bitmap_index = 8361, .adv_w = 280, .box_w = 16, .box_h = 19, .ofs_x = 1, .ofs_y = 0},
    {.bitmap_index = 8399, .adv_w = 163, .box_w = 1, .box_h = 1, .ofs_x = 0, .ofs_y = 0},
    {.bitmap_index = 8400, .adv_w = 326, .box_w = 1, .box_h = 1, .ofs_x = 0, .ofs_y = 0},
    {.bitmap_index = 8401, .adv_w = 163, .box_w = 1, .box_h = 1, .ofs_x = 0, .ofs_y = 0},
    {.bitmap_index = 8402, .adv_w = 326, .box_w = 1, .box_h = 1, .ofs_x = 0, .ofs_y = 0},
    {.bitmap_index = 8403, .adv_w = 109, .box_w = 1, .box_h = 1, .ofs_x = 0, .ofs_y = 0},
    {.bitmap_index = 8404, .adv_w = 82, .box_w = 1, .box_h = 1, .ofs_x = 0, .ofs_y = 0},
    {.bitmap_index = 8405, .adv_w = 54, .box_w = 1, .box_h = 1, .ofs_x = 0, .ofs_y = 0},
    {.bitmap_index = 8406, .adv_w = 180, .box_w = 1, .box_h = 1, .ofs_x = 0, .ofs_y = 0},
    {.bitmap_index = 8407, .adv_w = 88, .box_w = 1, .box_h = 1, .ofs_x = 0, .ofs_y = 0},
    {.bitmap_index = 8408, .adv_w = 65, .box_w = 1, .box_h = 1, .ofs_x = 0, .ofs_y = 0},
    {.bitmap_index = 8409, .adv_w = 33, .box_w = 1, .box_h = 1, .ofs_x = 0, .ofs_y = 0},
    {.bitmap_index = 8410, .adv_w = 0, .box_w = 1, .box_h = 1, .ofs_x = 0, .ofs_y = 0},
    {.bitmap_index = 8411, .adv_w = 0, .box_w = 1, .box_h = 1, .ofs_x = 0, .ofs_y = 0},
    {.bitmap_index = 8412, .adv_w = 0, .box_w = 1, .box_h = 1, .ofs_x = 0, .ofs_y = 0},
    {.bitmap_index = 8413, .adv_w = 0, .box_w = 1, .box_h = 1, .ofs_x = 0, .ofs_y = 0},
    {.bitmap_index = 8414, .adv_w = 0, .box_w = 1, .box_h = 1, .ofs_x = 0, .ofs_y = 0},
    {.bitmap_index = 8415, .adv_w = 88, .box_w = 7, .box_h = 1, .ofs_x = 1, .ofs_y = 5},
    {.bitmap_index = 8416, .adv_w = 88, .box_w = 7, .box_h = 1, .ofs_x = 1, .ofs_y = 5},
    {.bitmap_index = 8417, .adv_w = 160, .box_w = 7, .box_h = 1, .ofs_x = 1, .ofs_y = 5},
    {.bitmap_index = 8418, .adv_w = 210, .box_w = 10, .box_h = 1, .ofs_x = 1, .ofs_y = 5},
    {.bitmap_index = 8420, .adv_w = 250, .box_w = 13, .box_h = 1, .ofs_x = 1, .ofs_y = 5},
    {.bitmap_index = 8422, .adv_w = 250, .box_w = 13, .box_h = 1, .ofs_x = 1, .ofs_y = 5},
    {.bitmap_index = 8424, .adv_w = 146, .box_w = 9, .box_h = 4, .ofs_x = 1, .ofs_y = -4},
    {.bitmap_index = 8429, .adv_w = 64, .box_w = 3, .box_h = 5, .ofs_x = 1, .ofs_y = 11},
    {.bitmap_index = 8431, .adv_w = 64, .box_w = 3, .box_h = 5, .ofs_x = 0, .ofs_y = 10},
    {.bitmap_index = 8433, .adv_w = 64, .box_w = 3, .box_h = 5, .ofs_x = 0, .ofs_y = -3},
    {.bitmap_index = 8435, .adv_w = 64, .box_w = 3, .box_h = 5, .ofs_x = 1, .ofs_y = 10},
    {.bitmap_index = 8437, .adv_w = 113, .box_w = 6, .box_h = 5, .ofs_x = 1, .ofs_y = 11},
    {.bitmap_index = 8441, .adv_w = 114, .box_w = 6, .box_h = 5, .ofs_x = 1, .ofs_y = 10},
    {.bitmap_index = 8445, .adv_w = 110, .box_w = 6, .box_h = 5, .ofs_x = 0, .ofs_y = -3},
    {.bitmap_index = 8449, .adv_w = 177, .box_w = 10, .box_h = 15, .ofs_x = 1, .ofs_y = 0},
    {.bitmap_index = 8468, .adv_w = 183, .box_w = 10, .box_h = 19, .ofs_x = 1, .ofs_y = -4},
    {.bitmap_index = 8492, .adv_w = 108, .box_w = 4, .box_h = 4, .ofs_x = 1, .ofs_y = 5},
    {.bitmap_index = 8494, .adv_w = 151, .box_w = 7, .box_h = 1, .ofs_x = 1, .ofs_y = 0},
    {.bitmap_index = 8495, .adv_w = 214, .box_w = 11, .box_h = 1, .ofs_x = 1, .ofs_y = 0},
    {.bitmap_index = 8497, .adv_w = 60, .box_w = 2, .box_h = 1, .ofs_x = 1, .ofs_y = 6},
    {.bitmap_index = 8498, .adv_w = 0, .box_w = 1, .box_h = 1, .ofs_x = 0, .ofs_y = 0},
    {.bitmap_index = 8499, .adv_w = 0, .box_w = 1, .box_h = 1, .ofs_x = 0, .ofs_y = 0},
    {.bitmap_index = 8500, .adv_w = 0, .box_w = 1, .box_h = 1, .ofs_x = 0, .ofs_y = 0},
    {.bitmap_index = 8501, .adv_w = 0, .box_w = 1, .box_h = 1, .ofs_x = 0, .ofs_y = 0},
    {.bitmap_index = 8502, .adv_w = 0, .box_w = 1, .box_h = 1, .ofs_x = 0, .ofs_y = 0},
    {.bitmap_index = 8503, .adv_w = 20, .box_w = 1, .box_h = 1, .ofs_x = 0, .ofs_y = 0},
    {.bitmap_index = 8504, .adv_w = 307, .box_w = 18, .box_h = 15, .ofs_x = 1, .ofs_y = 0},
    {.bitmap_index = 8538, .adv_w = 56, .box_w = 2, .box_h = 5, .ofs_x = 1, .ofs_y = 10},
    {.bitmap_index = 8540, .adv_w = 103, .box_w = 4, .box_h = 5, .ofs_x = 1, .ofs_y = 10},
    {.bitmap_index = 8543, .adv_w = 96, .box_w = 4, .box_h = 8, .ofs_x = 1, .ofs_y = 2},
    {.bitmap_index = 8547, .adv_w = 96, .box_w = 4, .box_h = 8, .ofs_x = 1, .ofs_y = 2},
    {.bitmap_index = 8551, .adv_w = 165, .box_w = 7, .box_h = 14, .ofs_x = 1, .ofs_y = 0},
    {.bitmap_index = 8564, .adv_w = 145, .box_w = 8, .box_h = 12, .ofs_x = 1, .ofs_y = 1},
    {.bitmap_index = 8576, .adv_w = 117, .box_w = 6, .box_h = 7, .ofs_x = 1, .ofs_y = 7},
    {.bitmap_index = 8582, .adv_w = 135, .box_w = 6, .box_h = 7, .ofs_x = 1, .ofs_y = 7},
    {.bitmap_index = 8588, .adv_w = 177, .box_w = 11, .box_h = 15, .ofs_x = 0, .ofs_y = 0},
    {.bitmap_index = 8609, .adv_w = 186, .box_w = 10, .box_h = 15, .ofs_x = 1, .ofs_y = 0},
    {.bitmap_index = 8628, .adv_w = 253, .box_w = 15, .box_h = 15, .ofs_x = 1, .ofs_y = 0},
    {.bitmap_index = 8657, .adv_w = 263, .box_w = 13, .box_h = 15, .ofs_x = 2, .ofs_y = 0},
    {.bitmap_index = 8682, .adv_w = 338, .box_w = 19, .box_h = 15, .ofs_x = 2, .ofs_y = 0},
    {.bitmap_index = 8718, .adv_w = 237, .box_w = 14, .box_h = 15, .ofs_x = 1, .ofs_y = 0},
    {.bitmap_index = 8745, .adv_w = 247, .box_w = 13, .box_h = 11, .ofs_x = 1, .ofs_y = 0},
    {.bitmap_index = 8763, .adv_w = 185, .box_w = 11, .box_h = 18, .ofs_x = 1, .ofs_y = -3},
    {.bitmap_index = 8788, .adv_w = 180, .box_w = 9, .box_h = 15, .ofs_x = 1, .ofs_y = 0},
    {.bitmap_index = 8805, .adv_w = 234, .box_w = 14, .box_h = 15, .ofs_x = 1, .ofs_y = 0},
    {.bitmap_index = 8832, .adv_w = 165, .box_w = 10, .box_h = 14, .ofs_x = 0, .ofs_y = 0},
    {.bitmap_index = 8850, .adv_w = 178, .box_w = 11, .box_h = 15, .ofs_x = 0, .ofs_y = 0},
    {.bitmap_index = 8871, .adv_w = 211, .box_w = 12, .box_h = 11, .ofs_x = 1, .ofs_y = 0},
    {.bitmap_index = 8888, .adv_w = 212, .box_w = 12, .box_h = 15, .ofs_x = 1, .ofs_y = 0},
    {.bitmap_index = 8911, .adv_w = 236, .box_w = 12, .box_h = 14, .ofs_x = 1, .ofs_y = 0},
    {.bitmap_index = 8932, .adv_w = 152, .box_w = 8, .box_h = 15, .ofs_x = 1, .ofs_y = 0},
    {.bitmap_index = 8947, .adv_w = 329, .box_w = 18, .box_h = 14, .ofs_x = 1, .ofs_y = 0},
    {.bitmap_index = 8979, .adv_w = 200, .box_w = 10, .box_h = 5, .ofs_x = 1, .ofs_y = 9},
    {.bitmap_index = 8986, .adv_w = 213, .box_w = 11, .box_h = 14, .ofs_x = 1, .ofs_y = 0},
    {.bitmap_index = 9006, .adv_w = 204, .box_w = 10, .box_h = 11, .ofs_x = 2, .ofs_y = 0},
    {.bitmap_index = 9020, .adv_w = 246, .box_w = 13, .box_h = 14, .ofs_x = 1, .ofs_y = 0},
    {.bitmap_index = 9043, .adv_w = 274, .box_w = 15, .box_h = 15, .ofs_x = 1, .ofs_y = 0},
    {.bitmap_index = 9072, .adv_w = 272, .box_w = 15, .box_h = 15, .ofs_x = 1, .ofs_y = 0},
    {.bitmap_index = 9101, .adv_w = 257, .box_w = 14, .box_h = 15, .ofs_x = 1, .ofs_y = 0},
    {.bitmap_index = 9128, .adv_w = 183, .box_w = 10, .box_h = 15, .ofs_x = 1, .ofs_y = 0},
    {.bitmap_index = 9147, .adv_w = 226, .box_w = 14, .box_h = 14, .ofs_x = 0, .ofs_y = 0},
    {.bitmap_index = 9172, .adv_w = 154, .box_w = 6, .box_h = 8, .ofs_x = 2, .ofs_y = 0},
    {.bitmap_index = 9178, .adv_w = 222, .box_w = 11, .box_h = 16, .ofs_x = 2, .ofs_y = -2},
    {.bitmap_index = 9200, .adv_w = 187, .box_w = 11, .box_h = 16, .ofs_x = 1, .ofs_y = -2},
    {.bitmap_index = 9222, .adv_w = 149, .box_w = 7, .box_h = 1, .ofs_x = 1, .ofs_y = 5},
    {.bitmap_index = 9223, .adv_w = 132, .box_w = 8, .box_h = 15, .ofs_x = 0, .ofs_y = -1},
    {.bitmap_index = 9238, .adv_w = 191, .box_w = 11, .box_h = 14, .ofs_x = 1, .ofs_y = 0},
    {.bitmap_index = 9258, .adv_w = 329, .box_w = 19, .box_h = 11, .ofs_x = 1, .ofs_y = 0},
    {.bitmap_index = 9285, .adv_w = 82, .box_w = 7, .box_h = 19, .ofs_x = 0, .ofs_y = -4},
    {.bitmap_index = 9302, .adv_w = 180, .box_w = 9, .box_h = 6, .ofs_x = 1, .ofs_y = 3},
    {.bitmap_index = 9309, .adv_w = 176, .box_w = 8, .box_h = 10, .ofs_x = 2, .ofs_y = 2},
    {.bitmap_index = 9319, .adv_w = 163, .box_w = 8, .box_h = 10, .ofs_x = 1, .ofs_y = 0},
    {.bitmap_index = 9329, .adv_w = 167, .box_w = 8, .box_h = 10, .ofs_x = 1, .ofs_y = 0},
    {.bitmap_index = 9339, .adv_w = 161, .box_w = 10, .box_h = 14, .ofs_x = 0, .ofs_y = 0},
    {.bitmap_index = 9357, .adv_w = 195, .box_w = 10, .box_h = 10, .ofs_x = 1, .ofs_y = 0},
    {.bitmap_index = 9370, .adv_w = 177, .box_w = 9, .box_h = 15, .ofs_x = 1, .ofs_y = 0},
    {.bitmap_index = 9387, .adv_w = 182, .box_w = 9, .box_h = 15, .ofs_x = 1, .ofs_y = 0},
    {.bitmap_index = 9404, .adv_w = 273, .box_w = 15, .box_h = 15, .ofs_x = 1, .ofs_y = 0},
    {.bitmap_index = 9433, .adv_w = 273, .box_w = 15, .box_h = 15, .ofs_x = 1, .ofs_y = 0},
    {.bitmap_index = 9462, .adv_w = 74, .box_w = 6, .box_h = 17, .ofs_x = -1, .ofs_y = 0},
    {.bitmap_index = 9475, .adv_w = 84, .box_w = 6, .box_h = 17, .ofs_x = -1, .ofs_y = 0},
    {.bitmap_index = 9488, .adv_w = 280, .box_w = 16, .box_h = 13, .ofs_x = 1, .ofs_y = -6},
    {.bitmap_index = 9514, .adv_w = 297, .box_w = 18, .box_h = 13, .ofs_x = 1, .ofs_y = -6},
    {.bitmap_index = 9544, .adv_w = 100, .box_w = 7, .box_h = 13, .ofs_x = -1, .ofs_y = -6},
    {.bitmap_index = 9556, .adv_w = 116, .box_w = 9, .box_h = 12, .ofs_x = -1, .ofs_y = -6},
    {.bitmap_index = 9570, .adv_w = 280, .box_w = 16, .box_h = 13, .ofs_x = 1, .ofs_y = 0},
    {.bitmap_index = 9596, .adv_w = 297, .box_w = 18, .box_h = 13, .ofs_x = 1, .ofs_y = 0},
    {.bitmap_index = 9626, .adv_w = 94, .box_w = 7, .box_h = 15, .ofs_x = -1, .ofs_y = 0},
    {.bitmap_index = 9640, .adv_w = 108, .box_w = 7, .box_h = 13, .ofs_x = 0, .ofs_y = 0},
    {.bitmap_index = 9652, .adv_w = 277, .box_w = 16, .box_h = 16, .ofs_x = 1, .ofs_y = 0},
    {.bitmap_index = 9684, .adv_w = 297, .box_w = 18, .box_h = 14, .ofs_x = 1, .ofs_y = 0},
    {.bitmap_index = 9716, .adv_w = 146, .box_w = 9, .box_h = 16, .ofs_x = -1, .ofs_y = 0},
    {.bitmap_index = 9734, .adv_w = 159, .box_w = 10, .box_h = 14, .ofs_x = 0, .ofs_y = 0},
    {.bitmap_index = 9752, .adv_w = 214, .box_w = 11, .box_h = 15, .ofs_x = 1, .ofs_y = -7},
    {.bitmap_index = 9773, .adv_w = 220, .box_w = 13, .box_h = 16, .ofs_x = 1, .ofs_y = -7},
    {.bitmap_index = 9799, .adv_w = 214, .box_w = 13, .box_h = 14, .ofs_x = 0, .ofs_y = -6},
    {.bitmap_index = 9822, .adv_w = 218, .box_w = 14, .box_h = 14, .ofs_x = 0, .ofs_y = -6},
    {.bitmap_index = 9847, .adv_w = 153, .box_w = 8, .box_h = 17, .ofs_x = 0, .ofs_y = 0},
    {.bitmap_index = 9864, .adv_w = 170, .box_w = 10, .box_h = 17, .ofs_x = 1, .ofs_y = 0},
    {.bitmap_index = 9886, .adv_w = 110, .box_w = 7, .box_h = 17, .ofs_x = 0, .ofs_y = -5},
    {.bitmap_index = 9901, .adv_w = 124, .box_w = 8, .box_h = 17, .ofs_x = 0, .ofs_y = -5},
    {.bitmap_index = 9918, .adv_w = 110, .box_w = 7, .box_h = 18, .ofs_x = 0, .ofs_y = -5},
    {.bitmap_index = 9934, .adv_w = 124, .box_w = 8, .box_h = 18, .ofs_x = 0, .ofs_y = -5},
    {.bitmap_index = 9952, .adv_w = 280, .box_w = 16, .box_h = 14, .ofs_x = 1, .ofs_y = 0},
    {.bitmap_index = 9980, .adv_w = 301, .box_w = 18, .box_h = 14, .ofs_x = 1, .ofs_y = 0},
    {.bitmap_index = 10012, .adv_w = 142, .box_w = 9, .box_h = 14, .ofs_x = 0, .ofs_y = 0},
    {.bitmap_index = 10028, .adv_w = 163, .box_w = 11, .box_h = 14, .ofs_x = 0, .ofs_y = 0},
    {.bitmap_index = 10048, .adv_w = 280, .box_w = 16, .box_h = 16, .ofs_x = 1, .ofs_y = 0},
    {.bitmap_index = 10080, .adv_w = 301, .box_w = 18, .box_h = 16, .ofs_x = 1, .ofs_y = 0},
    {.bitmap_index = 10116, .adv_w = 142, .box_w = 8, .box_h = 16, .ofs_x = 0, .ofs_y = 0},
    {.bitmap_index = 10132, .adv_w = 163, .box_w = 11, .box_h = 16, .ofs_x = 0, .ofs_y = 0},
    {.bitmap_index = 10154, .adv_w = 217, .box_w = 12, .box_h = 11, .ofs_x = 1, .ofs_y = -4},
    {.bitmap_index = 10171, .adv_w = 231, .box_w = 14, .box_h = 11, .ofs_x = 1, .ofs_y = -5},
    {.bitmap_index = 10191, .adv_w = 166, .box_w = 10, .box_h = 17, .ofs_x = 1, .ofs_y = 0},
    {.bitmap_index = 10213, .adv_w = 150, .box_w = 9, .box_h = 6, .ofs_x = 1, .ofs_y = 0},
    {.bitmap_index = 10220, .adv_w = 91, .box_w = 5, .box_h = 13, .ofs_x = -1, .ofs_y = -6},
    {.bitmap_index = 10229, .adv_w = 159, .box_w = 11, .box_h = 9, .ofs_x = -1, .ofs_y = -5},
    {.bitmap_index = 10242, .adv_w = 241, .box_w = 13, .box_h = 10, .ofs_x = 1, .ofs_y = 0},
    {.bitmap_index = 10259, .adv_w = 179, .box_w = 12, .box_h = 13, .ofs_x = 0, .ofs_y = -5},
    {.bitmap_index = 10279, .adv_w = 222, .box_w = 13, .box_h = 10, .ofs_x = 0, .ofs_y = 0},
    {.bitmap_index = 10296, .adv_w = 159, .box_w = 11, .box_h = 13, .ofs_x = 0, .ofs_y = -5},
    {.bitmap_index = 10314, .adv_w = 284, .box_w = 16, .box_h = 9, .ofs_x = 1, .ofs_y = 0},
    {.bitmap_index = 10332, .adv_w = 258, .box_w = 16, .box_h = 7, .ofs_x = 1, .ofs_y = -5},
    {.bitmap_index = 10346, .adv_w = 284, .box_w = 16, .box_h = 15, .ofs_x = 1, .ofs_y = 0},
    {.bitmap_index = 10376, .adv_w = 257, .box_w = 16, .box_h = 13, .ofs_x = 1, .ofs_y = -5},
    {.bitmap_index = 10402, .adv_w = 89, .box_w = 4, .box_h = 4, .ofs_x = 1, .ofs_y = -5},
    {.bitmap_index = 10404, .adv_w = 127, .box_w = 6, .box_h = 6, .ofs_x = 1, .ofs_y = 14},
    {.bitmap_index = 10409, .adv_w = 282, .box_w = 15, .box_h = 16, .ofs_x = 1, .ofs_y = 0},
    {.bitmap_index = 10439, .adv_w = 291, .box_w = 18, .box_h = 16, .ofs_x = 1, .ofs_y = 0},
    {.bitmap_index = 10475, .adv_w = 142, .box_w = 9, .box_h = 19, .ofs_x = 0, .ofs_y = 0},
    {.bitmap_index = 10497, .adv_w = 163, .box_w = 11, .box_h = 19, .ofs_x = 0, .ofs_y = 0},
    {.bitmap_index = 10524, .adv_w = 142, .box_w = 7, .box_h = 18, .ofs_x = 1, .ofs_y = -5},
    {.bitmap_index = 10540, .adv_w = 142, .box_w = 8, .box_h = 18, .ofs_x = 1, .ofs_y = -5},
    {.bitmap_index = 10558, .adv_w = 142, .box_w = 7, .box_h = 17, .ofs_x = 1, .ofs_y = -5},
    {.bitmap_index = 10573, .adv_w = 142, .box_w = 8, .box_h = 17, .ofs_x = 1, .ofs_y = -5},
    {.bitmap_index = 10590, .adv_w = 142, .box_w = 7, .box_h = 17, .ofs_x = 1, .ofs_y = -5},
    {.bitmap_index = 10605, .adv_w = 142, .box_w = 8, .box_h = 17, .ofs_x = 1, .ofs_y = -5},
    {.bitmap_index = 10622, .adv_w = 142, .box_w = 7, .box_h = 19, .ofs_x = 1, .ofs_y = -5},
    {.bitmap_index = 10639, .adv_w = 142, .box_w = 8, .box_h = 19, .ofs_x = 1, .ofs_y = -5},
    {.bitmap_index = 10658, .adv_w = 142, .box_w = 7, .box_h = 17, .ofs_x = 1, .ofs_y = -5},
    {.bitmap_index = 10673, .adv_w = 142, .box_w = 8, .box_h = 17, .ofs_x = 1, .ofs_y = -5},
    {.bitmap_index = 10690, .adv_w = 91, .box_w = 5, .box_h = 7, .ofs_x = 0, .ofs_y = 0},
    {.bitmap_index = 10695, .adv_w = 108, .box_w = 7, .box_h = 6, .ofs_x = 0, .ofs_y = 0},
    {.bitmap_index = 10701, .adv_w = 226, .box_w = 12, .box_h = 12, .ofs_x = 1, .ofs_y = -5},
    {.bitmap_index = 10719, .adv_w = 208, .box_w = 12, .box_h = 9, .ofs_x = 1, .ofs_y = -5},
    {.bitmap_index = 10733, .adv_w = 100, .box_w = 7, .box_h = 11, .ofs_x = -1, .ofs_y = -4},
    {.bitmap_index = 10743, .adv_w = 116, .box_w = 9, .box_h = 10, .ofs_x = -1, .ofs_y = -4},
    {.bitmap_index = 10755, .adv_w = 137, .box_w = 7, .box_h = 21, .ofs_x = 1, .ofs_y = -5},
    {.bitmap_index = 10774, .adv_w = 137, .box_w = 7, .box_h = 21, .ofs_x = 0, .ofs_y = -5},
    {.bitmap_index = 10793, .adv_w = 403, .box_w = 23, .box_h = 18, .ofs_x = 1, .ofs_y = 0},
    {.bitmap_index = 10845, .adv_w = 471, .box_w = 28, .box_h = 19, .ofs_x = 1, .ofs_y = -6},
    {.bitmap_index = 10912, .adv_w = 93, .box_w = 4, .box_h = 4, .ofs_x = 1, .ofs_y = 10},
    {.bitmap_index = 10914, .adv_w = 95, .box_w = 6, .box_h = 14, .ofs_x = 0, .ofs_y = 0},
    {.bitmap_index = 10925, .adv_w = 116, .box_w = 6, .box_h = 6, .ofs_x = 1, .ofs_y = 7},
    {.bitmap_index = 10930, .adv_w = 108, .box_w = 6, .box_h = 5, .ofs_x = 1, .ofs_y = 0},
    {.bitmap_index = 10934, .adv_w = 93, .box_w = 4, .box_h = 5, .ofs_x = 1, .ofs_y = -6},
    {.bitmap_index = 10937, .adv_w = 93, .box_w = 4, .box_h = 2, .ofs_x = 1, .ofs_y = 10},
    {.bitmap_index = 10938, .adv_w = 95, .box_w = 6, .box_h = 13, .ofs_x = 0, .ofs_y = 0},
    {.bitmap_index = 10948, .adv_w = 93, .box_w = 4, .box_h = 5, .ofs_x = 1, .ofs_y = 8},
    {.bitmap_index = 10951, .adv_w = 95, .box_w = 6, .box_h = 13, .ofs_x = 0, .ofs_y = 0},
    {.bitmap_index = 10961, .adv_w = 93, .box_w = 4, .box_h = 3, .ofs_x = 1, .ofs_y = -4},
    {.bitmap_index = 10963, .adv_w = 95, .box_w = 6, .box_h = 6, .ofs_x = 0, .ofs_y = -4},
    {.bitmap_index = 10968, .adv_w = 93, .box_w = 5, .box_h = 3, .ofs_x = 1, .ofs_y = 8},
    {.bitmap_index = 10970, .adv_w = 95, .box_w = 6, .box_h = 12, .ofs_x = 0, .ofs_y = 0},
    {.bitmap_index = 10979, .adv_w = 93, .box_w = 4, .box_h = 4, .ofs_x = 1, .ofs_y = 8},
    {.bitmap_index = 10981, .adv_w = 95, .box_w = 6, .box_h = 12, .ofs_x = 0, .ofs_y = 0},
    {.bitmap_index = 10990, .adv_w = 130, .box_w = 7, .box_h = 8, .ofs_x = 0, .ofs_y = 0},
    {.bitmap_index = 10997, .adv_w = 74, .box_w = 8, .box_h = 15, .ofs_x = -2, .ofs_y = 0},
    {.bitmap_index = 11012, .adv_w = 84, .box_w = 7, .box_h = 15, .ofs_x = -1, .ofs_y = 0},
    {.bitmap_index = 11026, .adv_w = 74, .box_w = 4, .box_h = 18, .ofs_x = 1, .ofs_y = 0},
    {.bitmap_index = 11035, .adv_w = 84, .box_w = 5, .box_h = 18, .ofs_x = 1, .ofs_y = 0},
    {.bitmap_index = 11047, .adv_w = 142, .box_w = 7, .box_h = 18, .ofs_x = 1, .ofs_y = -5},
    {.bitmap_index = 11063, .adv_w = 142, .box_w = 8, .box_h = 18, .ofs_x = 1, .ofs_y = -5},
    {.bitmap_index = 11081, .adv_w = 74, .box_w = 4, .box_h = 19, .ofs_x = 1, .ofs_y = -6},
    {.bitmap_index = 11091, .adv_w = 84, .box_w = 4, .box_h = 19, .ofs_x = 1, .ofs_y = -6},
    {.bitmap_index = 11101, .adv_w = 226, .box_w = 12, .box_h = 16, .ofs_x = 1, .ofs_y = -5},
    {.bitmap_index = 11125, .adv_w = 208, .box_w = 12, .box_h = 15, .ofs_x = 1, .ofs_y = -5},
    {.bitmap_index = 11148, .adv_w = 98, .box_w = 6, .box_h = 13, .ofs_x = -1, .ofs_y = 0},
    {.bitmap_index = 11158, .adv_w = 115, .box_w = 8, .box_h = 11, .ofs_x = 0, .ofs_y = 0},
    {.bitmap_index = 11169, .adv_w = 74, .box_w = 2, .box_h = 13, .ofs_x = 1, .ofs_y = 0},
    {.bitmap_index = 11173, .adv_w = 84, .box_w = 4, .box_h = 13, .ofs_x = 1, .ofs_y = 0},
    {.bitmap_index = 11180, .adv_w = 280, .box_w = 16, .box_h = 11, .ofs_x = 1, .ofs_y = -4},
    {.bitmap_index = 11202, .adv_w = 297, .box_w = 18, .box_h = 11, .ofs_x = 1, .ofs_y = -4},
    {.bitmap_index = 11227, .adv_w = 94, .box_w = 6, .box_h = 11, .ofs_x = -1, .ofs_y = -4},
    {.bitmap_index = 11236, .adv_w = 111, .box_w = 7, .box_h = 10, .ofs_x = 0, .ofs_y = -4},
    {.bitmap_index = 11245, .adv_w = 149, .box_w = 8, .box_h = 13, .ofs_x = 1, .ofs_y = 0},
    {.bitmap_index = 11258, .adv_w = 166, .box_w = 10, .box_h = 14, .ofs_x = 1, .ofs_y = 0},
    {.bitmap_index = 11276, .adv_w = 280, .box_w = 16, .box_h = 10, .ofs_x = 1, .ofs_y = 0},
    {.bitmap_index = 11296, .adv_w = 297, .box_w = 18, .box_h = 10, .ofs_x = 1, .ofs_y = 0},
    {.bitmap_index = 11319, .adv_w = 98, .box_w = 6, .box_h = 12, .ofs_x = -1, .ofs_y = 0},
    {.bitmap_index = 11328, .adv_w = 115, .box_w = 8, .box_h = 11, .ofs_x = 0, .ofs_y = 0},
    {.bitmap_index = 11339, .adv_w = 280, .box_w = 16, .box_h = 11, .ofs_x = 1, .ofs_y = 0},
    {.bitmap_index = 11361, .adv_w = 297, .box_w = 18, .box_h = 11, .ofs_x = 1, .ofs_y = 0},
    {.bitmap_index = 11386, .adv_w = 98, .box_w = 6, .box_h = 14, .ofs_x = -1, .ofs_y = 0},
    {.bitmap_index = 11397, .adv_w = 115, .box_w = 8, .box_h = 13, .ofs_x = 0, .ofs_y = 0},
    {.bitmap_index = 11410, .adv_w = 214, .box_w = 11, .box_h = 15, .ofs_x = 1, .ofs_y = -7},
    {.bitmap_index = 11431, .adv_w = 220, .box_w = 13, .box_h = 16, .ofs_x = 1, .ofs_y = -7},
    {.bitmap_index = 11457, .adv_w = 214, .box_w = 13, .box_h = 12, .ofs_x = 0, .ofs_y = -4},
    {.bitmap_index = 11477, .adv_w = 218, .box_w = 14, .box_h = 12, .ofs_x = 0, .ofs_y = -4},
    {.bitmap_index = 11498, .adv_w = 214, .box_w = 11, .box_h = 15, .ofs_x = 1, .ofs_y = -7},
    {.bitmap_index = 11519, .adv_w = 220, .box_w = 13, .box_h = 16, .ofs_x = 1, .ofs_y = -7},
    {.bitmap_index = 11545, .adv_w = 214, .box_w = 13, .box_h = 8, .ofs_x = 0, .ofs_y = 0},
    {.bitmap_index = 11558, .adv_w = 218, .box_w = 14, .box_h = 8, .ofs_x = 0, .ofs_y = 0},
    {.bitmap_index = 11572, .adv_w = 214, .box_w = 11, .box_h = 19, .ofs_x = 1, .ofs_y = -7},
    {.bitmap_index = 11599, .adv_w = 220, .box_w = 13, .box_h = 20, .ofs_x = 1, .ofs_y = -7},
    {.bitmap_index = 11632, .adv_w = 214, .box_w = 13, .box_h = 12, .ofs_x = 0, .ofs_y = 0},
    {.bitmap_index = 11652, .adv_w = 218, .box_w = 14, .box_h = 12, .ofs_x = 0, .ofs_y = 0},
    {.bitmap_index = 11673, .adv_w = 153, .box_w = 8, .box_h = 10, .ofs_x = 1, .ofs_y = 0},
    {.bitmap_index = 11683, .adv_w = 170, .box_w = 10, .box_h = 10, .ofs_x = 1, .ofs_y = 0},
    {.bitmap_index = 11696, .adv_w = 153, .box_w = 8, .box_h = 14, .ofs_x = 1, .ofs_y = 0},
    {.bitmap_index = 11710, .adv_w = 170, .box_w = 10, .box_h = 14, .ofs_x = 1, .ofs_y = 0},
    {.bitmap_index = 11728, .adv_w = 110, .box_w = 6, .box_h = 10, .ofs_x = 0, .ofs_y = -5},
    {.bitmap_index = 11736, .adv_w = 124, .box_w = 8, .box_h = 11, .ofs_x = 0, .ofs_y = -5},
    {.bitmap_index = 11747, .adv_w = 110, .box_w = 6, .box_h = 15, .ofs_x = 0, .ofs_y = -5},
    {.bitmap_index = 11759, .adv_w = 124, .box_w = 8, .box_h = 15, .ofs_x = 0, .ofs_y = -5},
    {.bitmap_index = 11774, .adv_w = 378, .box_w = 22, .box_h = 12, .ofs_x = 1, .ofs_y = -5},
    {.bitmap_index = 11807, .adv_w = 396, .box_w = 24, .box_h = 11, .ofs_x = 1, .ofs_y = -5},
    {.bitmap_index = 11840, .adv_w = 252, .box_w = 16, .box_h = 7, .ofs_x = -1, .ofs_y = 0},
    {.bitmap_index = 11854, .adv_w = 270, .box_w = 17, .box_h = 6, .ofs_x = 0, .ofs_y = 0},
    {.bitmap_index = 11867, .adv_w = 378, .box_w = 22, .box_h = 18, .ofs_x = 1, .ofs_y = -5},
    {.bitmap_index = 11917, .adv_w = 396, .box_w = 24, .box_h = 18, .ofs_x = 1, .ofs_y = -5},
    {.bitmap_index = 11971, .adv_w = 252, .box_w = 16, .box_h = 13, .ofs_x = -1, .ofs_y = 0},
    {.bitmap_index = 11997, .adv_w = 270, .box_w = 17, .box_h = 13, .ofs_x = 0, .ofs_y = 0},
    {.bitmap_index = 12025, .adv_w = 399, .box_w = 23, .box_h = 13, .ofs_x = 1, .ofs_y = -5},
    {.bitmap_index = 12063, .adv_w = 407, .box_w = 25, .box_h = 13, .ofs_x = 1, .ofs_y = -5},
    {.bitmap_index = 12104, .adv_w = 268, .box_w = 16, .box_h = 8, .ofs_x = -1, .ofs_y = 0},
    {.bitmap_index = 12120, .adv_w = 275, .box_w = 18, .box_h = 8, .ofs_x = -1, .ofs_y = 0},
    {.bitmap_index = 12138, .adv_w = 399, .box_w = 23, .box_h = 18, .ofs_x = 1, .ofs_y = -5},
    {.bitmap_index = 12190, .adv_w = 407, .box_w = 25, .box_h = 18, .ofs_x = 1, .ofs_y = -5},
    {.bitmap_index = 12247, .adv_w = 268, .box_w = 16, .box_h = 13, .ofs_x = -1, .ofs_y = 0},
    {.bitmap_index = 12273, .adv_w = 275, .box_w = 18, .box_h = 13, .ofs_x = -1, .ofs_y = 0},
    {.bitmap_index = 12303, .adv_w = 237, .box_w = 13, .box_h = 13, .ofs_x = 1, .ofs_y = 0},
    {.bitmap_index = 12325, .adv_w = 244, .box_w = 15, .box_h = 13, .ofs_x = 1, .ofs_y = 0},
    {.bitmap_index = 12350, .adv_w = 208, .box_w = 13, .box_h = 13, .ofs_x = -1, .ofs_y = 0},
    {.bitmap_index = 12372, .adv_w = 216, .box_w = 14, .box_h = 13, .ofs_x = 0, .ofs_y = 0},
    {.bitmap_index = 12395, .adv_w = 237, .box_w = 13, .box_h = 13, .ofs_x = 1, .ofs_y = 0},
    {.bitmap_index = 12417, .adv_w = 244, .box_w = 15, .box_h = 13, .ofs_x = 1, .ofs_y = 0},
    {.bitmap_index = 12442, .adv_w = 208, .box_w = 13, .box_h = 13, .ofs_x = -1, .ofs_y = 0},
    {.bitmap_index = 12464, .adv_w = 216, .box_w = 14, .box_h = 13, .ofs_x = 0, .ofs_y = 0},
    {.bitmap_index = 12487, .adv_w = 198, .box_w = 11, .box_h = 17, .ofs_x = 1, .ofs_y = -7},
    {.bitmap_index = 12511, .adv_w = 192, .box_w = 11, .box_h = 16, .ofs_x = 1, .ofs_y = -7},
    {.bitmap_index = 12533, .adv_w = 167, .box_w = 10, .box_h = 9, .ofs_x = 0, .ofs_y = 0},
    {.bitmap_index = 12545, .adv_w = 183, .box_w = 12, .box_h = 8, .ofs_x = 0, .ofs_y = 0},
    {.bitmap_index = 12557, .adv_w = 198, .box_w = 11, .box_h = 21, .ofs_x = 1, .ofs_y = -7},
    {.bitmap_index = 12586, .adv_w = 192, .box_w = 11, .box_h = 21, .ofs_x = 1, .ofs_y = -7},
    {.bitmap_index = 12615, .adv_w = 167, .box_w = 10, .box_h = 14, .ofs_x = 0, .ofs_y = 0},
    {.bitmap_index = 12633, .adv_w = 183, .box_w = 12, .box_h = 13, .ofs_x = 0, .ofs_y = 0},
    {.bitmap_index = 12653, .adv_w = 277, .box_w = 16, .box_h = 14, .ofs_x = 1, .ofs_y = 0},
    {.bitmap_index = 12681, .adv_w = 297, .box_w = 18, .box_h = 12, .ofs_x = 1, .ofs_y = 0},
    {.bitmap_index = 12708, .adv_w = 146, .box_w = 9, .box_h = 14, .ofs_x = -1, .ofs_y = 0},
    {.bitmap_index = 12724, .adv_w = 159, .box_w = 10, .box_h = 12, .ofs_x = 0, .ofs_y = 0},
    {.bitmap_index = 12739, .adv_w = 222, .box_w = 12, .box_h = 16, .ofs_x = 1, .ofs_y = -4},
    {.bitmap_index = 12763, .adv_w = 220, .box_w = 13, .box_h = 16, .ofs_x = 1, .ofs_y = -5},
    {.bitmap_index = 12789, .adv_w = 146, .box_w = 9, .box_h = 14, .ofs_x = -1, .ofs_y = 0},
    {.bitmap_index = 12805, .adv_w = 159, .box_w = 10, .box_h = 12, .ofs_x = 0, .ofs_y = 0},
    {.bitmap_index = 12820, .adv_w = 282, .box_w = 15, .box_h = 13, .ofs_x = 1, .ofs_y = 0},
    {.bitmap_index = 12845, .adv_w = 291, .box_w = 18, .box_h = 13, .ofs_x = 1, .ofs_y = 0},
    {.bitmap_index = 12875, .adv_w = 142, .box_w = 9, .box_h = 14, .ofs_x = 0, .ofs_y = 0},
    {.bitmap_index = 12891, .adv_w = 163, .box_w = 11, .box_h = 14, .ofs_x = 0, .ofs_y = 0},
    {.bitmap_index = 12911, .adv_w = 205, .box_w = 11, .box_h = 18, .ofs_x = 1, .ofs_y = -5},
    {.bitmap_index = 12936, .adv_w = 214, .box_w = 13, .box_h = 18, .ofs_x = 1, .ofs_y = -5},
    {.bitmap_index = 12966, .adv_w = 92, .box_w = 5, .box_h = 13, .ofs_x = 0, .ofs_y = 0},
    {.bitmap_index = 12975, .adv_w = 102, .box_w = 7, .box_h = 13, .ofs_x = 0, .ofs_y = 0},
    {.bitmap_index = 12987, .adv_w = 190, .box_w = 10, .box_h = 13, .ofs_x = 1, .ofs_y = -6},
    {.bitmap_index = 13004, .adv_w = 203, .box_w = 12, .box_h = 13, .ofs_x = 1, .ofs_y = -6},
    {.bitmap_index = 13024, .adv_w = 171, .box_w = 10, .box_h = 7, .ofs_x = 0, .ofs_y = 0},
    {.bitmap_index = 13033, .adv_w = 183, .box_w = 12, .box_h = 7, .ofs_x = 0, .ofs_y = 0},
    {.bitmap_index = 13044, .adv_w = 217, .box_w = 12, .box_h = 13, .ofs_x = 1, .ofs_y = -4},
    {.bitmap_index = 13064, .adv_w = 231, .box_w = 14, .box_h = 13, .ofs_x = 1, .ofs_y = -5},
    {.bitmap_index = 13087, .adv_w = 91, .box_w = 5, .box_h = 12, .ofs_x = 0, .ofs_y = 0},
    {.bitmap_index = 13095, .adv_w = 108, .box_w = 7, .box_h = 11, .ofs_x = 0, .ofs_y = 0},
    {.bitmap_index = 13105, .adv_w = 149, .box_w = 8, .box_h = 9, .ofs_x = 1, .ofs_y = 0},
    {.bitmap_index = 13114, .adv_w = 166, .box_w = 10, .box_h = 9, .ofs_x = 1, .ofs_y = 0},
    {.bitmap_index = 13126, .adv_w = 222, .box_w = 13, .box_h = 10, .ofs_x = 0, .ofs_y = 0},
    {.bitmap_index = 13143, .adv_w = 159, .box_w = 11, .box_h = 13, .ofs_x = 0, .ofs_y = -5},
    {.bitmap_index = 13161, .adv_w = 142, .box_w = 7, .box_h = 12, .ofs_x = 1, .ofs_y = -5},
    {.bitmap_index = 13172, .adv_w = 142, .box_w = 8, .box_h = 12, .ofs_x = 1, .ofs_y = -5},
    {.bitmap_index = 13184, .adv_w = 226, .box_w = 12, .box_h = 12, .ofs_x = 1, .ofs_y = -5},
    {.bitmap_index = 13202, .adv_w = 208, .box_w = 12, .box_h = 9, .ofs_x = 1, .ofs_y = -5},
    {.bitmap_index = 13216, .adv_w = 226, .box_w = 12, .box_h = 16, .ofs_x = 1, .ofs_y = -9},
    {.bitmap_index = 13240, .adv_w = 208, .box_w = 12, .box_h = 13, .ofs_x = 1, .ofs_y = -9},
    {.bitmap_index = 13260, .adv_w = 100, .box_w = 7, .box_h = 11, .ofs_x = -1, .ofs_y = -4},
    {.bitmap_index = 13270, .adv_w = 116, .box_w = 9, .box_h = 10, .ofs_x = -1, .ofs_y = -4},
    {.bitmap_index = 13282, .adv_w = 182, .box_w = 10, .box_h = 16, .ofs_x = 0, .ofs_y = 0},
    {.bitmap_index = 13302, .adv_w = 193, .box_w = 12, .box_h = 16, .ofs_x = 0, .ofs_y = 0},
    {.bitmap_index = 13326, .adv_w = 182, .box_w = 10, .box_h = 18, .ofs_x = 1, .ofs_y = 0},
    {.bitmap_index = 13349, .adv_w = 193, .box_w = 12, .box_h = 18, .ofs_x = 1, .ofs_y = 0},
    {.bitmap_index = 13376, .adv_w = 182, .box_w = 9, .box_h = 19, .ofs_x = 1, .ofs_y = -6},
    {.bitmap_index = 13398, .adv_w = 193, .box_w = 11, .box_h = 19, .ofs_x = 1, .ofs_y = -6},
    {.bitmap_index = 13425, .adv_w = 182, .box_w = 9, .box_h = 13, .ofs_x = 1, .ofs_y = 0},
    {.bitmap_index = 13440, .adv_w = 193, .box_w = 11, .box_h = 13, .ofs_x = 1, .ofs_y = 0},
    {.bitmap_index = 13458, .adv_w = 0, .box_w = 1, .box_h = 1, .ofs_x = 0, .ofs_y = 0},
    {.bitmap_index = 13459, .adv_w = 328, .box_w = 19, .box_h = 18, .ofs_x = 1, .ofs_y = -4},
    {.bitmap_index = 13502, .adv_w = 328, .box_w = 18, .box_h = 26, .ofs_x = 1, .ofs_y = -5}
};

/*---------------------
 *  CHARACTER MAPPING
 *--------------------*/

static const uint16_t unicode_list_2[] = {
    0x0, 0x3, 0x11, 0x12, 0x20, 0x21, 0x61, 0x6b,
    0x6c, 0x6d, 0x6e, 0x6f, 0x70, 0x89, 0x8a, 0x8b,
    0x8c, 0xa8, 0xca, 0x12d, 0x137, 0x138, 0x13a, 0x149,
    0x14a, 0x14b, 0x14c, 0x14d, 0x14e, 0x164, 0x171, 0x172,
    0x174, 0x17a, 0x180, 0x194, 0x47d, 0x47e, 0x481, 0x482,
    0x483, 0x486, 0x48c, 0x490
};

static const uint8_t glyph_id_ofs_list_4[] = {
    0, 0, 0, 1, 2, 3, 4, 5,
    6, 7, 8, 9, 10, 11, 12, 13,
    14, 15, 16, 17, 18, 19, 20, 21,
    22, 23, 24, 25, 0, 26, 27
};

static const uint16_t unicode_list_6[] = {
    0x0, 0x5, 0x8, 0xa, 0xd, 0x11, 0x12, 0x14,
    0x15, 0x1d, 0x1f, 0x21, 0x22, 0x24, 0x26, 0x2c,
    0x2d, 0x30, 0x35, 0x36, 0x37, 0x38, 0x39, 0x3b,
    0x41, 0x46, 0x48, 0x49, 0x4a, 0x4c, 0x4d, 0x4e,
    0x4f, 0x52, 0x53, 0x54, 0x55, 0x56, 0x57, 0x58,
    0x59, 0x5a, 0x5b, 0x5c, 0x5e, 0x5f, 0x60, 0x61,
    0x68, 0x69, 0x6a, 0x75, 0x7c, 0x7d, 0x7e, 0x7f,
    0x80, 0x81, 0x82, 0x83, 0x84, 0x85, 0xee, 0xef
};

static const uint8_t glyph_id_ofs_list_8[] = {
    0, 1, 2, 3, 4, 5, 6, 7,
    0, 8, 9, 10, 0, 0, 11, 12,
    13, 0, 0, 14, 15, 16, 17, 18,
    19, 20, 0, 21, 22
};

static const uint16_t unicode_list_9[] = {
    0x0, 0x1, 0x3, 0xb, 0x3b, 0x46, 0x6a, 0x6b,
    0x6d, 0x6e, 0x6f, 0x70, 0x71, 0x72, 0x73, 0x78,
    0x80, 0x81, 0x83, 0x84, 0xcc, 0xda, 0xdd, 0xe9,
    0xed, 0xf5, 0x122, 0x123, 0x124, 0x125, 0x1c9, 0x1cd,
    0x1d5, 0x1d6, 0x1d8, 0x1d9, 0x1dc, 0x1e1, 0x1e5, 0x1f2,
    0x20f, 0x227, 0x22b, 0x22c, 0x591, 0x593, 0xdac8, 0xdac9,
    0xdaca, 0xdacb, 0xdb17, 0xdb18, 0xdb1d, 0xdb1e, 0xdb1f, 0xdb20,
    0xdb2d, 0xdb2e, 0xdb2f, 0xdb30, 0xdb31, 0xdb32, 0xdb33, 0xdb34,
    0xdb41, 0xdb42, 0xdb43, 0xdb44, 0xdb4f, 0xdb50, 0xdb51, 0xdb52,
    0xdb53, 0xdb54, 0xdb55, 0xdb56, 0xdb57, 0xdb58, 0xdb59, 0xdb5a,
    0xdb5b, 0xdb5c, 0xdb65, 0xdb66, 0xdb6c, 0xdb6e, 0xdb6f, 0xdb70,
    0xdb71, 0xdb72, 0xdb73, 0xdb74, 0xdb75, 0xdb76, 0xdb77, 0xdb78,
    0xdb86, 0xdb87, 0xdb9a, 0xdb9b, 0xdb9c, 0xdb9d, 0xdb9e, 0xdb9f,
    0xdba0, 0xdba1, 0xdba2, 0xdba3, 0xdba5, 0xdba6, 0xdba9, 0xdbaa,
    0xdbaf, 0xdbb0, 0xdbc3, 0xdbc4, 0xdbc5, 0xdbc6, 0xdd05, 0xdd06,
    0xddb9, 0xddc3, 0xde37, 0xde38, 0xde39, 0xde3a, 0xde3b
};

static const uint16_t unicode_list_11[] = {
    0x0, 0xfd, 0xfe
};

/*Collect the unicode lists and glyph_id offsets*/
static const lv_font_fmt_txt_cmap_t cmaps[] =
{
    {
        .range_start = 32, .range_length = 95, .glyph_id_start = 1,
        .unicode_list = NULL, .glyph_id_ofs_list = NULL, .list_length = 0, .type = LV_FONT_FMT_TXT_CMAP_FORMAT0_TINY
    },
    {
        .range_start = 160, .range_length = 224, .glyph_id_start = 96,
        .unicode_list = NULL, .glyph_id_ofs_list = NULL, .list_length = 0, .type = LV_FONT_FMT_TXT_CMAP_FORMAT0_TINY
    },
    {
        .range_start = 399, .range_length = 1169, .glyph_id_start = 320,
        .unicode_list = unicode_list_2, .glyph_id_ofs_list = NULL, .list_length = 44, .type = LV_FONT_FMT_TXT_CMAP_SPARSE_TINY
    },
    {
        .range_start = 1569, .range_length = 26, .glyph_id_start = 364,
        .unicode_list = NULL, .glyph_id_ofs_list = NULL, .list_length = 0, .type = LV_FONT_FMT_TXT_CMAP_FORMAT0_TINY
    },
    {
        .range_start = 1597, .range_length = 31, .glyph_id_start = 390,
        .unicode_list = NULL, .glyph_id_ofs_list = glyph_id_ofs_list_4, .list_length = 31, .type = LV_FONT_FMT_TXT_CMAP_FORMAT0_FULL
    },
    {
        .range_start = 1632, .range_length = 18, .glyph_id_start = 418,
        .unicode_list = NULL, .glyph_id_ofs_list = NULL, .list_length = 0, .type = LV_FONT_FMT_TXT_CMAP_FORMAT0_TINY
    },
    {
        .range_start = 1652, .range_length = 240, .glyph_id_start = 436,
        .unicode_list = unicode_list_6, .glyph_id_ofs_list = NULL, .list_length = 64, .type = LV_FONT_FMT_TXT_CMAP_SPARSE_TINY
    },
    {
        .range_start = 8192, .range_length = 22, .glyph_id_start = 500,
        .unicode_list = NULL, .glyph_id_ofs_list = NULL, .list_length = 0, .type = LV_FONT_FMT_TXT_CMAP_FORMAT0_TINY
    },
    {
        .range_start = 8215, .range_length = 29, .glyph_id_start = 522,
        .unicode_list = NULL, .glyph_id_ofs_list = glyph_id_ofs_list_8, .list_length = 29, .type = LV_FONT_FMT_TXT_CMAP_FORMAT0_FULL
    },
    {
        .range_start = 8249, .range_length = 56892, .glyph_id_start = 545,
        .unicode_list = unicode_list_9, .glyph_id_ofs_list = NULL, .list_length = 127, .type = LV_FONT_FMT_TXT_CMAP_SPARSE_TINY
    },
    {
        .range_start = 65142, .range_length = 135, .glyph_id_start = 672,
        .unicode_list = NULL, .glyph_id_ofs_list = NULL, .list_length = 0, .type = LV_FONT_FMT_TXT_CMAP_FORMAT0_TINY
    },
    {
        .range_start = 65279, .range_length = 255, .glyph_id_start = 807,
        .unicode_list = unicode_list_11, .glyph_id_ofs_list = NULL, .list_length = 3, .type = LV_FONT_FMT_TXT_CMAP_SPARSE_TINY
    }
};

/*-----------------
 *    KERNING
 *----------------*/


/*Map glyph_ids to kern left classes*/
static const uint8_t kern_left_class_mapping[] =
{
    0, 1, 0, 2, 0, 0, 0, 0,
    2, 3, 0, 0, 0, 4, 0, 4,
    5, 0, 0, 0, 0, 0, 0, 0,
    0, 0, 0, 0, 0, 0, 0, 0,
    0, 0, 6, 7, 8, 9, 10, 11,
    0, 12, 12, 13, 14, 15, 12, 12,
    9, 16, 17, 18, 0, 19, 13, 20,
    21, 22, 23, 24, 25, 0, 0, 0,
    0, 0, 26, 27, 28, 0, 29, 30,
    0, 31, 0, 0, 32, 0, 31, 31,
    33, 27, 0, 34, 0, 35, 0, 36,
    37, 38, 36, 39, 40, 0, 0, 0,
    0, 0, 0, 0, 0, 0, 0, 0,
    0, 0, 0, 0, 0, 0, 0, 0,
    0, 0, 0, 0, 0, 0, 0, 0,
    0, 0, 0, 0, 0, 0, 0, 0,
    6, 6, 6, 6, 6, 6, 0, 8,
    10, 10, 10, 10, 12, 12, 12, 12,
    9, 12, 9, 9, 9, 9, 9, 0,
    0, 13, 13, 13, 13, 23, 0, 0,
    26, 26, 26, 26, 26, 26, 0, 28,
    29, 29, 29, 29, 0, 0, 0, 0,
    0, 31, 33, 33, 33, 33, 33, 0,
    0, 0, 0, 0, 0, 36, 27, 36,
    6, 26, 6, 26, 6, 26, 8, 28,
    8, 28, 8, 28, 8, 28, 9, 0,
    9, 0, 10, 29, 10, 29, 10, 29,
    10, 29, 10, 29, 0, 0, 0, 0,
    0, 0, 0, 0, 12, 31, 0, 0,
    12, 0, 12, 0, 12, 0, 12, 0,
    12, 0, 0, 0, 13, 0, 14, 0,
    0, 15, 0, 15, 0, 15, 0, 15,
    0, 0, 0, 12, 31, 12, 31, 12,
    31, 31, 0, 0, 9, 33, 9, 33,
    9, 33, 0, 0, 0, 34, 0, 34,
    0, 34, 0, 0, 0, 0, 0, 0,
    0, 0, 19, 0, 19, 0, 19, 0,
    13, 0, 13, 0, 13, 0, 13, 0,
    13, 0, 13, 0, 21, 0, 23, 36,
    23, 24, 39, 24, 39, 24, 39, 0,
    9, 0, 0, 0, 0, 0, 0, 6,
    26, 0, 0, 0, 0, 0, 0, 19,
    0, 0, 41, 2, 0, 0, 0, 0,
    0, 0, 0, 0, 0, 0, 0, 0,
    0, 0, 0, 0, 0, 0, 0, 0,
    0, 0, 0, 0, 0, 0, 0, 0,
    0, 0, 0, 0, 0, 0, 0, 0,
    0, 0, 0, 0, 0, 0, 0, 0,
    0, 0, 0, 0, 0, 0, 0, 0,
    0, 0, 0, 0, 0, 0, 0, 0,
    0, 0, 0, 0, 0, 0, 0, 0,
    0, 0, 0, 0, 0, 0, 0, 0,
    0, 0, 0, 0, 0, 0, 0, 0,
    0, 0, 0, 0, 0, 0, 0, 0,
    0, 0, 0, 0, 0, 0, 0, 0,
    0, 0, 0, 0, 0, 0, 0, 0,
    0, 0, 0, 0, 0, 0, 0, 0,
    0, 0, 0, 0, 0, 0, 0, 0,
    0, 0, 0, 0, 0, 0, 0, 0,
    0, 0, 0, 0, 0, 0, 0, 0,
    0, 0, 0, 0, 0, 0, 0, 0,
    0, 0, 0, 0, 0, 0, 0, 0,
    0, 0, 0, 0, 0, 0, 0, 0,
    0, 0, 0, 0, 0, 0, 0, 0,
    0, 0, 0, 0, 0, 0, 0, 0,
    0, 0, 0, 2, 42, 4, 2, 2,
    2, 4, 0, 0, 0, 4, 4, 0,
    0, 0, 0, 0, 0, 0, 0, 2,
    2, 0, 0, 0, 0, 0, 0, 0,
    0, 0, 0, 0, 0, 0, 0, 0,
    0, 0, 0, 0, 0, 0, 0, 0,
    0, 0, 0, 0, 0, 0, 0, 0,
    6, 0, 0, 0, 0, 0, 0, 0,
    0, 0, 0, 0, 0, 0, 0, 0,
    0, 0, 0, 0, 0, 0, 0, 0,
    0, 0, 0, 0, 0, 0, 0, 0,
    0, 0, 0, 0, 0, 0, 0, 0,
    0, 0, 0, 0, 0, 0, 0, 0,
    0, 0, 0, 0, 0, 0, 0, 0,
    0, 0, 0, 0, 0, 0, 0, 0,
    0, 0, 0, 0, 0, 0, 0, 0,
    0, 0, 0, 0, 0, 0, 0, 0,
    0, 0, 0, 0, 0, 0, 0, 0,
    0, 0, 0, 0, 0, 0, 0, 0,
    0, 0, 0, 0, 0, 0, 0, 0,
    0, 0, 0, 0, 0, 0, 0, 0,
    0, 0, 0, 0, 0, 0, 0, 0,
    0, 0, 0, 0, 0, 0, 0, 0,
    0, 0, 0, 0, 0, 0, 0, 0,
    0, 0, 0, 0, 0, 0, 0, 0,
    0, 0, 0, 0, 0, 0, 0, 0,
    0, 0, 0, 0, 0, 0, 0, 0,
    0, 0, 0, 0, 0, 0, 0, 0,
    0, 0, 0, 0, 0, 0, 0, 0,
    0, 0, 0, 0, 0, 0, 0, 0,
    0, 0, 0, 0, 0, 0, 0, 0,
    0, 0, 0, 0, 0, 0, 0, 0,
    0, 0, 0, 0, 0, 0, 0, 0,
    0, 0, 0, 0, 0, 0, 0, 0,
    0, 0, 0, 0, 0, 0, 0, 0,
    0, 0, 0, 0, 0, 0, 0, 0,
    0, 0
};

/*Map glyph_ids to kern right classes*/
static const uint8_t kern_right_class_mapping[] =
{
    0, 1, 0, 2, 0, 0, 0, 3,
    2, 0, 4, 5, 0, 6, 7, 6,
    8, 0, 0, 0, 0, 0, 0, 0,
    0, 0, 0, 0, 0, 0, 0, 0,
    9, 0, 10, 0, 11, 0, 0, 0,
    11, 0, 0, 12, 0, 0, 0, 0,
    11, 0, 11, 0, 13, 14, 15, 16,
    17, 18, 19, 20, 0, 0, 21, 0,
    0, 0, 22, 0, 23, 23, 23, 24,
    23, 25, 0, 0, 25, 25, 26, 26,
    27, 26, 23, 28, 29, 30, 31, 32,
    33, 34, 32, 35, 0, 0, 36, 0,
    0, 0, 0, 0, 0, 0, 0, 0,
    0, 0, 0, 37, 0, 7, 0, 0,
    0, 0, 0, 0, 0, 0, 0, 0,
    0, 0, 0, 38, 0, 0, 0, 0,
    10, 10, 10, 10, 10, 10, 39, 11,
    0, 0, 0, 0, 0, 0, 0, 0,
    0, 0, 11, 11, 11, 11, 11, 0,
    11, 15, 15, 15, 15, 19, 0, 0,
    22, 22, 22, 22, 22, 22, 40, 23,
    23, 23, 23, 23, 0, 0, 0, 0,
    0, 26, 27, 27, 27, 27, 27, 0,
    41, 31, 31, 31, 31, 32, 0, 32,
    10, 22, 10, 22, 10, 22, 11, 23,
    11, 23, 11, 23, 11, 23, 0, 23,
    0, 0, 0, 23, 0, 23, 0, 23,
    0, 23, 0, 23, 11, 23, 11, 23,
    11, 23, 11, 23, 0, 0, 0, 0,
    0, 0, 0, 0, 0, 0, 0, 0,
    0, 0, 0, 0, 12, 0, 0, 0,
    0, 0, 0, 0, 0, 0, 0, 0,
    0, 0, 0, 0, 26, 0, 26, 0,
    26, 26, 0, 0, 11, 27, 11, 27,
    11, 27, 11, 23, 0, 0, 0, 0,
    0, 0, 13, 29, 13, 29, 13, 29,
    13, 29, 14, 0, 14, 0, 0, 0,
    15, 31, 15, 31, 15, 31, 15, 31,
    15, 31, 15, 31, 17, 0, 19, 32,
    19, 20, 35, 20, 35, 20, 35, 0,
    0, 0, 11, 23, 42, 31, 0, 10,
    22, 0, 0, 11, 0, 13, 29, 14,
    0, 0, 0, 2, 0, 0, 0, 0,
    0, 0, 0, 0, 0, 0, 0, 0,
    0, 0, 0, 0, 0, 0, 0, 0,
    0, 0, 0, 0, 0, 0, 0, 0,
    0, 0, 0, 0, 0, 0, 0, 0,
    0, 0, 0, 0, 0, 0, 0, 0,
    0, 0, 0, 0, 0, 0, 0, 0,
    0, 0, 0, 0, 0, 0, 0, 0,
    0, 0, 0, 0, 0, 0, 0, 0,
    0, 0, 0, 0, 0, 0, 0, 0,
    0, 0, 0, 0, 0, 0, 0, 0,
    0, 0, 0, 0, 0, 0, 0, 0,
    0, 0, 0, 0, 0, 0, 0, 0,
    0, 0, 0, 0, 0, 0, 0, 0,
    0, 0, 0, 0, 0, 0, 0, 0,
    0, 0, 0, 0, 0, 0, 0, 0,
    0, 0, 0, 0, 0, 0, 0, 0,
    0, 0, 0, 0, 0, 0, 0, 0,
    0, 0, 0, 0, 0, 0, 0, 0,
    0, 0, 0, 0, 0, 0, 0, 0,
    0, 0, 0, 0, 0, 0, 0, 0,
    0, 0, 0, 0, 0, 0, 0, 0,
    0, 0, 0, 0, 0, 0, 0, 7,
    7, 7, 0, 2, 43, 6, 2, 2,
    2, 6, 0, 0, 44, 6, 6, 0,
    0, 0, 0, 0, 0, 0, 0, 2,
    2, 0, 0, 0, 0, 0, 0, 0,
    0, 0, 0, 0, 0, 0, 0, 0,
    0, 0, 0, 0, 0, 0, 0, 0,
    0, 0, 0, 0, 0, 0, 0, 0,
    10, 0, 0, 0, 0, 0, 0, 0,
    0, 0, 0, 0, 0, 0, 0, 0,
    0, 0, 0, 0, 0, 0, 0, 0,
    0, 0, 0, 0, 0, 0, 0, 0,
    0, 0, 0, 0, 0, 0, 0, 0,
    0, 0, 0, 0, 0, 0, 0, 0,
    0, 0, 0, 0, 0, 0, 0, 0,
    0, 0, 0, 0, 0, 0, 0, 0,
    0, 0, 0, 0, 0, 0, 0, 0,
    0, 0, 0, 0, 0, 0, 0, 0,
    0, 0, 0, 0, 0, 0, 0, 0,
    0, 0, 0, 0, 0, 0, 0, 0,
    0, 0, 0, 0, 0, 0, 0, 0,
    0, 0, 0, 0, 0, 0, 0, 0,
    0, 0, 0, 0, 0, 0, 0, 0,
    0, 0, 0, 0, 0, 0, 0, 0,
    0, 0, 0, 0, 0, 0, 0, 0,
    0, 0, 0, 0, 0, 0, 0, 0,
    0, 0, 0, 0, 0, 0, 0, 0,
    0, 0, 0, 0, 0, 0, 0, 0,
    0, 0, 0, 0, 0, 0, 0, 0,
    0, 0, 0, 0, 0, 0, 0, 0,
    0, 0, 0, 0, 0, 0, 0, 0,
    0, 0, 0, 0, 0, 0, 0, 0,
    0, 0, 0, 0, 0, 0, 0, 0,
    0, 0, 0, 0, 0, 0, 0, 0,
    0, 0, 0, 0, 0, 0, 0, 0,
    0, 0, 0, 0, 0, 0, 0, 0,
    0, 0, 0, 0, 0, 0, 0, 0,
    0, 0
};

/*Kern values between classes*/
static const int8_t kern_class_values[] =
{
    0, 0, 0, 0, 0, 0, 0, 0,
    0, 0, 0, 0, 0, -6, 0, 0,
    0, 0, 0, 0, 0, 0, 0, 0,
    0, 0, 0, 0, 0, 0, 0, 0,
    0, 0, 0, 0, 0, 0, 0, 0,
    0, 0, 0, 0, 0, -17, 0, 0,
    0, 0, 0, 0, 0, -19, 0, 0,
    0, 0, 0, 0, 0, 0, 0, 0,
    0, -8, -9, 0, 0, -3, -10, 0,
    -12, 0, 0, 0, 2, 0, 0, 0,
    0, 0, 0, 0, 0, 0, -17, 0,
    0, 0, 0, 0, 0, 0, 0, 0,
    0, 0, 0, 0, 0, 0, 0, 3,
    3, 0, 3, 0, 0, 0, 0, 0,
    0, 0, 0, 0, 0, 0, 0, 0,
    0, 0, 0, 0, 0, 0, 0, 0,
    0, 0, 0, 0, 0, -27, 0, 0,
    0, 0, 0, 0, 0, 0, 0, 0,
    0, 0, 0, 0, 0, 0, 0, 0,
    0, 0, 0, 0, 0, 0, 0, 0,
    0, 0, 0, 0, 0, 0, 0, 0,
    0, 0, 0, 0, 0, 0, -27, 0,
    0, 0, 0, 0, 0, 0, 0, -35,
    0, 0, 0, 0, 0, 0, 0, 0,
    0, 0, 0, 0, 0, 0, 0, 0,
    0, 0, 0, 0, 0, 0, 0, 0,
    0, 0, 0, 0, 0, 0, 0, 0,
    0, 0, 0, 0, 0, -19, 0, 0,
    0, 0, 0, 0, -10, 0, -2, 0,
    0, -20, -3, -14, -11, 0, -15, 0,
    0, 0, 0, 0, 0, 0, -2, 0,
    0, -3, -2, -8, -5, 0, 2, 0,
    0, 0, 0, 0, 0, -3, -19, 0,
    0, 0, 0, 0, 0, 0, 0, 0,
    0, 0, 0, 0, 0, -4, 0, -4,
    0, 0, -9, 0, 0, 0, 0, 0,
    0, 0, 0, 0, 0, 0, 0, 0,
    0, 0, 0, 0, 0, 0, 0, 0,
    0, 0, 0, 0, 0, 0, 0, -4,
    0, 0, 0, 0, 0, 0, 0, 0,
    0, -5, 0, 0, 0, 0, 0, 0,
    -2, 0, 0, 0, 0, 0, 0, 0,
    0, 0, 0, 0, 0, 0, 0, -3,
    0, 0, 0, 0, 0, 0, 0, 0,
    0, 0, 0, 0, 0, -16, 0, 0,
    0, -3, 0, 0, 0, -4, 0, -3,
    0, -3, -7, -4, 0, 0, 0, 0,
    0, 0, 0, 0, 0, 0, 0, 0,
    0, 0, 0, 0, 0, 0, -5, 0,
    0, 0, 0, 0, 0, 0, 0, 0,
    0, 0, 0, 0, 0, 0, 0, 0,
    0, 3, 0, 0, 0, 0, 0, 0,
    0, 0, -3, -3, 0, 0, -3, 0,
    0, 0, -3, -4, -3, 0, 0, 0,
    0, 0, 0, 0, 0, 0, 0, 0,
    0, 0, 0, 0, 0, -37, 0, 0,
    0, -27, 0, -41, 0, 3, 0, 0,
    0, 0, 0, 0, 0, -5, -3, 0,
    0, 0, -3, -4, 0, 0, -3, -4,
    0, 0, 0, 0, 0, 0, 0, 0,
    0, 0, 0, 0, 0, 0, 0, 0,
    0, 0, 0, 0, 0, 3, 0, 0,
    0, -5, 0, 0, 0, 3, -4, 0,
    0, 0, 0, 0, 0, 0, 0, 0,
    0, 0, 0, 0, 0, 0, 0, 0,
    0, 0, 0, 0, 0, 0, 0, 0,
    0, 0, 0, 0, 0, 0, 0, 0,
    0, -3, 0, 0, 0, 0, 0, 0,
    0, 0, 0, 0, 0, 0, 0, 0,
    0, 0, 0, 0, 0, 0, 0, 0,
    0, 0, 0, 0, 0, 0, 0, 0,
    0, 0, 0, 0, 0, 0, 0, 0,
    0, 0, -10, 0, 0, 0, -5, 0,
    0, 0, 0, 0, 0, 0, 0, 0,
    0, 0, -4, 0, 0, -4, -4, 0,
    0, 0, -4, -6, -10, 0, 0, 0,
    0, 0, 0, 0, 0, 0, 0, 0,
    0, 0, 0, 0, 0, 0, 0, 0,
    0, 3, -10, 0, 0, -43, -8, -27,
    -22, 0, -37, 0, 0, 0, 0, 0,
    0, 0, 0, 0, 0, 0, -7, -21,
    -14, 0, 0, 0, 0, 0, 0, 0,
    0, 0, 0, 0, 0, 0, 0, 0,
    0, -51, 0, 0, 0, -22, 0, -31,
    0, 0, 0, 0, 0, -5, 0, -4,
    0, -2, -2, 0, 0, 0, -2, 0,
    0, 2, 0, 2, 0, 0, 0, 0,
    0, 0, -15, 0, 0, 0, 0, 0,
    0, 0, 0, 0, 0, 0, 0, 0,
    0, 0, 0, 0, 0, -7, 0, -4,
    -3, 0, -5, 0, 0, 0, 0, 0,
    0, 0, 0, 0, 0, 0, 0, 0,
    0, 0, 0, 0, 0, 0, 0, 0,
    0, 0, 0, 0, 0, 0, 0, 0,
    0, 0, 0, 0, 0, 0, 0, 0,
    0, -12, 0, -3, 0, 0, -7, 0,
    0, 0, 0, 0, 0, 0, 0, 0,
    0, 0, 0, 0, 0, 0, 0, 0,
    0, 0, 0, 0, 0, 0, 0, 0,
    -6, 0, 0, 0, 0, -34, -36, 0,
    0, -12, -4, -37, -2, 3, 0, 3,
    2, 0, 3, 0, 0, -18, -15, 0,
    0, -17, -15, -12, -18, 0, -15, -11,
    -9, -12, -9, 0, -51, -34, -28, -18,
    -15, 0, 0, 0, 0, 0, 0, 3,
    0, -35, -6, 0, 0, -12, -2, 0,
    0, 0, 0, 0, 0, 0, 0, 0,
    3, -7, -7, 0, 0, 0, -7, -5,
    0, 0, -4, -2, 0, 0, 0, 3,
    0, 0, 0, 0, 0, 0, 0, 0,
    0, 0, 0, 2, 0, -19, -9, 0,
    0, -7, 0, 0, 0, 2, 0, 0,
    0, 0, 0, 0, 2, -5, -5, 0,
    0, 0, -5, -3, 0, 0, -3, 0,
    0, 0, 0, 2, 0, 0, 0, 0,
    0, 0, 0, 0, 0, 0, 0, 0,
    0, 0, -7, 0, 0, 0, -4, 0,
    0, 0, 0, 2, 0, 0, 0, 0,
    0, 0, -4, 0, 0, 0, -3, 0,
    0, 0, -3, -5, 0, 0, 0, 0,
    0, 0, 0, 0, 0, 0, 0, 0,
    0, 0, -5, 3, -8, -33, -8, 0,
    0, -15, -5, -15, -2, 3, -15, 3,
    3, 2, 3, 0, 3, -11, -10, -3,
    0, -6, -10, -6, -9, -3, -6, -3,
    0, -4, -5, 3, -13, -8, -15, -10,
    -10, 0, 0, -7, 0, 0, 0, 0,
    0, 0, 0, 0, 0, 2, -4, 0,
    0, 0, 0, 0, 0, 0, 0, 0,
    0, 0, -3, 0, 0, 0, -3, 0,
    0, 0, -3, -4, -4, 0, 0, 0,
    0, 0, 0, 0, 0, 0, 0, 0,
    0, 0, 0, 0, 0, 0, 0, 0,
    0, 0, 0, -3, 0, 0, -3, 0,
    0, 0, 0, 0, 0, 0, 0, 0,
    0, 0, 0, 0, 0, 0, 0, 0,
    0, 0, 0, 0, 0, 0, 0, 0,
    0, 0, 0, 0, 0, -10, 0, 0,
    0, 0, 0, 0, 0, 0, 0, 0,
    0, 0, 0, 0, 0, 0, 0, 0,
    0, 0, 0, 0, 0, 0, 0, 0,
    0, 0, 0, -2, 0, 0, 0, 0,
    0, 0, 0, 0, 0, 0, -10, 0,
    0, -5, 0, 0, 0, 0, 0, 0,
    0, 0, 0, 0, 0, 0, 0, 0,
    0, 0, 0, 0, 0, 0, 0, 0,
    0, 0, 0, 0, 0, 0, 0, -2,
    0, -2, -2, 0, 0, 0, 0, 0,
    0, 0, -5, 0, 0, -2, 0, 0,
    0, 0, 0, 0, 0, 0, 0, 0,
    0, 0, 0, 0, 0, 0, 0, 0,
    0, 0, 0, 0, 0, 0, 0, 0,
    0, 0, 0, 0, 0, 0, 0, 0,
    0, 0, 0, 0, 0, 0, -2, 0,
    0, -2, 0, 0, 0, 0, 0, 0,
    0, 0, 0, 0, 0, 0, 0, 0,
    0, 0, 0, 0, 0, 0, 0, 0,
    0, 0, 0, 0, 0, 0, 0, -2,
    0, 0, 0, 0, 0, 0, 0, 0,
    0, 0, -12, 0, 0, 3, 0, 3,
    0, 0, 0, 0, 0, 0, 0, 0,
    0, 0, 0, 0, 0, 0, 0, 0,
    3, 0, -4, 0, 0, 0, 0, 0,
    0, 0, 0, 0, 0, 0, 0, 3,
    0, 0, 0, 0, 0, 0, 3, 0,
    0, -16, 0, 0, 0, 0, 0, 0,
    0, 0, 0, 0, 0, 0, 0, 0,
    0, 0, 0, 0, 0, 0, 0, 0,
    0, 0, 0, 0, 0, 0, 0, 0,
    0, 0, 0, 0, 0, 0, 0, 0,
    0, 0, -12, 0, 0, 0, 0, 0,
    0, 0, 0, 0, 0, 0, 0, 0,
    0, 0, 0, 0, 0, 0, 0, 0,
    0, 0, -3, 0, 0, 0, 0, 0,
    0, 0, 0, 0, 0, 0, 0, 0,
    0, 0, 0, 0, 0, 0, 0, 0,
    0, -21, 0, 0, 0, 0, 0, 0,
    0, 0, 0, 0, 0, 0, 0, 0,
    0, 0, 0, 0, 0, 0, 0, 0,
    0, 0, 0, 0, 0, 0, 0, -2,
    0, -3, -2, 0, 0, 0, 0, 0,
    0, 0, -12, 0, 0, 3, 0, 0,
    0, -19, 0, 0, 0, 0, 0, 0,
    0, 0, 0, 0, 0, 0, 0, 0,
    0, -6, -3, 2, 0, 0, -3, 0,
    0, 8, 0, 3, 3, 0, 0, 0,
    0, 0, 0, 0, 0, 0, 3, 0,
    0, 0, 0, 0, 0, 0, 0, 0,
    0, 0, 0, 0, 0, 0, 0, 0,
    0, 0, 0, 0, 0, 0, 0, 0,
    0, 0, -3, 0, 0, 0, 0, 0,
    0, 0, 0, 0, 0, 0, 0, 0,
    0, 0, 0, 0, 0, 2, 0, 0,
    0, -17, 0, 0, 0, 0, 0, 0,
    0, 0, 0, 0, 0, 0, 0, 0,
    0, -2, -2, 2, 0, 0, -2, 0,
    0, 0, 0, 0, 0, 0, 0, 0,
    0, 0, 0, 0, 0, 0, 2, 0,
    0, 0, 0, 0, 0, -19, 0, 0,
    0, 0, 0, 0, 0, 0, 0, 0,
    0, 0, 0, 0, 0, 0, 0, 0,
    0, 0, 0, 0, 0, 0, 0, 0,
    0, 0, 0, 0, 0, 0, 0, 0,
    0, 0, 0, 0, 0, 0, 0, 0,
    0, 0, 0, 0, 0, 0, 0, 0,
    0, 0, 0, 0, 0, 0, 0, 0,
    0, 0, -3, 0, 0, 0, -3, 0,
    0, 0, 0, 0, 0, 0, 0, 0,
    0, 0, 0, 0, 0, 0, 0, 0,
    0, 0, 0, 0, 0, 0, 0, 0,
    0, 0, 0, 0, 0, 0, 0, 0,
    0, 0, 0, 0, 0, 0, -2, 0,
    0, 0, -2, 0, 0, 0, 0, 0,
    0, 0, 0, 0, 0, 0, 0, 0,
    0, 0, 0, 0, 0, 0, 0, 0,
    0, 0, 0, 0, 0, 0, 0, -3,
    0, 0, -3, 0, 0, 0, 0, 0,
    0, 0, 0, 0, 0, 0, 0, 0,
    0, 0, 0, 0, 0, 0, 0, 0,
    0, 0, 0, 0, 0, 0, 0, 0,
    0, -2, 0, 0, 0, 0, 0, 0,
    0, 0, 0, 0, 0, 0, 0, 0,
    0, 0, 0, 0, 0, 0, 0, 0,
    0, 0, 0, 0, 0, 0, 0, -2,
    0, 0, 0, 0, 0, 0, 0, 0,
    0, 0, -2, 0, 0, -17, 0, 0,
    0, 0, 0, 0, 0, -19, 0, 0,
    0, 0, 0, 0, 0, 0, 0, 0,
    0, -8, -9, 0, 5, -3, -20, 0,
    -17, 0, 0, 0, 2, 0, 0, 0,
    0, 0, 0, 0, 0, 0, -17, 0
};


/*Collect the kern class' data in one place*/
static const lv_font_fmt_txt_kern_classes_t kern_classes =
{
    .class_pair_values   = kern_class_values,
    .left_class_mapping  = kern_left_class_mapping,
    .right_class_mapping = kern_right_class_mapping,
    .left_class_cnt      = 42,
    .right_class_cnt     = 44,
};

/*--------------------
 *  ALL CUSTOM DATA
 *--------------------*/

#if LVGL_VERSION_MAJOR == 8
/*Store all the custom data of the font*/
static  lv_font_fmt_txt_glyph_cache_t cache;
#endif

#if LVGL_VERSION_MAJOR >= 8
static const lv_font_fmt_txt_dsc_t font_dsc = {
#else
static lv_font_fmt_txt_dsc_t font_dsc = {
#endif
    .glyph_bitmap = glyph_bitmap,
    .glyph_dsc = glyph_dsc,
    .cmaps = cmaps,
    .kern_dsc = &kern_classes,
    .kern_scale = 16,
    .cmap_num = 12,
    .bpp = 1,
    .kern_classes = 1,
    .bitmap_format = 0,
#if LVGL_VERSION_MAJOR == 8
    .cache = &cache
#endif
};



/*-----------------
 *  PUBLIC FONT
 *----------------*/

/*Initialize a public general font descriptor*/
#if LVGL_VERSION_MAJOR >= 8
const lv_font_t ui_font_vazir20 = {
#else
lv_font_t ui_font_vazir20 = {
#endif
    .get_glyph_dsc = lv_font_get_glyph_dsc_fmt_txt,    /*Function pointer to get glyph's data*/
    .get_glyph_bitmap = lv_font_get_bitmap_fmt_txt,    /*Function pointer to get glyph's bitmap*/
    .line_height = 32,          /*The maximum line height required by the font*/
    .base_line = 11,             /*Baseline measured from the bottom of the line*/
#if !(LVGL_VERSION_MAJOR == 6 && LVGL_VERSION_MINOR == 0)
    .subpx = LV_FONT_SUBPX_NONE,
#endif
#if LV_VERSION_CHECK(7, 4, 0) || LVGL_VERSION_MAJOR >= 8
    .underline_position = -7,
    .underline_thickness = 1,
#endif
    .dsc = &font_dsc,          /*The custom font data. Will be accessed by `get_glyph_bitmap/dsc` */
#if LV_VERSION_CHECK(8, 2, 0) || LVGL_VERSION_MAJOR >= 9
    .fallback = NULL,
#endif
    .user_data = NULL,
};



#endif /*#if UI_FONT_VAZIR20*/

